Customer_ID,Gender,Age_Group,Customer_Segment,Loyalty_Member,City
1,Male,26-35,Regular,Yes,Hyderabad
2,Male,36-45,Business,No,Surat
3,Male,46-60,Regular,No,Bengaluru
4,Female,36-45,Regular,Yes,Lucknow
5,Female,26-35,Regular,No,Nagpur
6,Female,26-35,Premium,No,Pune
7,Female,36-45,Regular,No,Bhubaneswar
8,Male,26-35,Business,No,Kochi
9,Male,26-35,Regular,Yes,Chennai
10,Male,36-45,Regular,Yes,Nagpur
11,Male,26-35,Budget,No,Bhubaneswar
12,Female,18-25,Regular,Yes,Hyderabad
13,Female,36-45,Regular,Yes,Ahmedabad
14,Male,26-35,Budget,No,Indore
15,Female,26-35,Regular,Yes,Bhubaneswar
16,Female,36-45,Regular,No,Chennai
17,Male,26-35,Premium,Yes,Surat
18,Female,46-60,Business,Yes,Kochi
19,Male,18-25,Regular,No,Bhubaneswar
20,Male,26-35,Budget,Yes,Chandigarh
21,Male,26-35,Regular,Yes,Indore
22,Female,36-45,Budget,Yes,Indore
23,Male,46-60,Budget,No,Lucknow
24,Male,26-35,Budget,No,Surat
25,Male,18-25,Business,No,Chandigarh
26,Male,36-45,Regular,No,Indore
27,Male,18-25,Budget,Yes,Pune
28,Female,26-35,Premium,Yes,Chennai
29,Male,46-60,Regular,No,Hyderabad
30,Female,26-35,Budget,No,Lucknow
31,Male,26-35,Budget,No,Surat
32,Female,26-35,Regular,Yes,Ahmedabad
33,Male,46-60,Budget,Yes,Lucknow
34,Female,36-45,Premium,No,Chennai
35,Female,60+,Regular,No,Ahmedabad
36,Male,26-35,Regular,No,Jaipur
37,Male,36-45,Budget,No,Chennai
38,Female,26-35,Premium,Yes,Hyderabad
39,Female,18-25,Regular,Yes,Delhi
40,Male,26-35,Regular,Yes,Chandigarh
41,Male,46-60,Budget,No,Pune
42,Male,26-35,Business,Yes,Chandigarh
43,Male,46-60,Premium,Yes,Hyderabad
44,Male,18-25,Regular,Yes,Surat
45,Male,36-45,Regular,No,Mumbai
46,Female,36-45,Business,No,Lucknow
47,Female,26-35,Premium,No,Jaipur
48,Male,36-45,Business,Yes,Bhubaneswar
49,Female,46-60,Budget,No,Bengaluru
50,Male,26-35,Regular,Yes,Delhi
51,Male,18-25,Regular,No,Mumbai
52,Female,36-45,Regular,Yes,Hyderabad
53,Female,26-35,Budget,Yes,Chennai
54,Female,26-35,Budget,Yes,Indore
55,Female,26-35,Premium,Yes,Kochi
56,Male,46-60,Regular,No,Bengaluru
57,Female,46-60,Budget,Yes,Kochi
58,Male,26-35,Budget,No,Hyderabad
59,Female,46-60,Budget,No,Delhi
60,Male,26-35,Budget,No,Chennai
61,Female,26-35,Budget,Yes,Kochi
62,Female,26-35,Budget,No,Chandigarh
63,Female,18-25,Regular,No,Lucknow
64,Male,36-45,Regular,No,Mumbai
65,Female,26-35,Regular,Yes,Chandigarh
66,Female,46-60,Regular,No,Chandigarh
67,Male,46-60,Regular,No,Ahmedabad
68,Female,46-60,Premium,Yes,Chandigarh
69,Female,26-35,Budget,Yes,Mumbai
70,Female,26-35,Regular,No,Chennai
71,Female,26-35,Premium,No,Jaipur
72,Male,36-45,Premium,Yes,Bengaluru
73,Male,26-35,Regular,Yes,Kochi
74,Male,18-25,Budget,No,Mumbai
75,Male,26-35,Regular,No,Ahmedabad
76,Female,26-35,Budget,No,Bengaluru
77,Male,18-25,Regular,Yes,Hyderabad
78,Female,46-60,Budget,Yes,Surat
79,Female,26-35,Premium,No,Pune
80,Male,36-45,Business,No,Bengaluru
81,Female,26-35,Regular,No,Jaipur
82,Female,26-35,Regular,No,Chandigarh
83,Female,26-35,Budget,Yes,Bhubaneswar
84,Male,26-35,Budget,No,Chennai
85,Female,46-60,Regular,No,Jaipur
86,Female,36-45,Budget,No,Jaipur
87,Female,46-60,Budget,Yes,Bhubaneswar
88,Female,46-60,Regular,Yes,Ahmedabad
89,Male,26-35,Budget,Yes,Hyderabad
90,Female,26-35,Business,No,Bhubaneswar
91,Male,46-60,Regular,Yes,Kochi
92,Female,36-45,Budget,Yes,Bengaluru
93,Female,18-25,Regular,No,Chennai
94,Male,26-35,Business,Yes,Delhi
95,Male,18-25,Regular,No,Bengaluru
96,Female,46-60,Regular,Yes,Delhi
97,Male,26-35,Business,No,Jaipur
98,Female,46-60,Premium,Yes,Surat
99,Female,46-60,Regular,Yes,Mumbai
100,Male,26-35,Budget,No,Surat
101,Male,26-35,Budget,No,Jaipur
102,Male,26-35,Budget,No,Bhubaneswar
103,Male,36-45,Business,No,Chandigarh
104,Male,26-35,Regular,No,Delhi
105,Male,46-60,Budget,Yes,Chandigarh
106,Female,26-35,Business,Yes,Hyderabad
107,Female,46-60,Premium,No,Bengaluru
108,Female,36-45,Business,No,Delhi
109,Male,26-35,Regular,Yes,Bengaluru
110,Male,18-25,Regular,No,Chandigarh
111,Male,18-25,Budget,No,Chandigarh
112,Female,46-60,Budget,No,Hyderabad
113,Female,26-35,Regular,Yes,Jaipur
114,Female,36-45,Budget,Yes,Bengaluru
115,Male,26-35,Regular,Yes,Lucknow
116,Male,18-25,Regular,Yes,Pune
117,Female,26-35,Regular,No,Bengaluru
118,Male,46-60,Regular,Yes,Bhubaneswar
119,Male,26-35,Premium,No,Indore
120,Female,18-25,Regular,No,Mumbai
121,Female,26-35,Regular,No,Chandigarh
122,Male,18-25,Budget,Yes,Chandigarh
123,Male,26-35,Budget,Yes,Bengaluru
124,Female,36-45,Budget,No,Mumbai
125,Male,26-35,Regular,No,Lucknow
126,Male,36-45,Regular,Yes,Indore
127,Male,26-35,Premium,Yes,Nagpur
128,Female,46-60,Business,Yes,Kochi
129,Male,36-45,Premium,Yes,Delhi
130,Male,18-25,Budget,No,Surat
131,Male,36-45,Regular,Yes,Hyderabad
132,Male,36-45,Regular,No,Bengaluru
133,Female,46-60,Regular,No,Indore
134,Female,36-45,Premium,No,Bengaluru
135,Female,46-60,Business,Yes,Lucknow
136,Female,26-35,Business,Yes,Lucknow
137,Male,36-45,Regular,No,Chandigarh
138,Female,26-35,Regular,No,Hyderabad
139,Male,60+,Regular,Yes,Jaipur
140,Female,18-25,Budget,Yes,Indore
141,Female,46-60,Budget,Yes,Hyderabad
142,Male,18-25,Regular,No,Lucknow
143,Female,46-60,Regular,Yes,Jaipur
144,Male,36-45,Budget,No,Hyderabad
145,Female,46-60,Business,No,Indore
146,Male,36-45,Regular,No,Bengaluru
147,Female,18-25,Budget,No,Chennai
148,Female,26-35,Business,Yes,Delhi
149,Male,36-45,Budget,No,Surat
150,Male,26-35,Regular,Yes,Chandigarh
151,Male,18-25,Budget,No,Indore
152,Female,36-45,Regular,Yes,Chandigarh
153,Female,46-60,Regular,Yes,Indore
154,Male,26-35,Budget,Yes,Bengaluru
155,Male,36-45,Budget,No,Chennai
156,Male,36-45,Regular,No,Jaipur
157,Female,46-60,Regular,Yes,Kochi
158,Male,36-45,Regular,No,Pune
159,Female,36-45,Regular,Yes,Ahmedabad
160,Female,36-45,Premium,Yes,Delhi
161,Male,46-60,Regular,Yes,Bhubaneswar
162,Male,18-25,Budget,Yes,Hyderabad
163,Male,46-60,Budget,No,Delhi
164,Male,26-35,Budget,Yes,Surat
165,Male,26-35,Budget,Yes,Jaipur
166,Male,36-45,Premium,No,Lucknow
167,Male,26-35,Budget,No,Chandigarh
168,Female,18-25,Budget,No,Delhi
169,Female,36-45,Business,Yes,Chandigarh
170,Male,26-35,Regular,No,Nagpur
171,Female,26-35,Regular,Yes,Nagpur
172,Male,18-25,Budget,Yes,Kochi
173,Male,18-25,Business,No,Lucknow
174,Female,36-45,Regular,Yes,Nagpur
175,Female,26-35,Budget,Yes,Delhi
176,Female,46-60,Budget,Yes,Lucknow
177,Female,26-35,Business,No,Nagpur
178,Male,36-45,Premium,No,Pune
179,Male,26-35,Business,No,Lucknow
180,Female,26-35,Budget,No,Indore
181,Male,46-60,Budget,Yes,Bengaluru
182,Male,26-35,Regular,No,Chennai
183,Male,26-35,Business,Yes,Nagpur
184,Male,26-35,Regular,No,Lucknow
185,Female,46-60,Budget,Yes,Nagpur
186,Female,18-25,Business,Yes,Ahmedabad
187,Female,36-45,Budget,Yes,Hyderabad
188,Male,26-35,Budget,Yes,Indore
189,Female,36-45,Premium,Yes,Kochi
190,Female,18-25,Budget,Yes,Pune
191,Male,46-60,Budget,Yes,Hyderabad
192,Male,36-45,Budget,No,Ahmedabad
193,Female,46-60,Budget,No,Mumbai
194,Male,26-35,Regular,No,Jaipur
195,Female,36-45,Budget,No,Bhubaneswar
196,Male,26-35,Regular,No,Ahmedabad
197,Male,26-35,Regular,No,Jaipur
198,Female,26-35,Business,Yes,Ahmedabad
199,Female,26-35,Business,Yes,Chandigarh
200,Male,26-35,Premium,Yes,Chennai
201,Male,26-35,Business,No,Indore
202,Male,18-25,Regular,No,Chandigarh
203,Male,26-35,Business,No,Indore
204,Male,46-60,Regular,Yes,Pune
205,Male,36-45,Budget,No,Mumbai
206,Female,18-25,Budget,No,Mumbai
207,Male,26-35,Regular,No,Kochi
208,Female,36-45,Budget,Yes,Ahmedabad
209,Male,18-25,Premium,Yes,Chandigarh
210,Female,26-35,Budget,Yes,Kochi
211,Male,18-25,Budget,Yes,Bengaluru
212,Female,26-35,Budget,No,Bhubaneswar
213,Male,36-45,Regular,No,Delhi
214,Male,26-35,Regular,Yes,Jaipur
215,Male,18-25,Budget,No,Lucknow
216,Male,46-60,Budget,Yes,Bengaluru
217,Female,46-60,Regular,No,Chandigarh
218,Male,36-45,Budget,No,Delhi
219,Male,60+,Regular,No,Indore
220,Male,36-45,Regular,No,Kochi
221,Male,36-45,Regular,Yes,Pune
222,Male,18-25,Regular,Yes,Surat
223,Male,36-45,Budget,No,Surat
224,Male,26-35,Budget,No,Indore
225,Female,26-35,Regular,No,Kochi
226,Female,46-60,Budget,No,Surat
227,Female,26-35,Regular,No,Indore
228,Female,60+,Premium,Yes,Bengaluru
229,Male,36-45,Budget,No,Delhi
230,Female,18-25,Premium,No,Hyderabad
231,Male,36-45,Regular,No,Pune
232,Female,26-35,Budget,No,Kochi
233,Female,26-35,Budget,Yes,Lucknow
234,Male,18-25,Regular,No,Kochi
235,Female,46-60,Budget,No,Surat
236,Female,46-60,Budget,Yes,Chandigarh
237,Female,46-60,Premium,No,Lucknow
238,Female,36-45,Premium,Yes,Delhi
239,Female,18-25,Budget,No,Delhi
240,Female,36-45,Budget,Yes,Bengaluru
241,Male,36-45,Budget,No,Surat
242,Female,36-45,Premium,Yes,Surat
243,Male,26-35,Regular,No,Chennai
244,Female,18-25,Business,Yes,Surat
245,Male,26-35,Premium,No,Pune
246,Male,18-25,Premium,No,Delhi
247,Female,46-60,Regular,No,Nagpur
248,Male,26-35,Premium,Yes,Bengaluru
249,Male,18-25,Regular,No,Delhi
250,Male,26-35,Budget,No,Nagpur
251,Female,18-25,Budget,No,Nagpur
252,Female,26-35,Budget,No,Bhubaneswar
253,Female,36-45,Budget,Yes,Chennai
254,Male,60+,Budget,Yes,Chennai
255,Female,26-35,Regular,Yes,Lucknow
256,Female,36-45,Budget,No,Chennai
257,Female,26-35,Budget,No,Bengaluru
258,Male,18-25,Budget,No,Delhi
259,Female,36-45,Budget,Yes,Delhi
260,Male,60+,Budget,Yes,Chennai
261,Male,46-60,Premium,No,Bhubaneswar
262,Female,36-45,Regular,Yes,Nagpur
263,Male,18-25,Premium,No,Kochi
264,Female,18-25,Regular,No,Nagpur
265,Female,26-35,Regular,No,Nagpur
266,Female,26-35,Budget,Yes,Delhi
267,Male,26-35,Budget,Yes,Bengaluru
268,Female,36-45,Premium,No,Ahmedabad
269,Female,36-45,Premium,No,Mumbai
270,Female,26-35,Regular,No,Hyderabad
271,Female,46-60,Budget,No,Pune
272,Male,18-25,Regular,Yes,Ahmedabad
273,Female,18-25,Budget,No,Chandigarh
274,Female,18-25,Regular,No,Indore
275,Female,26-35,Budget,Yes,Ahmedabad
276,Male,46-60,Regular,Yes,Chandigarh
277,Male,36-45,Premium,No,Nagpur
278,Female,18-25,Regular,Yes,Jaipur
279,Female,46-60,Premium,Yes,Chandigarh
280,Female,60+,Regular,No,Nagpur
281,Female,46-60,Budget,No,Indore
282,Male,18-25,Budget,Yes,Surat
283,Female,46-60,Premium,Yes,Lucknow
284,Female,36-45,Regular,No,Hyderabad
285,Male,26-35,Regular,No,Ahmedabad
286,Female,46-60,Regular,No,Hyderabad
287,Male,18-25,Budget,No,Bengaluru
288,Female,36-45,Regular,Yes,Mumbai
289,Female,46-60,Budget,No,Bengaluru
290,Female,36-45,Premium,No,Nagpur
291,Female,26-35,Regular,No,Jaipur
292,Female,46-60,Budget,No,Hyderabad
293,Female,18-25,Regular,Yes,Hyderabad
294,Male,36-45,Regular,No,Delhi
295,Female,26-35,Budget,No,Kochi
296,Male,26-35,Regular,No,Mumbai
297,Female,36-45,Regular,No,Kochi
298,Female,26-35,Budget,No,Nagpur
299,Female,26-35,Regular,No,Nagpur
300,Female,36-45,Budget,Yes,Bhubaneswar
301,Male,36-45,Budget,No,Indore
302,Male,26-35,Business,No,Chandigarh
303,Female,26-35,Budget,Yes,Mumbai
304,Male,36-45,Budget,No,Indore
305,Male,36-45,Budget,No,Indore
306,Male,26-35,Premium,Yes,Pune
307,Male,60+,Regular,Yes,Bhubaneswar
308,Female,36-45,Business,Yes,Indore
309,Female,36-45,Premium,Yes,Ahmedabad
310,Female,18-25,Budget,No,Bengaluru
311,Male,26-35,Premium,Yes,Chennai
312,Male,26-35,Budget,No,Jaipur
313,Female,18-25,Regular,Yes,Kochi
314,Female,60+,Premium,Yes,Nagpur
315,Female,60+,Business,Yes,Chandigarh
316,Female,26-35,Regular,No,Ahmedabad
317,Female,26-35,Premium,Yes,Chennai
318,Male,26-35,Regular,No,Chandigarh
319,Male,36-45,Regular,Yes,Chandigarh
320,Male,36-45,Budget,Yes,Surat
321,Male,18-25,Budget,Yes,Pune
322,Male,60+,Budget,No,Indore
323,Male,46-60,Budget,No,Chandigarh
324,Male,46-60,Regular,No,Bengaluru
325,Male,36-45,Budget,Yes,Kochi
326,Female,26-35,Business,No,Nagpur
327,Female,26-35,Budget,No,Bhubaneswar
328,Male,26-35,Budget,No,Delhi
329,Female,18-25,Business,Yes,Jaipur
330,Female,26-35,Budget,No,Jaipur
331,Female,18-25,Budget,Yes,Chandigarh
332,Female,18-25,Budget,No,Mumbai
333,Male,36-45,Budget,No,Jaipur
334,Female,36-45,Budget,Yes,Chennai
335,Female,26-35,Regular,No,Lucknow
336,Male,26-35,Regular,No,Surat
337,Female,18-25,Regular,No,Delhi
338,Female,26-35,Business,Yes,Lucknow
339,Female,26-35,Business,No,Chandigarh
340,Female,36-45,Budget,No,Pune
341,Male,26-35,Regular,No,Bengaluru
342,Female,26-35,Premium,No,Ahmedabad
343,Male,18-25,Regular,No,Nagpur
344,Female,26-35,Regular,No,Delhi
345,Female,60+,Regular,Yes,Bhubaneswar
346,Male,26-35,Budget,Yes,Delhi
347,Female,46-60,Premium,No,Hyderabad
348,Male,46-60,Premium,Yes,Surat
349,Male,26-35,Regular,No,Delhi
350,Male,18-25,Regular,Yes,Nagpur
351,Male,26-35,Budget,Yes,Chandigarh
352,Male,18-25,Premium,Yes,Bengaluru
353,Male,26-35,Premium,Yes,Indore
354,Female,26-35,Premium,No,Bhubaneswar
355,Male,36-45,Regular,Yes,Chandigarh
356,Female,18-25,Budget,Yes,Indore
357,Male,26-35,Budget,Yes,Ahmedabad
358,Female,46-60,Regular,Yes,Nagpur
359,Male,18-25,Premium,Yes,Delhi
360,Female,26-35,Regular,No,Mumbai
361,Male,26-35,Premium,No,Bhubaneswar
362,Male,46-60,Budget,No,Chandigarh
363,Female,36-45,Regular,No,Indore
364,Female,26-35,Regular,No,Mumbai
365,Male,36-45,Budget,Yes,Lucknow
366,Male,26-35,Premium,No,Surat
367,Male,18-25,Regular,Yes,Chandigarh
368,Female,26-35,Regular,No,Bengaluru
369,Female,26-35,Regular,Yes,Bengaluru
370,Female,18-25,Budget,No,Ahmedabad
371,Male,46-60,Budget,No,Kochi
372,Male,36-45,Regular,Yes,Jaipur
373,Female,26-35,Regular,Yes,Indore
374,Female,46-60,Budget,Yes,Mumbai
375,Female,18-25,Premium,Yes,Ahmedabad
376,Female,18-25,Budget,No,Ahmedabad
377,Female,60+,Budget,No,Pune
378,Male,26-35,Budget,Yes,Hyderabad
379,Male,36-45,Premium,No,Mumbai
380,Male,36-45,Premium,No,Hyderabad
381,Female,46-60,Premium,Yes,Lucknow
382,Female,18-25,Regular,No,Hyderabad
383,Female,26-35,Regular,Yes,Ahmedabad
384,Male,46-60,Premium,No,Hyderabad
385,Male,60+,Budget,No,Nagpur
386,Female,26-35,Premium,Yes,Kochi
387,Female,26-35,Regular,Yes,Bhubaneswar
388,Female,46-60,Premium,No,Lucknow
389,Male,18-25,Regular,Yes,Bengaluru
390,Male,60+,Budget,No,Chandigarh
391,Female,18-25,Premium,No,Jaipur
392,Male,46-60,Regular,No,Surat
393,Male,26-35,Regular,No,Mumbai
394,Male,46-60,Budget,No,Bhubaneswar
395,Male,26-35,Regular,Yes,Mumbai
396,Male,26-35,Regular,No,Nagpur
397,Male,36-45,Regular,Yes,Jaipur
398,Male,18-25,Budget,No,Kochi
399,Female,36-45,Budget,Yes,Pune
400,Male,36-45,Regular,No,Bhubaneswar
401,Female,26-35,Budget,Yes,Bhubaneswar
402,Female,26-35,Budget,Yes,Ahmedabad
403,Female,26-35,Regular,Yes,Lucknow
404,Male,18-25,Premium,No,Pune
405,Male,26-35,Regular,Yes,Nagpur
406,Male,26-35,Budget,Yes,Mumbai
407,Male,26-35,Budget,No,Surat
408,Female,26-35,Regular,Yes,Chandigarh
409,Male,18-25,Regular,Yes,Kochi
410,Female,26-35,Budget,No,Bhubaneswar
411,Female,36-45,Regular,No,Pune
412,Female,26-35,Regular,No,Kochi
413,Female,26-35,Premium,Yes,Bengaluru
414,Male,18-25,Business,No,Pune
415,Male,36-45,Regular,Yes,Chennai
416,Male,18-25,Budget,Yes,Chennai
417,Male,26-35,Budget,Yes,Mumbai
418,Male,36-45,Budget,No,Pune
419,Male,26-35,Budget,Yes,Pune
420,Female,36-45,Business,Yes,Mumbai
421,Female,36-45,Business,Yes,Jaipur
422,Male,46-60,Regular,Yes,Chennai
423,Male,36-45,Business,Yes,Kochi
424,Male,26-35,Budget,No,Nagpur
425,Female,18-25,Regular,Yes,Ahmedabad
426,Male,46-60,Regular,Yes,Delhi
427,Female,36-45,Budget,Yes,Bhubaneswar
428,Female,26-35,Business,Yes,Mumbai
429,Female,26-35,Regular,Yes,Indore
430,Female,18-25,Premium,Yes,Kochi
431,Male,26-35,Regular,No,Pune
432,Female,26-35,Regular,No,Nagpur
433,Female,18-25,Regular,No,Bhubaneswar
434,Female,26-35,Regular,Yes,Indore
435,Female,18-25,Regular,Yes,Surat
436,Male,36-45,Regular,Yes,Ahmedabad
437,Male,18-25,Regular,No,Kochi
438,Female,46-60,Budget,No,Ahmedabad
439,Male,18-25,Regular,No,Chennai
440,Female,18-25,Budget,Yes,Delhi
441,Female,46-60,Premium,Yes,Chandigarh
442,Female,26-35,Budget,Yes,Chandigarh
443,Female,36-45,Regular,Yes,Mumbai
444,Male,26-35,Budget,No,Surat
445,Male,36-45,Regular,No,Kochi
446,Male,26-35,Budget,No,Bengaluru
447,Female,18-25,Budget,Yes,Delhi
448,Male,36-45,Regular,No,Chennai
449,Male,26-35,Premium,No,Bengaluru
450,Female,26-35,Budget,No,Surat
451,Female,46-60,Regular,Yes,Kochi
452,Female,26-35,Budget,Yes,Delhi
453,Male,26-35,Business,Yes,Nagpur
454,Male,26-35,Budget,No,Surat
455,Male,26-35,Budget,No,Nagpur
456,Female,46-60,Regular,Yes,Chennai
457,Male,36-45,Regular,No,Indore
458,Male,46-60,Regular,Yes,Delhi
459,Male,18-25,Regular,Yes,Bengaluru
460,Male,18-25,Regular,No,Mumbai
461,Male,18-25,Regular,Yes,Bhubaneswar
462,Female,18-25,Regular,No,Bhubaneswar
463,Male,36-45,Budget,Yes,Chennai
464,Male,18-25,Budget,No,Bhubaneswar
465,Female,46-60,Budget,Yes,Pune
466,Male,26-35,Regular,No,Pune
467,Male,26-35,Budget,No,Mumbai
468,Male,60+,Budget,Yes,Kochi
469,Female,26-35,Business,No,Mumbai
470,Male,18-25,Budget,No,Indore
471,Male,26-35,Business,Yes,Pune
472,Male,26-35,Business,Yes,Bhubaneswar
473,Male,18-25,Premium,No,Jaipur
474,Female,36-45,Budget,Yes,Jaipur
475,Female,60+,Regular,No,Surat
476,Female,46-60,Budget,Yes,Ahmedabad
477,Female,36-45,Budget,No,Pune
478,Male,18-25,Regular,No,Ahmedabad
479,Male,36-45,Regular,No,Ahmedabad
480,Male,26-35,Business,Yes,Nagpur
481,Male,46-60,Premium,Yes,Indore
482,Female,36-45,Regular,No,Kochi
483,Female,36-45,Regular,Yes,Bhubaneswar
484,Male,36-45,Business,No,Ahmedabad
485,Male,36-45,Budget,No,Mumbai
486,Male,26-35,Budget,No,Bengaluru
487,Female,18-25,Business,Yes,Delhi
488,Female,46-60,Regular,No,Indore
489,Female,26-35,Budget,No,Hyderabad
490,Male,60+,Premium,No,Bhubaneswar
491,Female,46-60,Business,Yes,Nagpur
492,Female,46-60,Regular,Yes,Jaipur
493,Female,26-35,Regular,Yes,Bengaluru
494,Female,26-35,Regular,No,Mumbai
495,Female,26-35,Budget,Yes,Surat
496,Female,26-35,Regular,Yes,Ahmedabad
497,Female,26-35,Regular,Yes,Delhi
498,Female,26-35,Regular,No,Kochi
499,Female,18-25,Budget,Yes,Ahmedabad
500,Male,46-60,Budget,No,Hyderabad
501,Male,18-25,Premium,Yes,Mumbai
502,Female,36-45,Budget,No,Pune
503,Female,36-45,Regular,Yes,Nagpur
504,Male,46-60,Regular,Yes,Pune
505,Female,26-35,Regular,Yes,Mumbai
506,Female,26-35,Regular,Yes,Bhubaneswar
507,Male,46-60,Budget,No,Ahmedabad
508,Female,60+,Budget,Yes,Lucknow
509,Male,36-45,Premium,No,Ahmedabad
510,Male,36-45,Budget,Yes,Indore
511,Male,36-45,Regular,Yes,Lucknow
512,Female,26-35,Regular,Yes,Chennai
513,Male,46-60,Budget,No,Ahmedabad
514,Female,26-35,Regular,No,Chandigarh
515,Female,46-60,Regular,No,Surat
516,Female,26-35,Regular,No,Kochi
517,Female,46-60,Budget,No,Hyderabad
518,Male,36-45,Budget,No,Ahmedabad
519,Male,26-35,Regular,No,Surat
520,Male,18-25,Budget,Yes,Indore
521,Female,36-45,Premium,Yes,Hyderabad
522,Male,18-25,Regular,No,Ahmedabad
523,Female,36-45,Budget,No,Bengaluru
524,Female,46-60,Regular,Yes,Bengaluru
525,Female,46-60,Premium,Yes,Delhi
526,Male,26-35,Business,No,Nagpur
527,Male,36-45,Regular,Yes,Surat
528,Female,26-35,Business,No,Lucknow
529,Female,26-35,Budget,Yes,Mumbai
530,Male,46-60,Regular,No,Indore
531,Female,26-35,Budget,Yes,Hyderabad
532,Female,36-45,Premium,Yes,Chennai
533,Male,60+,Budget,Yes,Mumbai
534,Female,36-45,Premium,Yes,Nagpur
535,Male,46-60,Budget,No,Surat
536,Male,26-35,Premium,Yes,Chandigarh
537,Female,46-60,Budget,No,Ahmedabad
538,Female,26-35,Budget,No,Chandigarh
539,Female,26-35,Business,No,Nagpur
540,Male,46-60,Premium,Yes,Nagpur
541,Female,46-60,Business,No,Bengaluru
542,Female,26-35,Premium,No,Chennai
543,Female,46-60,Business,Yes,Ahmedabad
544,Female,26-35,Budget,Yes,Surat
545,Female,26-35,Regular,No,Pune
546,Male,36-45,Premium,No,Delhi
547,Male,36-45,Regular,Yes,Bhubaneswar
548,Male,26-35,Regular,Yes,Pune
549,Female,46-60,Premium,No,Bhubaneswar
550,Male,26-35,Regular,No,Pune
551,Female,18-25,Regular,Yes,Chandigarh
552,Female,46-60,Regular,Yes,Ahmedabad
553,Male,46-60,Regular,Yes,Nagpur
554,Male,60+,Regular,Yes,Chandigarh
555,Male,26-35,Budget,No,Hyderabad
556,Female,18-25,Regular,Yes,Ahmedabad
557,Female,46-60,Budget,No,Indore
558,Male,26-35,Regular,No,Nagpur
559,Female,26-35,Budget,No,Hyderabad
560,Male,36-45,Regular,Yes,Jaipur
561,Female,18-25,Budget,No,Surat
562,Female,26-35,Budget,Yes,Bhubaneswar
563,Female,18-25,Business,Yes,Jaipur
564,Female,36-45,Budget,Yes,Jaipur
565,Female,18-25,Regular,Yes,Kochi
566,Male,26-35,Budget,Yes,Lucknow
567,Male,18-25,Business,No,Pune
568,Female,36-45,Regular,Yes,Lucknow
569,Male,26-35,Business,No,Bengaluru
570,Female,18-25,Regular,Yes,Lucknow
571,Female,18-25,Regular,Yes,Pune
572,Female,36-45,Business,No,Delhi
573,Female,36-45,Regular,No,Nagpur
574,Female,46-60,Business,No,Bhubaneswar
575,Male,36-45,Regular,No,Pune
576,Male,18-25,Regular,No,Nagpur
577,Female,18-25,Budget,Yes,Delhi
578,Female,18-25,Regular,No,Jaipur
579,Female,26-35,Business,No,Pune
580,Female,18-25,Regular,Yes,Surat
581,Female,36-45,Budget,No,Surat
582,Male,26-35,Regular,No,Chandigarh
583,Male,36-45,Budget,No,Indore
584,Female,36-45,Budget,Yes,Chandigarh
585,Male,46-60,Budget,Yes,Chandigarh
586,Female,26-35,Budget,No,Bengaluru
587,Male,36-45,Regular,Yes,Chennai
588,Male,26-35,Budget,No,Jaipur
589,Male,36-45,Premium,Yes,Delhi
590,Female,26-35,Business,Yes,Lucknow
591,Male,18-25,Business,No,Hyderabad
592,Female,36-45,Budget,No,Hyderabad
593,Female,36-45,Budget,Yes,Chandigarh
594,Male,26-35,Budget,No,Nagpur
595,Female,26-35,Premium,No,Mumbai
596,Female,18-25,Regular,No,Ahmedabad
597,Female,36-45,Premium,No,Ahmedabad
598,Female,36-45,Budget,Yes,Mumbai
599,Female,26-35,Regular,Yes,Chandigarh
600,Female,18-25,Regular,Yes,Chandigarh
601,Male,36-45,Regular,Yes,Bhubaneswar
602,Female,36-45,Premium,No,Chennai
603,Male,26-35,Budget,Yes,Lucknow
604,Female,26-35,Budget,No,Ahmedabad
605,Male,36-45,Budget,No,Indore
606,Female,18-25,Budget,Yes,Jaipur
607,Female,36-45,Premium,Yes,Ahmedabad
608,Male,26-35,Regular,Yes,Jaipur
609,Male,26-35,Regular,No,Mumbai
610,Male,36-45,Budget,Yes,Delhi
611,Female,26-35,Regular,No,Jaipur
612,Female,46-60,Business,Yes,Surat
613,Male,46-60,Budget,Yes,Mumbai
614,Male,26-35,Business,No,Kochi
615,Male,18-25,Regular,Yes,Bengaluru
616,Male,18-25,Regular,No,Bhubaneswar
617,Female,26-35,Budget,No,Nagpur
618,Female,36-45,Regular,Yes,Surat
619,Male,36-45,Regular,Yes,Surat
620,Female,36-45,Regular,Yes,Kochi
621,Male,26-35,Regular,No,Indore
622,Female,26-35,Regular,No,Jaipur
623,Female,36-45,Regular,Yes,Delhi
624,Female,18-25,Premium,Yes,Chennai
625,Female,18-25,Business,Yes,Indore
626,Female,26-35,Regular,No,Chennai
627,Female,18-25,Regular,No,Hyderabad
628,Female,46-60,Regular,Yes,Chennai
629,Female,46-60,Regular,Yes,Chandigarh
630,Male,36-45,Budget,Yes,Surat
631,Female,18-25,Budget,Yes,Bengaluru
632,Male,26-35,Business,No,Ahmedabad
633,Female,26-35,Business,Yes,Delhi
634,Male,46-60,Budget,No,Bengaluru
635,Male,36-45,Regular,No,Pune
636,Female,36-45,Budget,Yes,Jaipur
637,Male,46-60,Premium,Yes,Bhubaneswar
638,Male,46-60,Regular,No,Surat
639,Male,60+,Premium,No,Jaipur
640,Male,46-60,Regular,No,Bhubaneswar
641,Male,46-60,Regular,Yes,Delhi
642,Female,36-45,Regular,No,Nagpur
643,Female,26-35,Regular,Yes,Jaipur
644,Female,36-45,Budget,Yes,Bengaluru
645,Female,26-35,Budget,No,Delhi
646,Female,26-35,Budget,Yes,Bengaluru
647,Female,46-60,Budget,No,Chandigarh
648,Female,46-60,Premium,Yes,Bengaluru
649,Male,26-35,Regular,No,Surat
650,Male,18-25,Budget,No,Bhubaneswar
651,Female,18-25,Regular,No,Pune
652,Male,46-60,Budget,No,Bhubaneswar
653,Female,26-35,Business,No,Delhi
654,Female,36-45,Regular,No,Nagpur
655,Female,46-60,Business,Yes,Pune
656,Female,36-45,Business,No,Indore
657,Female,36-45,Regular,No,Nagpur
658,Male,46-60,Premium,No,Nagpur
659,Male,26-35,Budget,Yes,Mumbai
660,Female,26-35,Budget,Yes,Lucknow
661,Female,26-35,Regular,Yes,Bhubaneswar
662,Male,36-45,Budget,Yes,Bhubaneswar
663,Female,18-25,Regular,No,Surat
664,Female,36-45,Regular,Yes,Bhubaneswar
665,Male,26-35,Regular,No,Delhi
666,Male,36-45,Regular,No,Chennai
667,Male,46-60,Regular,Yes,Lucknow
668,Female,46-60,Regular,Yes,Pune
669,Male,26-35,Budget,Yes,Mumbai
670,Female,36-45,Budget,No,Jaipur
671,Female,36-45,Premium,No,Lucknow
672,Female,46-60,Regular,No,Jaipur
673,Female,18-25,Regular,No,Bengaluru
674,Male,26-35,Regular,No,Kochi
675,Female,46-60,Regular,No,Delhi
676,Male,26-35,Regular,Yes,Mumbai
677,Female,26-35,Budget,Yes,Chennai
678,Male,18-25,Budget,No,Pune
679,Female,46-60,Regular,No,Indore
680,Male,18-25,Budget,No,Hyderabad
681,Female,36-45,Budget,Yes,Pune
682,Female,26-35,Regular,Yes,Indore
683,Male,26-35,Premium,Yes,Kochi
684,Male,46-60,Premium,No,Jaipur
685,Female,26-35,Budget,No,Pune
686,Female,36-45,Regular,No,Nagpur
687,Male,36-45,Budget,Yes,Chandigarh
688,Male,36-45,Premium,Yes,Bhubaneswar
689,Male,60+,Budget,No,Mumbai
690,Male,18-25,Budget,No,Lucknow
691,Female,46-60,Regular,No,Nagpur
692,Female,18-25,Premium,No,Hyderabad
693,Male,26-35,Regular,Yes,Lucknow
694,Female,18-25,Budget,Yes,Nagpur
695,Male,60+,Budget,Yes,Lucknow
696,Female,36-45,Budget,Yes,Lucknow
697,Male,18-25,Budget,Yes,Bengaluru
698,Female,26-35,Budget,No,Pune
699,Female,26-35,Budget,No,Pune
700,Male,36-45,Premium,Yes,Surat
701,Female,46-60,Budget,No,Indore
702,Female,18-25,Budget,No,Chennai
703,Male,26-35,Regular,Yes,Delhi
704,Male,26-35,Regular,Yes,Indore
705,Male,46-60,Regular,No,Ahmedabad
706,Male,26-35,Regular,No,Bengaluru
707,Male,18-25,Business,No,Ahmedabad
708,Male,18-25,Business,No,Jaipur
709,Female,46-60,Business,Yes,Nagpur
710,Male,36-45,Business,No,Ahmedabad
711,Male,26-35,Budget,Yes,Lucknow
712,Female,46-60,Regular,No,Ahmedabad
713,Female,46-60,Regular,No,Hyderabad
714,Female,26-35,Regular,No,Pune
715,Female,60+,Business,Yes,Chandigarh
716,Male,36-45,Budget,No,Pune
717,Female,36-45,Business,No,Delhi
718,Male,46-60,Regular,No,Kochi
719,Female,36-45,Regular,No,Chandigarh
720,Female,26-35,Business,Yes,Pune
721,Male,18-25,Premium,No,Surat
722,Male,36-45,Business,Yes,Pune
723,Female,18-25,Budget,No,Bhubaneswar
724,Male,26-35,Regular,Yes,Surat
725,Female,46-60,Business,Yes,Jaipur
726,Female,18-25,Regular,Yes,Kochi
727,Male,36-45,Regular,No,Chennai
728,Male,18-25,Regular,No,Indore
729,Male,46-60,Regular,Yes,Bengaluru
730,Male,60+,Premium,Yes,Kochi
731,Female,18-25,Regular,No,Kochi
732,Male,46-60,Regular,No,Ahmedabad
733,Female,18-25,Regular,No,Pune
734,Male,46-60,Regular,Yes,Lucknow
735,Female,26-35,Budget,No,Hyderabad
736,Male,60+,Budget,Yes,Ahmedabad
737,Male,46-60,Business,Yes,Hyderabad
738,Male,18-25,Budget,Yes,Hyderabad
739,Female,46-60,Premium,No,Ahmedabad
740,Female,46-60,Budget,Yes,Hyderabad
741,Male,46-60,Budget,No,Surat
742,Female,36-45,Regular,Yes,Indore
743,Female,26-35,Business,No,Mumbai
744,Male,46-60,Regular,No,Surat
745,Female,18-25,Budget,No,Jaipur
746,Female,26-35,Budget,Yes,Chandigarh
747,Male,26-35,Premium,Yes,Indore
748,Male,26-35,Premium,No,Jaipur
749,Female,36-45,Premium,No,Chandigarh
750,Male,36-45,Budget,No,Mumbai
751,Female,26-35,Budget,No,Surat
752,Male,18-25,Regular,Yes,Jaipur
753,Female,26-35,Budget,Yes,Delhi
754,Male,18-25,Premium,Yes,Chandigarh
755,Male,26-35,Regular,Yes,Chennai
756,Male,26-35,Regular,Yes,Chandigarh
757,Male,46-60,Business,No,Hyderabad
758,Female,36-45,Budget,No,Pune
759,Female,36-45,Premium,No,Pune
760,Male,26-35,Budget,Yes,Ahmedabad
761,Male,26-35,Budget,Yes,Nagpur
762,Female,46-60,Budget,No,Hyderabad
763,Male,26-35,Budget,Yes,Ahmedabad
764,Male,26-35,Regular,No,Mumbai
765,Female,18-25,Regular,No,Hyderabad
766,Male,46-60,Budget,Yes,Delhi
767,Male,18-25,Budget,No,Kochi
768,Male,18-25,Budget,Yes,Delhi
769,Male,26-35,Budget,No,Chandigarh
770,Female,36-45,Budget,Yes,Hyderabad
771,Female,46-60,Business,No,Lucknow
772,Male,46-60,Budget,No,Mumbai
773,Female,36-45,Regular,No,Hyderabad
774,Male,46-60,Budget,Yes,Chandigarh
775,Male,36-45,Premium,Yes,Chennai
776,Female,26-35,Premium,No,Chennai
777,Male,18-25,Premium,No,Mumbai
778,Female,26-35,Premium,No,Ahmedabad
779,Female,36-45,Budget,No,Jaipur
780,Male,26-35,Regular,No,Jaipur
781,Female,26-35,Budget,No,Nagpur
782,Female,26-35,Premium,No,Ahmedabad
783,Female,26-35,Budget,Yes,Mumbai
784,Female,26-35,Regular,No,Hyderabad
785,Female,26-35,Regular,Yes,Jaipur
786,Female,36-45,Budget,Yes,Ahmedabad
787,Male,46-60,Business,Yes,Pune
788,Female,18-25,Budget,Yes,Nagpur
789,Female,26-35,Budget,No,Hyderabad
790,Male,36-45,Premium,No,Surat
791,Female,18-25,Business,No,Bengaluru
792,Female,46-60,Budget,Yes,Chennai
793,Female,36-45,Regular,No,Surat
794,Male,26-35,Business,No,Bhubaneswar
795,Female,36-45,Budget,Yes,Kochi
796,Male,26-35,Budget,Yes,Jaipur
797,Male,26-35,Regular,Yes,Kochi
798,Male,26-35,Premium,Yes,Indore
799,Female,26-35,Premium,Yes,Chandigarh
800,Female,26-35,Regular,No,Bhubaneswar
801,Male,18-25,Regular,Yes,Delhi
802,Female,60+,Regular,No,Pune
803,Female,18-25,Business,Yes,Hyderabad
804,Female,18-25,Budget,No,Mumbai
805,Female,18-25,Regular,Yes,Mumbai
806,Female,26-35,Budget,No,Hyderabad
807,Male,26-35,Regular,Yes,Chennai
808,Female,26-35,Budget,No,Delhi
809,Male,26-35,Budget,Yes,Mumbai
810,Male,26-35,Premium,Yes,Nagpur
811,Female,36-45,Regular,No,Surat
812,Male,18-25,Regular,No,Lucknow
813,Male,26-35,Regular,No,Bengaluru
814,Female,36-45,Regular,No,Nagpur
815,Female,26-35,Budget,No,Kochi
816,Male,26-35,Regular,Yes,Surat
817,Female,26-35,Premium,No,Bengaluru
818,Female,36-45,Budget,No,Chandigarh
819,Female,46-60,Budget,No,Delhi
820,Male,46-60,Budget,No,Lucknow
821,Female,18-25,Business,No,Ahmedabad
822,Female,26-35,Regular,No,Mumbai
823,Male,18-25,Budget,Yes,Chennai
824,Female,36-45,Regular,No,Kochi
825,Female,18-25,Budget,Yes,Surat
826,Female,26-35,Budget,No,Nagpur
827,Female,18-25,Budget,No,Mumbai
828,Male,36-45,Budget,Yes,Surat
829,Female,18-25,Budget,No,Bengaluru
830,Male,26-35,Premium,No,Chandigarh
831,Male,26-35,Budget,Yes,Bengaluru
832,Male,26-35,Premium,No,Delhi
833,Male,46-60,Regular,No,Chennai
834,Male,18-25,Budget,Yes,Bhubaneswar
835,Female,46-60,Regular,No,Delhi
836,Male,46-60,Regular,Yes,Chandigarh
837,Male,26-35,Regular,No,Surat
838,Male,36-45,Premium,Yes,Mumbai
839,Male,26-35,Regular,No,Nagpur
840,Female,36-45,Regular,Yes,Mumbai
841,Male,36-45,Regular,No,Delhi
842,Male,46-60,Regular,Yes,Chennai
843,Male,36-45,Budget,No,Ahmedabad
844,Male,26-35,Business,No,Bhubaneswar
845,Female,36-45,Regular,No,Mumbai
846,Female,60+,Regular,Yes,Bhubaneswar
847,Female,26-35,Regular,Yes,Chandigarh
848,Male,26-35,Regular,No,Chandigarh
849,Male,36-45,Premium,Yes,Indore
850,Male,26-35,Budget,Yes,Bhubaneswar
851,Male,26-35,Budget,Yes,Chennai
852,Female,18-25,Regular,No,Kochi
853,Female,36-45,Regular,No,Pune
854,Female,26-35,Premium,Yes,Chennai
855,Male,46-60,Regular,No,Hyderabad
856,Female,26-35,Regular,No,Kochi
857,Female,18-25,Regular,Yes,Bengaluru
858,Male,18-25,Budget,No,Hyderabad
859,Male,26-35,Regular,No,Bengaluru
860,Male,36-45,Regular,No,Mumbai
861,Female,26-35,Regular,No,Hyderabad
862,Female,18-25,Business,Yes,Jaipur
863,Female,26-35,Regular,Yes,Pune
864,Female,18-25,Regular,No,Indore
865,Female,36-45,Regular,Yes,Ahmedabad
866,Female,26-35,Regular,Yes,Bengaluru
867,Female,18-25,Budget,No,Jaipur
868,Male,18-25,Regular,Yes,Bengaluru
869,Female,26-35,Regular,No,Surat
870,Female,26-35,Business,No,Ahmedabad
871,Female,46-60,Regular,No,Chennai
872,Male,18-25,Budget,No,Nagpur
873,Female,26-35,Business,No,Ahmedabad
874,Male,36-45,Regular,Yes,Jaipur
875,Female,18-25,Regular,Yes,Nagpur
876,Male,36-45,Regular,No,Surat
877,Male,26-35,Budget,No,Chandigarh
878,Male,18-25,Regular,No,Indore
879,Female,26-35,Budget,No,Bhubaneswar
880,Male,46-60,Business,Yes,Indore
881,Female,26-35,Premium,Yes,Bengaluru
882,Female,36-45,Regular,Yes,Lucknow
883,Male,18-25,Premium,No,Bhubaneswar
884,Male,26-35,Premium,Yes,Indore
885,Female,18-25,Business,Yes,Hyderabad
886,Male,46-60,Premium,Yes,Bengaluru
887,Female,18-25,Regular,No,Ahmedabad
888,Female,18-25,Budget,Yes,Pune
889,Male,26-35,Regular,No,Mumbai
890,Female,60+,Budget,No,Kochi
891,Male,46-60,Regular,No,Surat
892,Male,26-35,Budget,Yes,Bengaluru
893,Female,36-45,Budget,Yes,Pune
894,Male,36-45,Budget,Yes,Mumbai
895,Male,26-35,Business,Yes,Bhubaneswar
896,Female,26-35,Business,No,Lucknow
897,Female,60+,Regular,Yes,Pune
898,Female,26-35,Budget,Yes,Surat
899,Male,18-25,Business,No,Delhi
900,Male,18-25,Regular,No,Surat
901,Male,26-35,Premium,Yes,Mumbai
902,Female,36-45,Regular,No,Indore
903,Female,18-25,Business,No,Delhi
904,Female,36-45,Premium,No,Pune
905,Male,26-35,Regular,Yes,Hyderabad
906,Male,36-45,Business,No,Nagpur
907,Male,18-25,Regular,No,Chennai
908,Female,18-25,Budget,No,Bhubaneswar
909,Male,26-35,Business,No,Jaipur
910,Male,18-25,Premium,No,Bengaluru
911,Female,46-60,Budget,No,Kochi
912,Female,60+,Budget,No,Bhubaneswar
913,Female,18-25,Budget,Yes,Chandigarh
914,Male,36-45,Budget,Yes,Kochi
915,Female,36-45,Business,No,Ahmedabad
916,Male,26-35,Regular,No,Bhubaneswar
917,Female,36-45,Budget,Yes,Mumbai
918,Female,18-25,Budget,No,Nagpur
919,Male,26-35,Business,No,Pune
920,Female,26-35,Regular,No,Indore
921,Male,26-35,Premium,No,Pune
922,Male,26-35,Regular,Yes,Indore
923,Female,46-60,Budget,No,Jaipur
924,Female,18-25,Regular,Yes,Jaipur
925,Male,36-45,Premium,No,Chandigarh
926,Female,60+,Regular,No,Chennai
927,Male,26-35,Regular,No,Kochi
928,Female,18-25,Business,Yes,Kochi
929,Male,36-45,Budget,No,Kochi
930,Female,36-45,Business,No,Delhi
931,Male,60+,Business,No,Chennai
932,Female,60+,Regular,Yes,Lucknow
933,Female,26-35,Regular,Yes,Bhubaneswar
934,Female,18-25,Budget,No,Nagpur
935,Male,46-60,Premium,No,Pune
936,Male,26-35,Budget,No,Kochi
937,Male,46-60,Budget,Yes,Jaipur
938,Male,36-45,Regular,Yes,Hyderabad
939,Female,36-45,Budget,No,Surat
940,Female,18-25,Business,Yes,Bengaluru
941,Female,36-45,Budget,No,Delhi
942,Male,18-25,Regular,Yes,Bengaluru
943,Male,36-45,Regular,No,Ahmedabad
944,Male,46-60,Premium,No,Ahmedabad
945,Female,26-35,Premium,Yes,Surat
946,Male,18-25,Budget,Yes,Mumbai
947,Male,46-60,Business,No,Indore
948,Female,26-35,Regular,No,Bengaluru
949,Male,26-35,Budget,Yes,Bengaluru
950,Female,18-25,Budget,No,Kochi
951,Male,36-45,Regular,No,Surat
952,Male,46-60,Business,No,Hyderabad
953,Female,18-25,Budget,No,Kochi
954,Male,36-45,Regular,No,Bengaluru
955,Male,26-35,Premium,Yes,Surat
956,Male,26-35,Business,Yes,Pune
957,Female,36-45,Business,No,Delhi
958,Female,26-35,Budget,No,Jaipur
959,Male,36-45,Regular,No,Pune
960,Female,46-60,Budget,Yes,Delhi
961,Male,36-45,Business,No,Hyderabad
962,Male,26-35,Budget,No,Chennai
963,Female,26-35,Regular,No,Chennai
964,Male,26-35,Regular,No,Chennai
965,Male,36-45,Regular,Yes,Mumbai
966,Male,26-35,Regular,No,Indore
967,Female,18-25,Budget,No,Bengaluru
968,Male,36-45,Budget,Yes,Indore
969,Female,46-60,Budget,No,Ahmedabad
970,Male,26-35,Budget,No,Bhubaneswar
971,Female,60+,Regular,No,Mumbai
972,Female,36-45,Business,Yes,Bhubaneswar
973,Female,36-45,Regular,No,Bhubaneswar
974,Female,46-60,Budget,Yes,Indore
975,Female,26-35,Budget,No,Ahmedabad
976,Male,36-45,Budget,No,Bengaluru
977,Male,46-60,Regular,No,Bengaluru
978,Male,36-45,Business,No,Chandigarh
979,Female,46-60,Regular,Yes,Ahmedabad
980,Male,26-35,Budget,No,Lucknow
981,Female,46-60,Budget,Yes,Surat
982,Male,18-25,Budget,No,Chandigarh
983,Female,46-60,Budget,Yes,Delhi
984,Male,26-35,Business,Yes,Delhi
985,Male,26-35,Regular,No,Lucknow
986,Male,36-45,Budget,No,Indore
987,Male,36-45,Regular,Yes,Kochi
988,Male,18-25,Regular,No,Bengaluru
989,Male,26-35,Premium,No,Pune
990,Female,46-60,Budget,No,Ahmedabad
991,Male,26-35,Premium,No,Hyderabad
992,Female,26-35,Budget,Yes,Jaipur
993,Male,46-60,Business,No,Chennai
994,Female,18-25,Regular,No,Nagpur
995,Male,26-35,Budget,Yes,Jaipur
996,Male,26-35,Budget,Yes,Kochi
997,Male,26-35,Budget,No,Hyderabad
998,Female,26-35,Regular,Yes,Nagpur
999,Male,26-35,Regular,Yes,Ahmedabad
1000,Female,18-25,Budget,Yes,Chennai
1001,Male,18-25,Regular,Yes,Pune
1002,Female,46-60,Budget,Yes,Chennai
1003,Female,18-25,Regular,No,Bengaluru
1004,Male,26-35,Regular,No,Jaipur
1005,Female,18-25,Premium,Yes,Bhubaneswar
1006,Female,26-35,Premium,Yes,Mumbai
1007,Female,26-35,Regular,Yes,Bhubaneswar
1008,Female,26-35,Regular,Yes,Indore
1009,Male,36-45,Premium,Yes,Mumbai
1010,Female,60+,Budget,No,Bengaluru
1011,Female,36-45,Regular,Yes,Hyderabad
1012,Male,18-25,Budget,No,Bhubaneswar
1013,Male,18-25,Regular,No,Surat
1014,Male,26-35,Budget,No,Ahmedabad
1015,Female,26-35,Budget,No,Indore
1016,Male,26-35,Regular,No,Chennai
1017,Male,26-35,Budget,Yes,Jaipur
1018,Female,26-35,Regular,No,Chennai
1019,Male,36-45,Budget,Yes,Nagpur
1020,Male,26-35,Budget,No,Pune
1021,Female,18-25,Business,Yes,Chennai
1022,Male,26-35,Budget,No,Chandigarh
1023,Female,26-35,Premium,No,Kochi
1024,Male,18-25,Budget,Yes,Chennai
1025,Male,18-25,Regular,Yes,Kochi
1026,Female,26-35,Business,Yes,Jaipur
1027,Male,18-25,Business,Yes,Jaipur
1028,Female,46-60,Regular,No,Hyderabad
1029,Female,18-25,Regular,Yes,Jaipur
1030,Male,18-25,Regular,No,Ahmedabad
1031,Male,60+,Regular,Yes,Chennai
1032,Female,26-35,Premium,No,Delhi
1033,Male,26-35,Premium,No,Lucknow
1034,Female,36-45,Regular,No,Lucknow
1035,Male,36-45,Budget,Yes,Hyderabad
1036,Female,26-35,Premium,No,Delhi
1037,Male,26-35,Regular,Yes,Kochi
1038,Male,26-35,Regular,Yes,Chennai
1039,Female,46-60,Budget,Yes,Chennai
1040,Male,60+,Premium,Yes,Chennai
1041,Female,36-45,Regular,Yes,Hyderabad
1042,Female,36-45,Budget,No,Pune
1043,Male,36-45,Premium,Yes,Ahmedabad
1044,Female,18-25,Premium,Yes,Delhi
1045,Male,36-45,Regular,No,Delhi
1046,Male,46-60,Regular,No,Kochi
1047,Female,18-25,Budget,Yes,Hyderabad
1048,Male,46-60,Regular,Yes,Hyderabad
1049,Male,18-25,Regular,No,Mumbai
1050,Female,18-25,Business,Yes,Jaipur
1051,Male,18-25,Premium,No,Bengaluru
1052,Female,18-25,Regular,No,Mumbai
1053,Male,36-45,Budget,No,Lucknow
1054,Male,36-45,Regular,Yes,Ahmedabad
1055,Male,26-35,Business,Yes,Chandigarh
1056,Male,60+,Regular,No,Chandigarh
1057,Male,26-35,Regular,No,Mumbai
1058,Male,26-35,Premium,No,Jaipur
1059,Female,36-45,Budget,Yes,Jaipur
1060,Female,18-25,Budget,Yes,Mumbai
1061,Male,18-25,Premium,Yes,Nagpur
1062,Female,26-35,Regular,Yes,Ahmedabad
1063,Male,26-35,Regular,No,Nagpur
1064,Female,26-35,Budget,No,Mumbai
1065,Male,46-60,Budget,Yes,Indore
1066,Female,36-45,Budget,Yes,Indore
1067,Female,36-45,Regular,No,Chandigarh
1068,Female,36-45,Budget,Yes,Chennai
1069,Male,46-60,Budget,No,Nagpur
1070,Male,26-35,Business,Yes,Surat
1071,Female,46-60,Regular,No,Ahmedabad
1072,Female,18-25,Regular,No,Mumbai
1073,Female,26-35,Business,Yes,Pune
1074,Female,36-45,Regular,No,Jaipur
1075,Male,26-35,Budget,No,Chandigarh
1076,Male,26-35,Regular,No,Lucknow
1077,Male,36-45,Regular,No,Indore
1078,Male,26-35,Regular,Yes,Hyderabad
1079,Male,46-60,Business,No,Jaipur
1080,Male,26-35,Premium,No,Pune
1081,Female,26-35,Premium,No,Bengaluru
1082,Male,60+,Budget,No,Surat
1083,Female,26-35,Budget,No,Kochi
1084,Female,46-60,Budget,No,Kochi
1085,Male,18-25,Budget,Yes,Surat
1086,Female,18-25,Budget,No,Mumbai
1087,Female,26-35,Regular,Yes,Bengaluru
1088,Male,26-35,Budget,No,Kochi
1089,Male,26-35,Budget,No,Bengaluru
1090,Female,36-45,Regular,Yes,Delhi
1091,Female,36-45,Budget,No,Surat
1092,Male,26-35,Business,Yes,Ahmedabad
1093,Male,26-35,Regular,Yes,Bengaluru
1094,Male,46-60,Premium,No,Bengaluru
1095,Female,46-60,Regular,No,Jaipur
1096,Female,18-25,Budget,Yes,Bengaluru
1097,Female,18-25,Budget,Yes,Mumbai
1098,Male,36-45,Budget,Yes,Chennai
1099,Male,36-45,Business,Yes,Bhubaneswar
1100,Male,36-45,Budget,Yes,Delhi
1101,Male,46-60,Regular,Yes,Bhubaneswar
1102,Female,26-35,Business,No,Delhi
1103,Male,36-45,Premium,No,Pune
1104,Male,26-35,Budget,No,Mumbai
1105,Female,26-35,Budget,No,Bhubaneswar
1106,Male,36-45,Premium,Yes,Surat
1107,Male,46-60,Premium,Yes,Mumbai
1108,Male,60+,Regular,Yes,Bhubaneswar
1109,Female,26-35,Regular,No,Lucknow
1110,Female,18-25,Budget,Yes,Bengaluru
1111,Male,60+,Premium,Yes,Kochi
1112,Female,18-25,Budget,Yes,Indore
1113,Male,26-35,Budget,No,Delhi
1114,Male,18-25,Budget,No,Jaipur
1115,Male,36-45,Regular,Yes,Indore
1116,Female,36-45,Budget,No,Jaipur
1117,Male,60+,Regular,Yes,Jaipur
1118,Female,26-35,Budget,No,Jaipur
1119,Female,26-35,Business,Yes,Indore
1120,Female,26-35,Business,Yes,Indore
1121,Male,36-45,Premium,No,Chennai
1122,Male,18-25,Budget,No,Chandigarh
1123,Female,46-60,Budget,Yes,Mumbai
1124,Male,26-35,Regular,No,Hyderabad
1125,Female,18-25,Regular,No,Jaipur
1126,Female,36-45,Regular,No,Bengaluru
1127,Female,60+,Regular,Yes,Hyderabad
1128,Male,26-35,Budget,No,Jaipur
1129,Male,36-45,Regular,No,Delhi
1130,Female,18-25,Regular,No,Pune
1131,Female,26-35,Regular,Yes,Bhubaneswar
1132,Female,26-35,Premium,No,Hyderabad
1133,Female,26-35,Budget,Yes,Chandigarh
1134,Female,26-35,Premium,No,Chennai
1135,Male,18-25,Premium,Yes,Chandigarh
1136,Female,18-25,Regular,No,Nagpur
1137,Male,60+,Business,No,Pune
1138,Female,46-60,Regular,No,Ahmedabad
1139,Male,36-45,Premium,No,Lucknow
1140,Female,18-25,Regular,Yes,Indore
1141,Female,18-25,Regular,Yes,Nagpur
1142,Male,60+,Regular,No,Chandigarh
1143,Male,18-25,Premium,No,Surat
1144,Male,36-45,Business,Yes,Kochi
1145,Male,26-35,Budget,No,Hyderabad
1146,Male,36-45,Budget,No,Pune
1147,Female,26-35,Business,Yes,Chandigarh
1148,Female,18-25,Regular,No,Lucknow
1149,Male,26-35,Regular,Yes,Bengaluru
1150,Female,36-45,Budget,No,Ahmedabad
1151,Male,60+,Regular,No,Kochi
1152,Male,36-45,Premium,Yes,Bhubaneswar
1153,Male,36-45,Budget,No,Ahmedabad
1154,Female,46-60,Regular,Yes,Lucknow
1155,Female,18-25,Budget,No,Hyderabad
1156,Female,26-35,Regular,Yes,Surat
1157,Female,18-25,Regular,No,Surat
1158,Female,46-60,Premium,No,Pune
1159,Female,36-45,Budget,No,Chennai
1160,Male,18-25,Business,Yes,Delhi
1161,Female,26-35,Regular,No,Bhubaneswar
1162,Female,18-25,Business,Yes,Indore
1163,Female,18-25,Regular,Yes,Chandigarh
1164,Female,46-60,Regular,No,Chandigarh
1165,Male,26-35,Budget,Yes,Lucknow
1166,Female,46-60,Regular,Yes,Chandigarh
1167,Male,18-25,Business,Yes,Bengaluru
1168,Male,36-45,Regular,No,Delhi
1169,Female,18-25,Business,Yes,Lucknow
1170,Female,18-25,Budget,No,Kochi
1171,Male,36-45,Premium,Yes,Chandigarh
1172,Male,26-35,Premium,No,Bhubaneswar
1173,Male,18-25,Budget,Yes,Nagpur
1174,Female,26-35,Regular,Yes,Nagpur
1175,Female,46-60,Budget,No,Bengaluru
1176,Male,26-35,Regular,No,Hyderabad
1177,Female,26-35,Business,Yes,Jaipur
1178,Male,18-25,Regular,No,Pune
1179,Male,18-25,Business,No,Delhi
1180,Male,18-25,Business,No,Pune
1181,Male,26-35,Budget,Yes,Kochi
1182,Female,18-25,Regular,Yes,Lucknow
1183,Male,36-45,Budget,Yes,Hyderabad
1184,Male,26-35,Budget,No,Bengaluru
1185,Female,26-35,Regular,No,Lucknow
1186,Male,36-45,Business,Yes,Ahmedabad
1187,Male,36-45,Regular,No,Nagpur
1188,Male,60+,Regular,Yes,Bhubaneswar
1189,Female,46-60,Regular,Yes,Jaipur
1190,Male,36-45,Budget,Yes,Indore
1191,Female,18-25,Premium,No,Pune
1192,Female,26-35,Business,Yes,Delhi
1193,Female,26-35,Premium,No,Surat
1194,Male,26-35,Budget,Yes,Mumbai
1195,Male,46-60,Budget,Yes,Mumbai
1196,Female,26-35,Budget,No,Mumbai
1197,Male,26-35,Premium,No,Indore
1198,Female,36-45,Budget,Yes,Indore
1199,Female,36-45,Premium,No,Nagpur
1200,Male,18-25,Budget,Yes,Ahmedabad
1201,Female,18-25,Regular,No,Jaipur
1202,Female,26-35,Budget,Yes,Jaipur
1203,Male,46-60,Budget,No,Delhi
1204,Male,46-60,Budget,No,Chennai
1205,Male,18-25,Regular,Yes,Nagpur
1206,Female,26-35,Premium,Yes,Mumbai
1207,Female,26-35,Budget,Yes,Bhubaneswar
1208,Female,26-35,Regular,No,Delhi
1209,Female,46-60,Business,Yes,Chandigarh
1210,Male,18-25,Budget,Yes,Mumbai
1211,Male,18-25,Premium,No,Pune
1212,Male,46-60,Regular,No,Hyderabad
1213,Male,18-25,Budget,No,Surat
1214,Female,26-35,Budget,Yes,Chennai
1215,Male,18-25,Business,No,Bengaluru
1216,Female,36-45,Budget,No,Surat
1217,Female,36-45,Budget,No,Chandigarh
1218,Male,18-25,Budget,No,Chennai
1219,Male,36-45,Budget,Yes,Bhubaneswar
1220,Male,60+,Premium,No,Kochi
1221,Female,46-60,Budget,No,Delhi
1222,Female,36-45,Regular,Yes,Hyderabad
1223,Male,46-60,Regular,No,Chennai
1224,Female,46-60,Business,Yes,Hyderabad
1225,Male,26-35,Budget,Yes,Lucknow
1226,Male,18-25,Regular,No,Bengaluru
1227,Male,46-60,Budget,Yes,Nagpur
1228,Female,26-35,Budget,No,Bengaluru
1229,Female,26-35,Business,Yes,Mumbai
1230,Male,26-35,Regular,No,Ahmedabad
1231,Female,18-25,Budget,No,Pune
1232,Female,26-35,Regular,No,Hyderabad
1233,Male,26-35,Regular,No,Mumbai
1234,Male,18-25,Premium,No,Delhi
1235,Female,26-35,Budget,No,Mumbai
1236,Female,26-35,Budget,No,Mumbai
1237,Female,36-45,Premium,Yes,Bengaluru
1238,Female,36-45,Regular,Yes,Chennai
1239,Female,36-45,Business,Yes,Surat
1240,Male,60+,Budget,No,Bengaluru
1241,Male,60+,Regular,Yes,Chandigarh
1242,Male,36-45,Budget,No,Nagpur
1243,Male,26-35,Regular,No,Jaipur
1244,Female,46-60,Premium,No,Delhi
1245,Male,18-25,Regular,No,Lucknow
1246,Female,60+,Regular,No,Bhubaneswar
1247,Female,18-25,Regular,Yes,Chennai
1248,Female,18-25,Budget,Yes,Pune
1249,Male,60+,Regular,No,Chandigarh
1250,Female,26-35,Budget,No,Surat
1251,Female,26-35,Regular,No,Hyderabad
1252,Female,36-45,Budget,No,Kochi
1253,Female,60+,Premium,No,Chennai
1254,Female,46-60,Regular,Yes,Nagpur
1255,Female,26-35,Regular,No,Ahmedabad
1256,Male,26-35,Regular,No,Delhi
1257,Female,26-35,Regular,No,Jaipur
1258,Female,36-45,Regular,No,Delhi
1259,Male,26-35,Business,No,Lucknow
1260,Female,18-25,Budget,Yes,Chennai
1261,Female,26-35,Premium,Yes,Chennai
1262,Male,26-35,Regular,No,Ahmedabad
1263,Male,60+,Premium,No,Pune
1264,Male,26-35,Budget,No,Kochi
1265,Female,46-60,Budget,Yes,Nagpur
1266,Female,26-35,Premium,No,Hyderabad
1267,Female,36-45,Budget,Yes,Nagpur
1268,Female,46-60,Regular,No,Bengaluru
1269,Male,26-35,Regular,Yes,Bengaluru
1270,Female,26-35,Budget,Yes,Hyderabad
1271,Male,18-25,Premium,No,Ahmedabad
1272,Female,26-35,Regular,No,Jaipur
1273,Female,18-25,Regular,No,Ahmedabad
1274,Male,36-45,Budget,No,Lucknow
1275,Female,18-25,Business,No,Indore
1276,Male,36-45,Premium,No,Lucknow
1277,Female,46-60,Budget,No,Ahmedabad
1278,Male,18-25,Regular,No,Surat
1279,Male,46-60,Business,Yes,Surat
1280,Male,18-25,Regular,Yes,Indore
1281,Male,36-45,Regular,No,Indore
1282,Female,18-25,Budget,No,Lucknow
1283,Female,36-45,Regular,No,Nagpur
1284,Female,36-45,Business,Yes,Kochi
1285,Male,26-35,Budget,Yes,Hyderabad
1286,Female,26-35,Budget,No,Hyderabad
1287,Male,46-60,Budget,Yes,Nagpur
1288,Female,46-60,Premium,Yes,Surat
1289,Male,18-25,Budget,Yes,Indore
1290,Male,26-35,Regular,Yes,Surat
1291,Female,26-35,Budget,Yes,Chennai
1292,Male,26-35,Regular,No,Chennai
1293,Female,18-25,Regular,Yes,Surat
1294,Female,18-25,Budget,Yes,Ahmedabad
1295,Female,26-35,Regular,Yes,Nagpur
1296,Male,26-35,Regular,No,Bengaluru
1297,Male,36-45,Regular,No,Kochi
1298,Female,36-45,Regular,No,Pune
1299,Female,46-60,Budget,No,Bhubaneswar
1300,Female,60+,Business,No,Mumbai
1301,Female,18-25,Regular,No,Indore
1302,Female,18-25,Regular,No,Pune
1303,Male,36-45,Premium,Yes,Delhi
1304,Male,60+,Business,No,Jaipur
1305,Male,46-60,Business,No,Bhubaneswar
1306,Female,46-60,Regular,Yes,Bengaluru
1307,Male,26-35,Regular,Yes,Delhi
1308,Male,26-35,Regular,No,Pune
1309,Male,18-25,Regular,Yes,Kochi
1310,Male,36-45,Regular,Yes,Jaipur
1311,Male,18-25,Premium,No,Ahmedabad
1312,Male,18-25,Regular,No,Delhi
1313,Female,36-45,Premium,Yes,Bengaluru
1314,Female,18-25,Budget,Yes,Surat
1315,Female,26-35,Regular,No,Hyderabad
1316,Male,26-35,Regular,Yes,Nagpur
1317,Male,18-25,Regular,Yes,Chandigarh
1318,Male,18-25,Budget,Yes,Lucknow
1319,Female,46-60,Budget,Yes,Lucknow
1320,Male,60+,Regular,Yes,Chennai
1321,Female,26-35,Regular,Yes,Mumbai
1322,Female,46-60,Regular,No,Delhi
1323,Female,26-35,Regular,Yes,Chennai
1324,Male,26-35,Premium,Yes,Pune
1325,Male,26-35,Budget,No,Kochi
1326,Male,26-35,Premium,No,Mumbai
1327,Male,46-60,Business,No,Mumbai
1328,Male,18-25,Business,Yes,Jaipur
1329,Female,26-35,Regular,No,Jaipur
1330,Male,46-60,Premium,No,Bhubaneswar
1331,Female,36-45,Premium,No,Delhi
1332,Female,36-45,Budget,No,Kochi
1333,Male,18-25,Budget,No,Kochi
1334,Female,26-35,Premium,No,Mumbai
1335,Male,18-25,Regular,Yes,Pune
1336,Male,60+,Budget,No,Delhi
1337,Male,18-25,Premium,Yes,Delhi
1338,Female,26-35,Regular,Yes,Bengaluru
1339,Male,36-45,Premium,No,Chandigarh
1340,Male,26-35,Regular,No,Jaipur
1341,Female,46-60,Budget,No,Lucknow
1342,Female,46-60,Budget,No,Surat
1343,Female,26-35,Premium,Yes,Chennai
1344,Female,36-45,Regular,Yes,Lucknow
1345,Male,46-60,Regular,Yes,Indore
1346,Male,18-25,Budget,No,Lucknow
1347,Male,36-45,Premium,Yes,Kochi
1348,Male,26-35,Premium,No,Chandigarh
1349,Female,46-60,Budget,No,Delhi
1350,Female,26-35,Budget,No,Mumbai
1351,Male,26-35,Regular,Yes,Surat
1352,Female,18-25,Regular,No,Bengaluru
1353,Female,46-60,Budget,Yes,Bhubaneswar
1354,Male,36-45,Budget,No,Nagpur
1355,Female,46-60,Regular,No,Pune
1356,Male,36-45,Regular,Yes,Nagpur
1357,Female,26-35,Business,Yes,Kochi
1358,Male,60+,Regular,No,Kochi
1359,Male,46-60,Regular,No,Jaipur
1360,Male,60+,Premium,No,Chennai
1361,Female,18-25,Regular,Yes,Bhubaneswar
1362,Male,18-25,Regular,No,Chennai
1363,Male,26-35,Regular,No,Indore
1364,Female,26-35,Regular,No,Delhi
1365,Male,26-35,Regular,Yes,Surat
1366,Female,18-25,Regular,No,Indore
1367,Female,18-25,Premium,Yes,Bhubaneswar
1368,Male,26-35,Budget,No,Chandigarh
1369,Female,36-45,Budget,No,Chandigarh
1370,Female,60+,Regular,Yes,Delhi
1371,Female,26-35,Regular,No,Delhi
1372,Male,26-35,Regular,Yes,Delhi
1373,Female,36-45,Regular,Yes,Mumbai
1374,Female,46-60,Premium,Yes,Surat
1375,Female,26-35,Budget,No,Bengaluru
1376,Female,36-45,Premium,Yes,Ahmedabad
1377,Male,46-60,Regular,Yes,Bengaluru
1378,Female,26-35,Budget,Yes,Delhi
1379,Female,46-60,Regular,No,Bhubaneswar
1380,Male,26-35,Premium,Yes,Ahmedabad
1381,Male,36-45,Budget,Yes,Chandigarh
1382,Male,46-60,Regular,No,Indore
1383,Female,26-35,Premium,No,Lucknow
1384,Male,26-35,Premium,Yes,Hyderabad
1385,Female,26-35,Premium,Yes,Bhubaneswar
1386,Female,26-35,Regular,Yes,Mumbai
1387,Female,36-45,Regular,Yes,Pune
1388,Male,36-45,Budget,No,Indore
1389,Male,46-60,Business,No,Surat
1390,Female,46-60,Regular,No,Ahmedabad
1391,Female,26-35,Budget,Yes,Pune
1392,Male,46-60,Regular,No,Bengaluru
1393,Female,26-35,Regular,Yes,Nagpur
1394,Male,18-25,Regular,No,Lucknow
1395,Male,60+,Premium,Yes,Delhi
1396,Female,46-60,Regular,No,Bengaluru
1397,Male,36-45,Budget,No,Pune
1398,Female,36-45,Budget,No,Mumbai
1399,Male,36-45,Budget,No,Indore
1400,Female,36-45,Business,No,Pune
1401,Male,36-45,Budget,No,Ahmedabad
1402,Male,18-25,Premium,No,Kochi
1403,Female,26-35,Regular,Yes,Delhi
1404,Female,46-60,Budget,No,Jaipur
1405,Male,36-45,Budget,No,Mumbai
1406,Female,26-35,Regular,No,Nagpur
1407,Male,18-25,Budget,Yes,Ahmedabad
1408,Female,26-35,Premium,No,Kochi
1409,Female,26-35,Premium,Yes,Indore
1410,Male,46-60,Budget,No,Mumbai
1411,Male,46-60,Business,Yes,Chennai
1412,Male,18-25,Budget,Yes,Chandigarh
1413,Male,18-25,Budget,No,Nagpur
1414,Female,46-60,Premium,Yes,Surat
1415,Male,46-60,Regular,Yes,Indore
1416,Male,26-35,Business,No,Chennai
1417,Male,60+,Regular,Yes,Ahmedabad
1418,Male,36-45,Regular,No,Kochi
1419,Female,26-35,Regular,Yes,Hyderabad
1420,Male,36-45,Regular,No,Chandigarh
1421,Male,46-60,Premium,Yes,Pune
1422,Male,46-60,Regular,Yes,Bhubaneswar
1423,Female,46-60,Budget,Yes,Chandigarh
1424,Male,26-35,Regular,Yes,Hyderabad
1425,Male,36-45,Regular,Yes,Bengaluru
1426,Male,18-25,Business,No,Mumbai
1427,Male,18-25,Regular,No,Mumbai
1428,Male,36-45,Budget,Yes,Kochi
1429,Female,46-60,Regular,No,Jaipur
1430,Female,36-45,Budget,No,Nagpur
1431,Male,60+,Regular,Yes,Lucknow
1432,Female,26-35,Premium,Yes,Nagpur
1433,Female,36-45,Regular,Yes,Chandigarh
1434,Female,46-60,Regular,No,Pune
1435,Male,18-25,Regular,Yes,Surat
1436,Female,18-25,Regular,No,Chennai
1437,Female,26-35,Budget,No,Bhubaneswar
1438,Male,26-35,Regular,Yes,Jaipur
1439,Male,26-35,Budget,No,Kochi
1440,Male,46-60,Budget,No,Ahmedabad
1441,Female,18-25,Business,No,Mumbai
1442,Female,18-25,Budget,No,Lucknow
1443,Male,36-45,Budget,Yes,Kochi
1444,Male,46-60,Budget,No,Lucknow
1445,Male,46-60,Premium,Yes,Ahmedabad
1446,Male,46-60,Regular,No,Pune
1447,Male,26-35,Premium,No,Delhi
1448,Female,18-25,Regular,Yes,Bhubaneswar
1449,Female,36-45,Premium,Yes,Chandigarh
1450,Male,46-60,Premium,No,Surat
1451,Male,26-35,Budget,Yes,Nagpur
1452,Male,36-45,Premium,Yes,Kochi
1453,Female,18-25,Regular,Yes,Lucknow
1454,Female,26-35,Premium,No,Indore
1455,Male,26-35,Budget,No,Delhi
1456,Female,18-25,Regular,Yes,Chandigarh
1457,Male,26-35,Regular,No,Ahmedabad
1458,Male,26-35,Regular,No,Jaipur
1459,Male,26-35,Business,Yes,Indore
1460,Female,18-25,Regular,No,Jaipur
1461,Male,26-35,Business,Yes,Chandigarh
1462,Female,36-45,Regular,Yes,Jaipur
1463,Male,18-25,Regular,No,Jaipur
1464,Female,46-60,Budget,Yes,Jaipur
1465,Female,46-60,Budget,No,Delhi
1466,Female,26-35,Regular,No,Chennai
1467,Female,36-45,Business,Yes,Pune
1468,Male,46-60,Regular,No,Lucknow
1469,Male,18-25,Regular,Yes,Ahmedabad
1470,Male,18-25,Budget,Yes,Kochi
1471,Female,18-25,Regular,No,Ahmedabad
1472,Female,18-25,Regular,Yes,Surat
1473,Female,26-35,Regular,No,Chennai
1474,Male,18-25,Premium,No,Indore
1475,Female,26-35,Regular,No,Lucknow
1476,Female,46-60,Regular,Yes,Chennai
1477,Male,26-35,Business,No,Kochi
1478,Male,18-25,Regular,Yes,Surat
1479,Male,18-25,Business,Yes,Mumbai
1480,Male,36-45,Regular,Yes,Mumbai
1481,Male,26-35,Budget,Yes,Indore
1482,Female,36-45,Business,Yes,Delhi
1483,Female,36-45,Regular,No,Chennai
1484,Male,18-25,Regular,Yes,Chandigarh
1485,Male,18-25,Budget,Yes,Hyderabad
1486,Female,36-45,Regular,No,Lucknow
1487,Female,26-35,Regular,Yes,Surat
1488,Male,46-60,Premium,No,Delhi
1489,Male,26-35,Budget,Yes,Indore
1490,Female,26-35,Business,Yes,Nagpur
1491,Male,26-35,Budget,No,Jaipur
1492,Female,26-35,Regular,Yes,Ahmedabad
1493,Male,60+,Regular,No,Surat
1494,Female,36-45,Premium,No,Chandigarh
1495,Male,36-45,Regular,Yes,Jaipur
1496,Female,46-60,Regular,Yes,Ahmedabad
1497,Male,36-45,Regular,No,Bhubaneswar
1498,Female,26-35,Business,No,Nagpur
1499,Female,26-35,Regular,Yes,Nagpur
1500,Male,46-60,Budget,Yes,Hyderabad
1501,Female,18-25,Budget,No,Nagpur
1502,Female,26-35,Regular,Yes,Chennai
1503,Female,60+,Business,No,Delhi
1504,Male,18-25,Regular,Yes,Chandigarh
1505,Male,46-60,Regular,No,Delhi
1506,Male,18-25,Budget,No,Bengaluru
1507,Female,60+,Regular,Yes,Chandigarh
1508,Female,46-60,Regular,No,Hyderabad
1509,Male,46-60,Premium,No,Surat
1510,Male,46-60,Regular,Yes,Indore
1511,Male,18-25,Regular,No,Ahmedabad
1512,Female,18-25,Premium,Yes,Surat
1513,Female,18-25,Budget,No,Jaipur
1514,Female,26-35,Premium,No,Kochi
1515,Male,36-45,Budget,No,Pune
1516,Male,36-45,Budget,No,Jaipur
1517,Male,36-45,Budget,No,Bengaluru
1518,Female,18-25,Budget,No,Bhubaneswar
1519,Male,36-45,Business,Yes,Kochi
1520,Female,18-25,Budget,Yes,Kochi
1521,Male,26-35,Regular,Yes,Bengaluru
1522,Female,26-35,Budget,Yes,Hyderabad
1523,Female,46-60,Regular,Yes,Jaipur
1524,Female,18-25,Premium,Yes,Chandigarh
1525,Female,36-45,Budget,No,Indore
1526,Female,18-25,Premium,Yes,Chandigarh
1527,Female,18-25,Budget,Yes,Bhubaneswar
1528,Female,18-25,Regular,No,Mumbai
1529,Male,26-35,Budget,No,Indore
1530,Male,18-25,Regular,No,Mumbai
1531,Male,18-25,Budget,No,Jaipur
1532,Male,36-45,Budget,No,Pune
1533,Female,36-45,Premium,No,Jaipur
1534,Female,36-45,Premium,Yes,Jaipur
1535,Male,36-45,Regular,Yes,Jaipur
1536,Female,46-60,Business,Yes,Nagpur
1537,Male,46-60,Regular,Yes,Indore
1538,Male,60+,Regular,No,Nagpur
1539,Female,46-60,Premium,Yes,Indore
1540,Male,46-60,Business,Yes,Delhi
1541,Male,26-35,Regular,No,Jaipur
1542,Male,46-60,Budget,Yes,Bengaluru
1543,Female,18-25,Budget,Yes,Ahmedabad
1544,Female,36-45,Budget,No,Bengaluru
1545,Female,36-45,Regular,Yes,Nagpur
1546,Female,36-45,Business,Yes,Bhubaneswar
1547,Female,46-60,Regular,Yes,Bengaluru
1548,Male,26-35,Premium,No,Kochi
1549,Male,46-60,Regular,No,Chandigarh
1550,Female,26-35,Premium,Yes,Bengaluru
1551,Male,36-45,Regular,No,Delhi
1552,Female,26-35,Regular,Yes,Bengaluru
1553,Male,26-35,Regular,Yes,Pune
1554,Female,60+,Regular,No,Ahmedabad
1555,Male,26-35,Budget,Yes,Ahmedabad
1556,Female,46-60,Budget,No,Mumbai
1557,Female,36-45,Budget,Yes,Delhi
1558,Female,26-35,Regular,No,Delhi
1559,Male,36-45,Budget,Yes,Delhi
1560,Female,36-45,Business,No,Bhubaneswar
1561,Male,60+,Regular,Yes,Surat
1562,Male,18-25,Premium,No,Lucknow
1563,Female,18-25,Business,No,Pune
1564,Female,18-25,Regular,No,Surat
1565,Female,26-35,Budget,No,Chennai
1566,Female,26-35,Regular,Yes,Nagpur
1567,Female,18-25,Premium,Yes,Chennai
1568,Female,36-45,Regular,Yes,Pune
1569,Female,26-35,Budget,No,Indore
1570,Male,36-45,Regular,Yes,Mumbai
1571,Female,36-45,Premium,Yes,Ahmedabad
1572,Female,18-25,Business,No,Hyderabad
1573,Male,26-35,Regular,Yes,Pune
1574,Female,26-35,Budget,No,Kochi
1575,Male,46-60,Budget,No,Delhi
1576,Female,60+,Business,No,Ahmedabad
1577,Male,36-45,Regular,No,Indore
1578,Female,26-35,Regular,No,Delhi
1579,Male,36-45,Premium,Yes,Kochi
1580,Male,26-35,Budget,Yes,Nagpur
1581,Female,26-35,Premium,No,Delhi
1582,Male,26-35,Premium,No,Indore
1583,Female,36-45,Regular,Yes,Delhi
1584,Female,26-35,Premium,No,Indore
1585,Female,26-35,Business,Yes,Jaipur
1586,Female,26-35,Regular,No,Surat
1587,Female,18-25,Budget,Yes,Kochi
1588,Female,36-45,Regular,Yes,Surat
1589,Female,26-35,Budget,No,Pune
1590,Male,18-25,Budget,No,Bhubaneswar
1591,Female,26-35,Budget,Yes,Indore
1592,Female,60+,Budget,No,Bhubaneswar
1593,Male,18-25,Business,Yes,Ahmedabad
1594,Female,18-25,Budget,Yes,Hyderabad
1595,Female,36-45,Premium,No,Bengaluru
1596,Female,26-35,Premium,Yes,Pune
1597,Female,26-35,Regular,No,Pune
1598,Female,36-45,Regular,No,Lucknow
1599,Male,26-35,Premium,Yes,Chennai
1600,Female,36-45,Regular,Yes,Delhi
1601,Female,60+,Business,Yes,Chandigarh
1602,Male,18-25,Budget,Yes,Ahmedabad
1603,Female,46-60,Regular,Yes,Indore
1604,Female,36-45,Regular,Yes,Pune
1605,Female,36-45,Budget,No,Pune
1606,Female,26-35,Budget,No,Surat
1607,Male,26-35,Budget,No,Surat
1608,Female,26-35,Budget,Yes,Chennai
1609,Male,60+,Regular,No,Chandigarh
1610,Female,46-60,Regular,No,Lucknow
1611,Male,18-25,Budget,No,Nagpur
1612,Female,46-60,Regular,Yes,Delhi
1613,Male,36-45,Premium,No,Mumbai
1614,Male,26-35,Regular,No,Indore
1615,Female,46-60,Regular,Yes,Surat
1616,Female,26-35,Premium,Yes,Kochi
1617,Male,36-45,Budget,No,Mumbai
1618,Male,46-60,Regular,Yes,Pune
1619,Male,26-35,Budget,Yes,Hyderabad
1620,Female,26-35,Regular,Yes,Kochi
1621,Female,36-45,Regular,No,Kochi
1622,Female,18-25,Budget,Yes,Indore
1623,Female,26-35,Regular,Yes,Nagpur
1624,Female,36-45,Budget,No,Kochi
1625,Male,18-25,Budget,No,Chandigarh
1626,Male,18-25,Premium,Yes,Chennai
1627,Male,26-35,Regular,Yes,Hyderabad
1628,Female,26-35,Regular,No,Kochi
1629,Male,36-45,Budget,Yes,Nagpur
1630,Female,36-45,Budget,Yes,Lucknow
1631,Female,18-25,Regular,Yes,Surat
1632,Male,18-25,Budget,Yes,Mumbai
1633,Male,26-35,Premium,No,Indore
1634,Male,46-60,Regular,No,Jaipur
1635,Male,36-45,Premium,No,Surat
1636,Male,60+,Regular,Yes,Pune
1637,Male,60+,Budget,No,Lucknow
1638,Male,26-35,Regular,No,Delhi
1639,Male,26-35,Budget,No,Kochi
1640,Female,36-45,Regular,Yes,Kochi
1641,Male,46-60,Regular,No,Mumbai
1642,Male,26-35,Regular,Yes,Bengaluru
1643,Male,26-35,Regular,No,Bhubaneswar
1644,Female,18-25,Budget,No,Chandigarh
1645,Female,26-35,Budget,No,Hyderabad
1646,Male,36-45,Regular,No,Delhi
1647,Female,60+,Premium,Yes,Jaipur
1648,Female,36-45,Premium,No,Chennai
1649,Female,26-35,Regular,No,Pune
1650,Female,36-45,Budget,Yes,Lucknow
1651,Female,18-25,Business,No,Mumbai
1652,Male,18-25,Business,No,Nagpur
1653,Female,26-35,Regular,Yes,Bhubaneswar
1654,Male,36-45,Regular,Yes,Chandigarh
1655,Female,18-25,Budget,Yes,Hyderabad
1656,Male,26-35,Business,Yes,Chennai
1657,Male,36-45,Premium,No,Hyderabad
1658,Female,36-45,Budget,No,Bengaluru
1659,Male,46-60,Regular,No,Bhubaneswar
1660,Female,18-25,Business,No,Jaipur
1661,Female,26-35,Regular,No,Pune
1662,Male,36-45,Regular,No,Ahmedabad
1663,Male,60+,Budget,Yes,Ahmedabad
1664,Male,26-35,Budget,No,Bhubaneswar
1665,Male,26-35,Budget,No,Kochi
1666,Male,46-60,Regular,No,Bhubaneswar
1667,Male,18-25,Regular,No,Indore
1668,Female,60+,Budget,No,Bengaluru
1669,Female,26-35,Premium,Yes,Delhi
1670,Male,36-45,Regular,Yes,Indore
1671,Female,18-25,Regular,Yes,Chennai
1672,Female,46-60,Premium,Yes,Bengaluru
1673,Male,36-45,Budget,Yes,Surat
1674,Female,36-45,Budget,No,Jaipur
1675,Male,46-60,Budget,Yes,Surat
1676,Female,46-60,Regular,Yes,Kochi
1677,Female,26-35,Regular,Yes,Jaipur
1678,Female,26-35,Regular,Yes,Jaipur
1679,Female,26-35,Business,Yes,Kochi
1680,Male,46-60,Regular,Yes,Bhubaneswar
1681,Male,60+,Regular,No,Lucknow
1682,Female,26-35,Premium,No,Surat
1683,Male,60+,Regular,No,Pune
1684,Male,36-45,Budget,Yes,Bhubaneswar
1685,Male,36-45,Regular,No,Jaipur
1686,Male,36-45,Premium,No,Ahmedabad
1687,Female,26-35,Budget,No,Mumbai
1688,Male,26-35,Regular,No,Kochi
1689,Male,18-25,Budget,No,Chennai
1690,Male,36-45,Regular,Yes,Pune
1691,Male,36-45,Budget,No,Bhubaneswar
1692,Male,18-25,Business,No,Indore
1693,Male,26-35,Budget,Yes,Bengaluru
1694,Female,60+,Budget,Yes,Surat
1695,Male,26-35,Premium,No,Pune
1696,Male,46-60,Regular,Yes,Bengaluru
1697,Female,18-25,Budget,No,Delhi
1698,Male,26-35,Budget,No,Ahmedabad
1699,Female,36-45,Regular,Yes,Jaipur
1700,Male,18-25,Budget,Yes,Mumbai
1701,Female,36-45,Budget,No,Hyderabad
1702,Male,46-60,Regular,Yes,Pune
1703,Female,18-25,Regular,No,Pune
1704,Male,26-35,Premium,Yes,Ahmedabad
1705,Female,26-35,Premium,Yes,Chennai
1706,Female,46-60,Budget,No,Kochi
1707,Female,18-25,Business,Yes,Delhi
1708,Male,26-35,Budget,No,Surat
1709,Male,36-45,Regular,No,Bengaluru
1710,Female,36-45,Premium,No,Hyderabad
1711,Male,36-45,Budget,Yes,Surat
1712,Male,46-60,Regular,Yes,Bhubaneswar
1713,Female,46-60,Regular,Yes,Delhi
1714,Male,26-35,Regular,Yes,Chennai
1715,Male,46-60,Regular,No,Nagpur
1716,Male,18-25,Regular,No,Delhi
1717,Female,60+,Budget,Yes,Delhi
1718,Female,46-60,Business,No,Mumbai
1719,Male,26-35,Regular,No,Lucknow
1720,Female,36-45,Premium,Yes,Jaipur
1721,Male,26-35,Business,No,Pune
1722,Male,26-35,Premium,No,Kochi
1723,Male,36-45,Premium,Yes,Bengaluru
1724,Male,26-35,Regular,No,Kochi
1725,Female,36-45,Budget,No,Chennai
1726,Female,36-45,Regular,No,Jaipur
1727,Male,36-45,Budget,Yes,Bengaluru
1728,Female,36-45,Premium,No,Nagpur
1729,Male,36-45,Budget,Yes,Bhubaneswar
1730,Female,18-25,Premium,Yes,Surat
1731,Female,26-35,Regular,Yes,Jaipur
1732,Female,18-25,Regular,Yes,Hyderabad
1733,Female,26-35,Regular,No,Chennai
1734,Female,46-60,Budget,Yes,Nagpur
1735,Female,36-45,Regular,No,Jaipur
1736,Male,60+,Budget,Yes,Chennai
1737,Male,18-25,Budget,No,Bengaluru
1738,Female,26-35,Budget,No,Kochi
1739,Male,26-35,Business,Yes,Lucknow
1740,Male,46-60,Business,Yes,Nagpur
1741,Male,36-45,Regular,Yes,Hyderabad
1742,Female,26-35,Regular,No,Lucknow
1743,Female,18-25,Business,No,Kochi
1744,Male,46-60,Budget,No,Chandigarh
1745,Female,46-60,Regular,No,Bhubaneswar
1746,Female,26-35,Budget,No,Chennai
1747,Female,26-35,Regular,Yes,Nagpur
1748,Male,26-35,Regular,Yes,Bengaluru
1749,Male,18-25,Regular,Yes,Lucknow
1750,Male,36-45,Budget,No,Ahmedabad
1751,Female,46-60,Business,No,Bhubaneswar
1752,Male,46-60,Regular,No,Chandigarh
1753,Male,46-60,Budget,No,Mumbai
1754,Male,26-35,Regular,No,Mumbai
1755,Male,36-45,Regular,No,Bengaluru
1756,Female,26-35,Budget,Yes,Lucknow
1757,Female,18-25,Budget,Yes,Jaipur
1758,Female,46-60,Business,No,Nagpur
1759,Male,36-45,Regular,No,Delhi
1760,Female,36-45,Regular,No,Ahmedabad
1761,Female,26-35,Regular,Yes,Hyderabad
1762,Female,26-35,Regular,No,Surat
1763,Female,46-60,Budget,No,Chandigarh
1764,Female,60+,Regular,Yes,Chandigarh
1765,Female,26-35,Budget,No,Mumbai
1766,Female,18-25,Budget,Yes,Jaipur
1767,Female,36-45,Premium,No,Bhubaneswar
1768,Male,36-45,Business,Yes,Surat
1769,Male,18-25,Regular,Yes,Bhubaneswar
1770,Female,46-60,Budget,No,Bhubaneswar
1771,Female,46-60,Regular,Yes,Kochi
1772,Female,46-60,Premium,Yes,Indore
1773,Male,26-35,Regular,Yes,Chandigarh
1774,Male,26-35,Budget,No,Bengaluru
1775,Female,26-35,Premium,No,Ahmedabad
1776,Male,26-35,Budget,No,Chandigarh
1777,Female,36-45,Budget,No,Bhubaneswar
1778,Female,36-45,Budget,No,Bengaluru
1779,Female,46-60,Budget,No,Bhubaneswar
1780,Male,26-35,Regular,No,Pune
1781,Female,26-35,Budget,No,Chennai
1782,Male,26-35,Regular,No,Jaipur
1783,Female,46-60,Regular,Yes,Kochi
1784,Male,18-25,Budget,Yes,Bhubaneswar
1785,Female,36-45,Budget,No,Indore
1786,Male,18-25,Budget,No,Lucknow
1787,Female,46-60,Regular,No,Mumbai
1788,Female,18-25,Regular,No,Bengaluru
1789,Female,36-45,Budget,No,Ahmedabad
1790,Male,26-35,Budget,Yes,Mumbai
1791,Female,26-35,Regular,Yes,Bengaluru
1792,Male,26-35,Business,Yes,Kochi
1793,Male,60+,Budget,Yes,Bhubaneswar
1794,Female,36-45,Regular,No,Surat
1795,Female,36-45,Budget,Yes,Indore
1796,Female,36-45,Business,Yes,Nagpur
1797,Female,26-35,Premium,Yes,Pune
1798,Female,18-25,Business,Yes,Nagpur
1799,Male,46-60,Budget,No,Kochi
1800,Female,26-35,Budget,No,Indore
1801,Female,36-45,Premium,No,Mumbai
1802,Male,26-35,Business,No,Chandigarh
1803,Female,26-35,Premium,No,Indore
1804,Male,36-45,Budget,No,Ahmedabad
1805,Female,46-60,Regular,No,Lucknow
1806,Female,36-45,Budget,Yes,Bengaluru
1807,Female,26-35,Regular,No,Nagpur
1808,Male,36-45,Business,No,Bhubaneswar
1809,Female,26-35,Regular,No,Chennai
1810,Male,36-45,Premium,No,Bhubaneswar
1811,Male,36-45,Regular,No,Chandigarh
1812,Male,36-45,Regular,No,Pune
1813,Male,26-35,Regular,Yes,Lucknow
1814,Male,18-25,Premium,No,Indore
1815,Male,18-25,Regular,Yes,Nagpur
1816,Female,46-60,Regular,No,Ahmedabad
1817,Female,18-25,Regular,Yes,Ahmedabad
1818,Female,26-35,Regular,No,Chennai
1819,Female,60+,Budget,Yes,Bengaluru
1820,Male,26-35,Budget,No,Chandigarh
1821,Male,36-45,Premium,Yes,Delhi
1822,Male,18-25,Budget,No,Mumbai
1823,Female,46-60,Budget,No,Ahmedabad
1824,Male,26-35,Budget,No,Bengaluru
1825,Male,36-45,Budget,No,Pune
1826,Male,26-35,Budget,Yes,Indore
1827,Male,46-60,Premium,Yes,Surat
1828,Female,46-60,Business,No,Nagpur
1829,Male,46-60,Budget,Yes,Mumbai
1830,Female,46-60,Budget,Yes,Jaipur
1831,Female,46-60,Regular,No,Nagpur
1832,Female,18-25,Regular,Yes,Chandigarh
1833,Male,26-35,Regular,No,Surat
1834,Male,46-60,Business,No,Nagpur
1835,Female,36-45,Regular,Yes,Mumbai
1836,Female,36-45,Budget,Yes,Chandigarh
1837,Female,26-35,Business,Yes,Chennai
1838,Female,36-45,Budget,Yes,Jaipur
1839,Female,46-60,Regular,No,Chennai
1840,Male,46-60,Budget,No,Kochi
1841,Male,36-45,Premium,No,Chennai
1842,Female,26-35,Budget,Yes,Kochi
1843,Female,36-45,Business,Yes,Pune
1844,Male,46-60,Premium,No,Lucknow
1845,Male,36-45,Regular,Yes,Mumbai
1846,Male,18-25,Regular,No,Mumbai
1847,Female,18-25,Budget,No,Ahmedabad
1848,Female,60+,Regular,No,Hyderabad
1849,Female,18-25,Premium,Yes,Ahmedabad
1850,Female,46-60,Regular,No,Bengaluru
1851,Female,26-35,Regular,No,Ahmedabad
1852,Female,36-45,Regular,No,Nagpur
1853,Male,46-60,Premium,Yes,Ahmedabad
1854,Female,18-25,Budget,Yes,Jaipur
1855,Male,18-25,Regular,No,Bhubaneswar
1856,Female,18-25,Budget,No,Mumbai
1857,Female,60+,Budget,No,Lucknow
1858,Female,26-35,Business,Yes,Kochi
1859,Female,46-60,Budget,No,Indore
1860,Female,26-35,Budget,Yes,Nagpur
1861,Male,18-25,Business,No,Lucknow
1862,Male,26-35,Premium,Yes,Delhi
1863,Female,36-45,Regular,No,Indore
1864,Male,36-45,Regular,No,Delhi
1865,Male,26-35,Budget,No,Kochi
1866,Male,46-60,Business,Yes,Chennai
1867,Female,26-35,Regular,Yes,Delhi
1868,Female,18-25,Budget,Yes,Hyderabad
1869,Female,36-45,Budget,Yes,Jaipur
1870,Male,36-45,Regular,Yes,Bengaluru
1871,Male,36-45,Regular,Yes,Ahmedabad
1872,Male,36-45,Regular,Yes,Pune
1873,Female,36-45,Regular,No,Delhi
1874,Male,36-45,Premium,No,Mumbai
1875,Female,46-60,Budget,No,Mumbai
1876,Female,26-35,Regular,No,Chandigarh
1877,Female,26-35,Budget,No,Kochi
1878,Male,26-35,Regular,No,Chandigarh
1879,Male,60+,Regular,Yes,Nagpur
1880,Female,36-45,Business,No,Ahmedabad
1881,Female,26-35,Premium,Yes,Ahmedabad
1882,Female,18-25,Regular,Yes,Nagpur
1883,Female,46-60,Regular,No,Chandigarh
1884,Female,26-35,Regular,Yes,Jaipur
1885,Male,26-35,Budget,Yes,Pune
1886,Female,46-60,Budget,Yes,Kochi
1887,Female,36-45,Premium,No,Lucknow
1888,Female,26-35,Regular,No,Hyderabad
1889,Female,18-25,Business,No,Surat
1890,Female,46-60,Budget,No,Hyderabad
1891,Male,26-35,Budget,Yes,Ahmedabad
1892,Male,36-45,Budget,No,Chandigarh
1893,Female,26-35,Premium,Yes,Indore
1894,Female,26-35,Premium,Yes,Hyderabad
1895,Male,36-45,Premium,No,Nagpur
1896,Male,26-35,Budget,Yes,Bhubaneswar
1897,Male,36-45,Budget,No,Mumbai
1898,Female,36-45,Budget,Yes,Hyderabad
1899,Male,26-35,Regular,Yes,Surat
1900,Male,18-25,Premium,Yes,Mumbai
1901,Male,36-45,Regular,No,Mumbai
1902,Male,60+,Regular,No,Chandigarh
1903,Male,36-45,Business,No,Chandigarh
1904,Female,18-25,Premium,No,Bengaluru
1905,Female,46-60,Regular,No,Delhi
1906,Male,60+,Regular,Yes,Indore
1907,Male,46-60,Regular,No,Chandigarh
1908,Female,46-60,Budget,No,Mumbai
1909,Male,60+,Business,No,Mumbai
1910,Male,26-35,Budget,No,Pune
1911,Female,60+,Regular,No,Bhubaneswar
1912,Female,60+,Premium,Yes,Pune
1913,Male,18-25,Business,No,Nagpur
1914,Female,26-35,Regular,Yes,Hyderabad
1915,Female,36-45,Regular,No,Chennai
1916,Male,36-45,Regular,Yes,Pune
1917,Female,26-35,Budget,Yes,Delhi
1918,Female,26-35,Regular,Yes,Delhi
1919,Female,26-35,Regular,No,Bhubaneswar
1920,Female,36-45,Budget,Yes,Pune
1921,Female,46-60,Budget,Yes,Jaipur
1922,Male,18-25,Premium,No,Mumbai
1923,Male,18-25,Premium,Yes,Bengaluru
1924,Male,46-60,Budget,No,Mumbai
1925,Female,46-60,Regular,No,Delhi
1926,Female,36-45,Budget,No,Indore
1927,Male,18-25,Premium,Yes,Pune
1928,Male,18-25,Budget,No,Bengaluru
1929,Male,26-35,Business,Yes,Kochi
1930,Male,26-35,Budget,Yes,Kochi
1931,Male,26-35,Regular,No,Hyderabad
1932,Male,26-35,Regular,No,Kochi
1933,Male,26-35,Budget,Yes,Lucknow
1934,Male,36-45,Regular,No,Nagpur
1935,Male,18-25,Budget,No,Mumbai
1936,Female,26-35,Premium,Yes,Chandigarh
1937,Female,36-45,Budget,Yes,Chennai
1938,Female,26-35,Budget,No,Lucknow
1939,Female,46-60,Budget,Yes,Bengaluru
1940,Male,36-45,Regular,No,Delhi
1941,Male,26-35,Regular,Yes,Nagpur
1942,Male,36-45,Business,Yes,Bhubaneswar
1943,Female,26-35,Premium,No,Kochi
1944,Male,26-35,Premium,Yes,Chennai
1945,Female,46-60,Budget,Yes,Bengaluru
1946,Female,26-35,Business,No,Pune
1947,Female,26-35,Regular,Yes,Nagpur
1948,Female,60+,Premium,No,Delhi
1949,Female,46-60,Budget,Yes,Chandigarh
1950,Male,26-35,Business,Yes,Chandigarh
1951,Female,18-25,Regular,Yes,Delhi
1952,Female,26-35,Regular,Yes,Jaipur
1953,Female,46-60,Regular,No,Jaipur
1954,Female,60+,Regular,No,Bengaluru
1955,Female,18-25,Business,No,Mumbai
1956,Female,26-35,Business,No,Lucknow
1957,Female,36-45,Regular,Yes,Chennai
1958,Female,26-35,Regular,No,Ahmedabad
1959,Female,36-45,Premium,No,Pune
1960,Female,26-35,Budget,Yes,Jaipur
1961,Female,36-45,Regular,No,Pune
1962,Female,36-45,Business,No,Nagpur
1963,Female,46-60,Regular,No,Pune
1964,Male,46-60,Business,Yes,Indore
1965,Male,26-35,Regular,No,Hyderabad
1966,Female,18-25,Budget,No,Nagpur
1967,Female,18-25,Regular,No,Jaipur
1968,Female,36-45,Premium,No,Ahmedabad
1969,Male,26-35,Premium,Yes,Pune
1970,Female,36-45,Budget,No,Delhi
1971,Female,36-45,Budget,Yes,Bhubaneswar
1972,Male,60+,Budget,No,Lucknow
1973,Male,36-45,Regular,Yes,Indore
1974,Male,46-60,Regular,No,Hyderabad
1975,Female,26-35,Regular,No,Ahmedabad
1976,Female,18-25,Budget,Yes,Bengaluru
1977,Female,36-45,Premium,No,Jaipur
1978,Female,18-25,Budget,Yes,Lucknow
1979,Female,26-35,Regular,Yes,Chennai
1980,Male,18-25,Budget,No,Indore
1981,Female,46-60,Regular,Yes,Pune
1982,Female,26-35,Regular,No,Ahmedabad
1983,Female,26-35,Regular,No,Pune
1984,Male,36-45,Regular,No,Bhubaneswar
1985,Male,18-25,Budget,Yes,Kochi
1986,Male,18-25,Regular,No,Mumbai
1987,Female,26-35,Business,Yes,Pune
1988,Female,36-45,Regular,No,Mumbai
1989,Male,46-60,Regular,No,Ahmedabad
1990,Female,26-35,Budget,No,Jaipur
1991,Male,36-45,Regular,No,Delhi
1992,Male,36-45,Budget,Yes,Kochi
1993,Female,26-35,Business,Yes,Bengaluru
1994,Female,26-35,Regular,Yes,Bhubaneswar
1995,Male,18-25,Regular,Yes,Chandigarh
1996,Female,18-25,Budget,Yes,Indore
1997,Male,26-35,Budget,No,Kochi
1998,Female,26-35,Regular,No,Bengaluru
1999,Male,36-45,Regular,Yes,Pune
2000,Female,26-35,Budget,Yes,Chennai
2001,Female,26-35,Budget,Yes,Chandigarh
2002,Male,26-35,Budget,No,Mumbai
2003,Male,46-60,Regular,Yes,Indore
2004,Male,36-45,Budget,No,Surat
2005,Male,26-35,Premium,Yes,Nagpur
2006,Male,26-35,Premium,No,Hyderabad
2007,Female,36-45,Regular,Yes,Kochi
2008,Female,46-60,Business,No,Bengaluru
2009,Male,46-60,Premium,Yes,Chandigarh
2010,Male,46-60,Budget,Yes,Surat
2011,Male,18-25,Budget,Yes,Nagpur
2012,Female,36-45,Budget,Yes,Pune
2013,Male,26-35,Budget,Yes,Pune
2014,Female,26-35,Premium,Yes,Delhi
2015,Male,18-25,Premium,No,Nagpur
2016,Male,46-60,Regular,No,Chandigarh
2017,Male,36-45,Regular,Yes,Nagpur
2018,Female,26-35,Premium,No,Jaipur
2019,Male,26-35,Regular,Yes,Kochi
2020,Female,26-35,Regular,Yes,Ahmedabad
2021,Male,36-45,Regular,No,Jaipur
2022,Female,26-35,Premium,No,Bhubaneswar
2023,Male,26-35,Budget,Yes,Chennai
2024,Male,46-60,Premium,No,Jaipur
2025,Female,46-60,Premium,No,Surat
2026,Female,18-25,Premium,Yes,Kochi
2027,Male,26-35,Regular,No,Pune
2028,Male,26-35,Regular,No,Nagpur
2029,Female,26-35,Budget,Yes,Chandigarh
2030,Female,36-45,Premium,Yes,Pune
2031,Female,46-60,Regular,Yes,Ahmedabad
2032,Female,36-45,Business,No,Pune
2033,Female,26-35,Regular,No,Surat
2034,Female,26-35,Business,Yes,Surat
2035,Male,60+,Regular,No,Surat
2036,Male,46-60,Budget,No,Bhubaneswar
2037,Male,26-35,Budget,No,Nagpur
2038,Male,36-45,Budget,No,Indore
2039,Male,26-35,Regular,Yes,Chandigarh
2040,Female,26-35,Premium,No,Surat
2041,Female,36-45,Regular,No,Surat
2042,Male,46-60,Budget,No,Mumbai
2043,Male,26-35,Premium,No,Nagpur
2044,Male,36-45,Budget,No,Nagpur
2045,Male,60+,Premium,No,Chennai
2046,Male,26-35,Budget,Yes,Hyderabad
2047,Female,26-35,Premium,Yes,Surat
2048,Female,18-25,Regular,Yes,Mumbai
2049,Male,26-35,Budget,Yes,Indore
2050,Male,36-45,Regular,No,Indore
2051,Female,36-45,Regular,Yes,Delhi
2052,Male,26-35,Premium,No,Surat
2053,Female,60+,Regular,Yes,Indore
2054,Male,26-35,Budget,No,Ahmedabad
2055,Male,26-35,Budget,Yes,Lucknow
2056,Female,18-25,Budget,No,Kochi
2057,Female,26-35,Regular,No,Chennai
2058,Male,46-60,Budget,No,Ahmedabad
2059,Female,36-45,Budget,Yes,Jaipur
2060,Male,26-35,Premium,No,Ahmedabad
2061,Female,26-35,Regular,No,Mumbai
2062,Female,18-25,Budget,No,Bengaluru
2063,Female,26-35,Business,Yes,Bengaluru
2064,Male,46-60,Regular,No,Delhi
2065,Female,26-35,Budget,Yes,Delhi
2066,Male,18-25,Premium,No,Jaipur
2067,Male,26-35,Budget,No,Bengaluru
2068,Female,36-45,Premium,Yes,Pune
2069,Female,36-45,Regular,Yes,Mumbai
2070,Female,26-35,Budget,Yes,Ahmedabad
2071,Male,18-25,Business,No,Lucknow
2072,Male,26-35,Budget,Yes,Bengaluru
2073,Male,60+,Regular,Yes,Lucknow
2074,Male,26-35,Budget,Yes,Chandigarh
2075,Female,18-25,Budget,No,Bengaluru
2076,Female,36-45,Regular,Yes,Delhi
2077,Female,46-60,Budget,No,Delhi
2078,Female,26-35,Regular,Yes,Surat
2079,Male,18-25,Budget,Yes,Hyderabad
2080,Male,26-35,Premium,Yes,Bengaluru
2081,Female,46-60,Regular,Yes,Mumbai
2082,Female,18-25,Business,No,Pune
2083,Female,18-25,Budget,Yes,Ahmedabad
2084,Female,36-45,Regular,Yes,Chandigarh
2085,Female,36-45,Budget,No,Surat
2086,Male,26-35,Regular,Yes,Bhubaneswar
2087,Female,36-45,Budget,No,Lucknow
2088,Male,46-60,Budget,Yes,Ahmedabad
2089,Female,36-45,Regular,Yes,Delhi
2090,Female,46-60,Budget,No,Nagpur
2091,Female,36-45,Business,No,Surat
2092,Male,26-35,Regular,No,Surat
2093,Male,26-35,Regular,No,Mumbai
2094,Male,26-35,Business,No,Chennai
2095,Male,26-35,Budget,Yes,Nagpur
2096,Female,26-35,Budget,Yes,Chennai
2097,Male,46-60,Regular,No,Indore
2098,Female,36-45,Budget,No,Kochi
2099,Male,18-25,Budget,No,Lucknow
2100,Male,36-45,Premium,No,Kochi
2101,Female,26-35,Premium,Yes,Chandigarh
2102,Female,26-35,Regular,Yes,Ahmedabad
2103,Male,60+,Budget,Yes,Bengaluru
2104,Male,18-25,Regular,Yes,Surat
2105,Female,26-35,Budget,No,Nagpur
2106,Female,36-45,Budget,Yes,Ahmedabad
2107,Female,26-35,Regular,No,Jaipur
2108,Male,18-25,Budget,Yes,Bengaluru
2109,Female,18-25,Budget,No,Mumbai
2110,Male,18-25,Business,No,Mumbai
2111,Female,60+,Regular,Yes,Chandigarh
2112,Male,26-35,Budget,Yes,Kochi
2113,Female,46-60,Regular,Yes,Indore
2114,Male,18-25,Budget,No,Bengaluru
2115,Male,60+,Regular,No,Surat
2116,Female,46-60,Regular,No,Mumbai
2117,Male,26-35,Budget,No,Mumbai
2118,Male,26-35,Budget,Yes,Indore
2119,Female,26-35,Budget,Yes,Delhi
2120,Female,26-35,Budget,Yes,Hyderabad
2121,Female,18-25,Premium,No,Kochi
2122,Female,26-35,Budget,No,Bhubaneswar
2123,Female,26-35,Regular,Yes,Nagpur
2124,Female,18-25,Premium,No,Ahmedabad
2125,Female,18-25,Regular,No,Mumbai
2126,Female,26-35,Budget,Yes,Ahmedabad
2127,Female,60+,Budget,Yes,Kochi
2128,Male,26-35,Business,Yes,Chandigarh
2129,Female,26-35,Budget,No,Bhubaneswar
2130,Female,18-25,Regular,Yes,Jaipur
2131,Female,26-35,Budget,Yes,Chennai
2132,Male,46-60,Budget,No,Bengaluru
2133,Male,36-45,Regular,No,Ahmedabad
2134,Male,26-35,Budget,No,Bengaluru
2135,Female,18-25,Business,No,Lucknow
2136,Male,26-35,Budget,No,Ahmedabad
2137,Male,36-45,Regular,Yes,Bengaluru
2138,Male,26-35,Regular,No,Indore
2139,Male,18-25,Business,No,Jaipur
2140,Male,26-35,Regular,Yes,Hyderabad
2141,Female,36-45,Budget,Yes,Bhubaneswar
2142,Male,26-35,Regular,Yes,Pune
2143,Female,26-35,Budget,Yes,Delhi
2144,Female,18-25,Regular,No,Delhi
2145,Male,46-60,Regular,No,Delhi
2146,Female,26-35,Regular,No,Surat
2147,Male,36-45,Regular,No,Bengaluru
2148,Male,18-25,Budget,No,Bhubaneswar
2149,Female,36-45,Regular,No,Jaipur
2150,Female,46-60,Regular,No,Kochi
2151,Female,26-35,Regular,No,Indore
2152,Male,46-60,Budget,No,Ahmedabad
2153,Female,18-25,Budget,No,Hyderabad
2154,Female,18-25,Regular,Yes,Nagpur
2155,Female,46-60,Budget,Yes,Jaipur
2156,Male,36-45,Budget,No,Bhubaneswar
2157,Male,46-60,Regular,Yes,Chennai
2158,Female,26-35,Regular,No,Chennai
2159,Male,26-35,Regular,Yes,Hyderabad
2160,Female,26-35,Premium,No,Bengaluru
2161,Female,18-25,Regular,Yes,Pune
2162,Female,18-25,Regular,No,Chennai
2163,Female,18-25,Premium,Yes,Surat
2164,Male,18-25,Regular,Yes,Nagpur
2165,Male,36-45,Regular,Yes,Kochi
2166,Female,26-35,Budget,Yes,Pune
2167,Male,46-60,Budget,Yes,Pune
2168,Male,36-45,Regular,No,Bhubaneswar
2169,Male,60+,Regular,No,Lucknow
2170,Female,36-45,Business,Yes,Bengaluru
2171,Male,18-25,Budget,Yes,Chandigarh
2172,Male,26-35,Budget,Yes,Ahmedabad
2173,Female,46-60,Budget,No,Bengaluru
2174,Female,60+,Budget,No,Nagpur
2175,Male,26-35,Budget,Yes,Hyderabad
2176,Male,46-60,Premium,Yes,Jaipur
2177,Female,36-45,Budget,No,Jaipur
2178,Female,36-45,Premium,No,Pune
2179,Female,36-45,Premium,No,Lucknow
2180,Female,46-60,Regular,No,Pune
2181,Male,26-35,Premium,Yes,Bhubaneswar
2182,Female,60+,Budget,No,Chennai
2183,Female,18-25,Budget,No,Ahmedabad
2184,Male,46-60,Regular,No,Bengaluru
2185,Male,36-45,Regular,Yes,Hyderabad
2186,Female,36-45,Regular,No,Lucknow
2187,Female,46-60,Budget,Yes,Chennai
2188,Male,26-35,Budget,Yes,Chandigarh
2189,Male,26-35,Regular,Yes,Surat
2190,Female,46-60,Budget,Yes,Pune
2191,Male,26-35,Regular,Yes,Ahmedabad
2192,Female,36-45,Premium,Yes,Indore
2193,Male,18-25,Budget,Yes,Surat
2194,Male,60+,Regular,Yes,Ahmedabad
2195,Female,60+,Regular,Yes,Delhi
2196,Female,36-45,Regular,No,Pune
2197,Female,18-25,Budget,No,Mumbai
2198,Male,46-60,Budget,Yes,Indore
2199,Female,18-25,Premium,No,Hyderabad
2200,Male,46-60,Budget,No,Indore
2201,Female,18-25,Budget,No,Chennai
2202,Male,36-45,Regular,Yes,Bhubaneswar
2203,Male,36-45,Regular,Yes,Delhi
2204,Female,26-35,Regular,No,Bhubaneswar
2205,Male,46-60,Premium,Yes,Kochi
2206,Male,26-35,Budget,Yes,Surat
2207,Male,18-25,Budget,Yes,Kochi
2208,Female,46-60,Budget,No,Jaipur
2209,Female,26-35,Budget,Yes,Kochi
2210,Female,46-60,Business,No,Mumbai
2211,Female,18-25,Premium,No,Hyderabad
2212,Female,26-35,Budget,Yes,Hyderabad
2213,Female,46-60,Regular,No,Surat
2214,Female,36-45,Budget,Yes,Surat
2215,Male,18-25,Regular,Yes,Kochi
2216,Male,26-35,Budget,Yes,Bhubaneswar
2217,Male,26-35,Budget,No,Pune
2218,Male,26-35,Business,No,Jaipur
2219,Female,46-60,Budget,Yes,Bhubaneswar
2220,Male,26-35,Budget,Yes,Pune
2221,Female,26-35,Regular,No,Pune
2222,Male,26-35,Regular,No,Nagpur
2223,Female,26-35,Premium,No,Kochi
2224,Male,26-35,Regular,Yes,Bhubaneswar
2225,Female,46-60,Business,Yes,Chandigarh
2226,Female,46-60,Premium,No,Nagpur
2227,Male,46-60,Regular,Yes,Hyderabad
2228,Female,18-25,Business,Yes,Chandigarh
2229,Female,26-35,Budget,No,Hyderabad
2230,Female,26-35,Regular,No,Delhi
2231,Female,36-45,Regular,Yes,Nagpur
2232,Male,26-35,Budget,No,Chandigarh
2233,Male,46-60,Budget,Yes,Lucknow
2234,Male,18-25,Regular,Yes,Ahmedabad
2235,Female,18-25,Budget,No,Ahmedabad
2236,Male,36-45,Business,No,Bengaluru
2237,Female,26-35,Budget,Yes,Chandigarh
2238,Female,26-35,Regular,No,Bengaluru
2239,Male,60+,Regular,No,Lucknow
2240,Male,18-25,Budget,No,Surat
2241,Male,18-25,Premium,No,Bhubaneswar
2242,Female,26-35,Budget,No,Jaipur
2243,Male,26-35,Regular,Yes,Jaipur
2244,Male,26-35,Regular,Yes,Mumbai
2245,Male,60+,Regular,No,Chennai
2246,Male,26-35,Budget,Yes,Bengaluru
2247,Female,46-60,Premium,Yes,Nagpur
2248,Female,26-35,Premium,Yes,Bhubaneswar
2249,Male,60+,Regular,No,Hyderabad
2250,Female,36-45,Budget,No,Kochi
2251,Male,46-60,Regular,No,Jaipur
2252,Female,18-25,Regular,Yes,Delhi
2253,Female,36-45,Business,No,Chandigarh
2254,Male,18-25,Business,No,Delhi
2255,Male,36-45,Regular,No,Mumbai
2256,Female,18-25,Regular,No,Jaipur
2257,Female,26-35,Budget,No,Bhubaneswar
2258,Male,18-25,Premium,Yes,Lucknow
2259,Female,46-60,Regular,No,Chennai
2260,Male,60+,Budget,No,Bengaluru
2261,Female,26-35,Budget,Yes,Pune
2262,Male,46-60,Business,Yes,Delhi
2263,Male,26-35,Regular,No,Nagpur
2264,Female,46-60,Business,No,Mumbai
2265,Male,26-35,Regular,No,Bengaluru
2266,Male,46-60,Budget,No,Chennai
2267,Female,46-60,Business,No,Lucknow
2268,Male,26-35,Budget,No,Chandigarh
2269,Female,36-45,Regular,No,Nagpur
2270,Male,18-25,Budget,No,Bengaluru
2271,Female,26-35,Budget,No,Jaipur
2272,Male,18-25,Budget,No,Chennai
2273,Male,36-45,Budget,No,Bengaluru
2274,Male,18-25,Regular,No,Delhi
2275,Female,18-25,Premium,No,Surat
2276,Male,26-35,Premium,No,Lucknow
2277,Female,18-25,Budget,Yes,Hyderabad
2278,Female,46-60,Budget,Yes,Lucknow
2279,Male,36-45,Budget,No,Chennai
2280,Male,26-35,Regular,No,Chennai
2281,Male,46-60,Regular,No,Hyderabad
2282,Male,36-45,Budget,No,Indore
2283,Male,36-45,Business,No,Hyderabad
2284,Male,36-45,Business,Yes,Bengaluru
2285,Male,26-35,Budget,Yes,Chandigarh
2286,Male,46-60,Budget,Yes,Pune
2287,Female,26-35,Business,Yes,Pune
2288,Female,26-35,Premium,Yes,Hyderabad
2289,Male,26-35,Regular,No,Surat
2290,Female,26-35,Regular,Yes,Chennai
2291,Female,26-35,Premium,No,Delhi
2292,Male,26-35,Regular,No,Hyderabad
2293,Male,36-45,Regular,Yes,Bengaluru
2294,Male,36-45,Budget,Yes,Pune
2295,Female,18-25,Premium,No,Chennai
2296,Male,36-45,Regular,Yes,Hyderabad
2297,Male,18-25,Budget,No,Ahmedabad
2298,Male,26-35,Regular,Yes,Kochi
2299,Female,18-25,Regular,Yes,Chandigarh
2300,Female,26-35,Business,Yes,Indore
2301,Male,36-45,Premium,No,Hyderabad
2302,Female,36-45,Budget,No,Lucknow
2303,Male,26-35,Regular,No,Bhubaneswar
2304,Female,26-35,Budget,Yes,Bengaluru
2305,Female,36-45,Budget,Yes,Bhubaneswar
2306,Female,26-35,Regular,Yes,Indore
2307,Female,26-35,Premium,Yes,Hyderabad
2308,Male,26-35,Budget,Yes,Bhubaneswar
2309,Male,26-35,Budget,Yes,Lucknow
2310,Male,18-25,Budget,No,Surat
2311,Male,26-35,Regular,Yes,Lucknow
2312,Female,18-25,Budget,Yes,Mumbai
2313,Male,18-25,Regular,No,Chennai
2314,Female,46-60,Budget,Yes,Nagpur
2315,Male,18-25,Regular,No,Lucknow
2316,Male,46-60,Budget,Yes,Kochi
2317,Female,46-60,Premium,Yes,Jaipur
2318,Female,18-25,Budget,No,Mumbai
2319,Female,36-45,Budget,Yes,Kochi
2320,Male,36-45,Budget,Yes,Bengaluru
2321,Male,36-45,Budget,Yes,Hyderabad
2322,Female,26-35,Premium,Yes,Hyderabad
2323,Male,18-25,Regular,No,Chandigarh
2324,Female,46-60,Regular,Yes,Nagpur
2325,Male,26-35,Budget,Yes,Ahmedabad
2326,Male,36-45,Budget,Yes,Delhi
2327,Male,26-35,Regular,Yes,Nagpur
2328,Male,26-35,Regular,Yes,Bengaluru
2329,Female,46-60,Regular,No,Lucknow
2330,Male,60+,Premium,No,Bengaluru
2331,Female,26-35,Budget,No,Ahmedabad
2332,Male,18-25,Regular,No,Chennai
2333,Male,46-60,Regular,No,Chennai
2334,Male,26-35,Premium,Yes,Mumbai
2335,Female,26-35,Regular,No,Kochi
2336,Male,18-25,Regular,No,Chandigarh
2337,Male,26-35,Regular,Yes,Bengaluru
2338,Male,26-35,Regular,No,Delhi
2339,Male,26-35,Budget,No,Lucknow
2340,Male,26-35,Regular,No,Pune
2341,Male,36-45,Premium,Yes,Surat
2342,Male,26-35,Regular,No,Mumbai
2343,Female,26-35,Regular,No,Chandigarh
2344,Male,18-25,Budget,No,Chandigarh
2345,Male,46-60,Premium,No,Delhi
2346,Male,18-25,Budget,Yes,Kochi
2347,Female,46-60,Regular,No,Hyderabad
2348,Male,36-45,Regular,Yes,Lucknow
2349,Female,36-45,Budget,No,Pune
2350,Male,36-45,Budget,No,Chennai
2351,Male,18-25,Regular,Yes,Indore
2352,Male,26-35,Premium,No,Surat
2353,Male,18-25,Budget,Yes,Jaipur
2354,Male,26-35,Budget,Yes,Delhi
2355,Female,26-35,Budget,Yes,Chandigarh
2356,Female,18-25,Regular,Yes,Ahmedabad
2357,Female,36-45,Regular,No,Chennai
2358,Female,36-45,Budget,Yes,Pune
2359,Male,26-35,Regular,No,Lucknow
2360,Female,36-45,Regular,No,Hyderabad
2361,Male,18-25,Business,No,Bhubaneswar
2362,Male,46-60,Budget,Yes,Delhi
2363,Male,26-35,Premium,Yes,Chennai
2364,Male,26-35,Budget,No,Kochi
2365,Male,26-35,Regular,No,Jaipur
2366,Female,26-35,Budget,No,Bhubaneswar
2367,Female,36-45,Regular,Yes,Bengaluru
2368,Female,26-35,Regular,No,Chennai
2369,Male,26-35,Budget,No,Bengaluru
2370,Male,26-35,Premium,Yes,Kochi
2371,Male,46-60,Budget,No,Bhubaneswar
2372,Male,26-35,Business,No,Chennai
2373,Male,18-25,Regular,Yes,Bhubaneswar
2374,Female,26-35,Budget,No,Bhubaneswar
2375,Male,36-45,Budget,No,Bengaluru
2376,Female,46-60,Regular,Yes,Jaipur
2377,Male,46-60,Regular,No,Lucknow
2378,Male,46-60,Budget,Yes,Kochi
2379,Female,36-45,Budget,No,Chennai
2380,Male,26-35,Budget,No,Kochi
2381,Male,26-35,Budget,No,Chandigarh
2382,Female,18-25,Budget,No,Hyderabad
2383,Male,26-35,Budget,Yes,Lucknow
2384,Male,18-25,Premium,No,Hyderabad
2385,Male,26-35,Regular,No,Indore
2386,Male,36-45,Business,Yes,Indore
2387,Female,60+,Regular,Yes,Hyderabad
2388,Male,60+,Premium,No,Delhi
2389,Female,36-45,Premium,No,Nagpur
2390,Female,46-60,Business,Yes,Pune
2391,Male,46-60,Premium,No,Kochi
2392,Male,36-45,Premium,No,Hyderabad
2393,Male,46-60,Premium,Yes,Pune
2394,Female,26-35,Business,Yes,Lucknow
2395,Female,46-60,Regular,Yes,Chandigarh
2396,Female,46-60,Budget,No,Indore
2397,Female,36-45,Regular,Yes,Nagpur
2398,Female,36-45,Budget,Yes,Pune
2399,Female,18-25,Budget,No,Bhubaneswar
2400,Female,26-35,Budget,Yes,Chennai
2401,Female,18-25,Regular,No,Delhi
2402,Male,18-25,Regular,No,Surat
2403,Male,18-25,Budget,Yes,Jaipur
2404,Female,18-25,Budget,No,Nagpur
2405,Female,36-45,Regular,No,Lucknow
2406,Female,26-35,Premium,Yes,Bhubaneswar
2407,Male,18-25,Regular,No,Bhubaneswar
2408,Male,46-60,Regular,No,Bengaluru
2409,Male,26-35,Business,No,Surat
2410,Male,26-35,Premium,Yes,Ahmedabad
2411,Male,18-25,Regular,Yes,Chandigarh
2412,Female,26-35,Premium,Yes,Bengaluru
2413,Female,36-45,Regular,No,Surat
2414,Male,36-45,Regular,No,Jaipur
2415,Male,18-25,Premium,Yes,Lucknow
2416,Female,46-60,Premium,Yes,Chennai
2417,Male,26-35,Budget,No,Pune
2418,Male,18-25,Budget,Yes,Hyderabad
2419,Male,36-45,Regular,No,Chandigarh
2420,Male,46-60,Regular,No,Delhi
2421,Female,60+,Regular,No,Chennai
2422,Female,36-45,Premium,Yes,Indore
2423,Female,46-60,Premium,No,Indore
2424,Female,18-25,Regular,No,Chandigarh
2425,Female,36-45,Budget,No,Lucknow
2426,Female,36-45,Business,Yes,Chandigarh
2427,Female,36-45,Budget,No,Chennai
2428,Male,46-60,Business,Yes,Bhubaneswar
2429,Male,26-35,Budget,No,Mumbai
2430,Male,26-35,Premium,Yes,Bengaluru
2431,Male,26-35,Budget,No,Kochi
2432,Male,36-45,Regular,Yes,Mumbai
2433,Male,26-35,Regular,Yes,Bengaluru
2434,Female,36-45,Budget,No,Hyderabad
2435,Male,46-60,Business,Yes,Nagpur
2436,Female,46-60,Premium,No,Chennai
2437,Female,26-35,Business,No,Mumbai
2438,Female,36-45,Premium,No,Lucknow
2439,Female,18-25,Regular,Yes,Pune
2440,Female,36-45,Regular,Yes,Lucknow
2441,Female,46-60,Premium,Yes,Nagpur
2442,Male,36-45,Regular,No,Mumbai
2443,Male,26-35,Regular,No,Bhubaneswar
2444,Male,26-35,Premium,Yes,Hyderabad
2445,Female,36-45,Premium,No,Bhubaneswar
2446,Male,26-35,Premium,No,Delhi
2447,Female,36-45,Budget,No,Hyderabad
2448,Male,18-25,Premium,Yes,Nagpur
2449,Male,36-45,Regular,Yes,Bhubaneswar
2450,Male,18-25,Regular,No,Surat
2451,Female,18-25,Regular,Yes,Mumbai
2452,Female,18-25,Regular,No,Chandigarh
2453,Male,46-60,Premium,No,Ahmedabad
2454,Male,36-45,Regular,No,Jaipur
2455,Female,26-35,Regular,Yes,Hyderabad
2456,Female,46-60,Budget,Yes,Indore
2457,Male,36-45,Regular,No,Kochi
2458,Female,36-45,Budget,No,Pune
2459,Male,60+,Regular,Yes,Surat
2460,Female,18-25,Regular,No,Indore
2461,Male,60+,Regular,No,Nagpur
2462,Male,60+,Budget,Yes,Hyderabad
2463,Male,26-35,Regular,No,Pune
2464,Male,26-35,Budget,No,Ahmedabad
2465,Male,36-45,Premium,No,Hyderabad
2466,Male,26-35,Regular,Yes,Mumbai
2467,Female,18-25,Budget,No,Ahmedabad
2468,Female,18-25,Regular,No,Jaipur
2469,Female,26-35,Regular,No,Hyderabad
2470,Female,18-25,Budget,No,Indore
2471,Male,26-35,Regular,No,Surat
2472,Male,36-45,Business,Yes,Chennai
2473,Male,46-60,Budget,No,Surat
2474,Male,46-60,Regular,No,Nagpur
2475,Male,46-60,Budget,Yes,Mumbai
2476,Male,18-25,Premium,No,Nagpur
2477,Female,18-25,Budget,No,Hyderabad
2478,Female,26-35,Budget,No,Lucknow
2479,Male,46-60,Premium,Yes,Ahmedabad
2480,Female,26-35,Regular,No,Surat
2481,Male,26-35,Budget,No,Pune
2482,Female,26-35,Regular,No,Kochi
2483,Male,26-35,Business,No,Nagpur
2484,Male,46-60,Budget,Yes,Jaipur
2485,Male,18-25,Regular,Yes,Delhi
2486,Female,26-35,Budget,Yes,Surat
2487,Female,18-25,Budget,Yes,Bengaluru
2488,Male,36-45,Regular,Yes,Pune
2489,Male,18-25,Regular,No,Ahmedabad
2490,Female,36-45,Budget,No,Indore
2491,Female,26-35,Regular,No,Delhi
2492,Male,60+,Regular,Yes,Indore
2493,Female,46-60,Premium,Yes,Bengaluru
2494,Female,60+,Regular,Yes,Indore
2495,Female,36-45,Regular,Yes,Indore
2496,Male,36-45,Premium,Yes,Chennai
2497,Female,60+,Budget,No,Chennai
2498,Female,18-25,Business,No,Bhubaneswar
2499,Female,26-35,Budget,No,Nagpur
2500,Male,18-25,Budget,No,Jaipur
2501,Male,60+,Regular,Yes,Indore
2502,Female,26-35,Regular,No,Mumbai
2503,Female,26-35,Regular,No,Lucknow
2504,Male,26-35,Premium,No,Kochi
2505,Male,46-60,Budget,No,Indore
2506,Female,36-45,Budget,No,Lucknow
2507,Male,36-45,Regular,Yes,Chandigarh
2508,Female,36-45,Budget,No,Nagpur
2509,Female,36-45,Regular,No,Ahmedabad
2510,Male,46-60,Regular,Yes,Delhi
2511,Male,46-60,Premium,Yes,Pune
2512,Male,26-35,Regular,Yes,Ahmedabad
2513,Male,36-45,Regular,Yes,Surat
2514,Female,46-60,Regular,No,Bengaluru
2515,Male,26-35,Premium,No,Surat
2516,Female,26-35,Business,No,Nagpur
2517,Female,18-25,Budget,No,Chennai
2518,Female,18-25,Budget,No,Bhubaneswar
2519,Male,26-35,Regular,No,Pune
2520,Female,26-35,Budget,No,Indore
2521,Male,36-45,Regular,Yes,Bhubaneswar
2522,Female,26-35,Regular,Yes,Ahmedabad
2523,Male,36-45,Business,No,Ahmedabad
2524,Female,26-35,Regular,No,Bhubaneswar
2525,Male,46-60,Budget,No,Hyderabad
2526,Male,18-25,Business,No,Mumbai
2527,Male,26-35,Premium,Yes,Lucknow
2528,Female,26-35,Budget,Yes,Delhi
2529,Female,26-35,Budget,Yes,Pune
2530,Male,46-60,Regular,Yes,Hyderabad
2531,Male,26-35,Regular,No,Jaipur
2532,Male,60+,Regular,Yes,Ahmedabad
2533,Male,26-35,Business,Yes,Chennai
2534,Female,18-25,Premium,Yes,Bhubaneswar
2535,Male,36-45,Regular,No,Ahmedabad
2536,Male,36-45,Regular,Yes,Lucknow
2537,Female,26-35,Budget,Yes,Delhi
2538,Female,26-35,Budget,Yes,Nagpur
2539,Female,46-60,Premium,No,Pune
2540,Male,18-25,Regular,Yes,Jaipur
2541,Female,26-35,Budget,Yes,Kochi
2542,Female,46-60,Regular,Yes,Pune
2543,Female,18-25,Premium,No,Pune
2544,Male,60+,Budget,No,Bengaluru
2545,Male,18-25,Regular,No,Bhubaneswar
2546,Male,46-60,Budget,Yes,Surat
2547,Male,18-25,Regular,No,Pune
2548,Male,46-60,Budget,No,Hyderabad
2549,Female,26-35,Budget,Yes,Surat
2550,Female,36-45,Regular,No,Delhi
2551,Female,46-60,Regular,Yes,Bengaluru
2552,Female,18-25,Regular,Yes,Lucknow
2553,Female,26-35,Regular,No,Surat
2554,Female,36-45,Premium,No,Chandigarh
2555,Male,46-60,Regular,Yes,Bengaluru
2556,Male,46-60,Budget,No,Chennai
2557,Male,36-45,Regular,No,Bengaluru
2558,Male,46-60,Premium,Yes,Hyderabad
2559,Male,18-25,Budget,Yes,Chandigarh
2560,Male,26-35,Budget,Yes,Kochi
2561,Female,26-35,Budget,No,Jaipur
2562,Male,36-45,Budget,No,Lucknow
2563,Female,26-35,Premium,No,Bengaluru
2564,Female,26-35,Regular,Yes,Chennai
2565,Male,26-35,Budget,No,Ahmedabad
2566,Female,26-35,Budget,No,Indore
2567,Female,18-25,Regular,No,Chandigarh
2568,Male,36-45,Budget,Yes,Surat
2569,Male,26-35,Budget,No,Bengaluru
2570,Male,60+,Regular,No,Kochi
2571,Male,36-45,Budget,Yes,Nagpur
2572,Female,46-60,Business,Yes,Indore
2573,Male,36-45,Regular,No,Mumbai
2574,Male,26-35,Regular,Yes,Hyderabad
2575,Male,26-35,Regular,Yes,Pune
2576,Female,36-45,Budget,Yes,Chennai
2577,Female,26-35,Regular,Yes,Nagpur
2578,Female,36-45,Regular,Yes,Delhi
2579,Male,18-25,Regular,No,Bhubaneswar
2580,Female,18-25,Regular,No,Jaipur
2581,Male,26-35,Budget,Yes,Indore
2582,Female,36-45,Business,No,Chandigarh
2583,Female,18-25,Regular,No,Hyderabad
2584,Male,18-25,Business,No,Lucknow
2585,Male,46-60,Regular,No,Bhubaneswar
2586,Male,26-35,Regular,No,Ahmedabad
2587,Female,36-45,Budget,Yes,Bengaluru
2588,Female,26-35,Premium,No,Chandigarh
2589,Female,36-45,Regular,No,Hyderabad
2590,Female,46-60,Budget,No,Pune
2591,Male,26-35,Premium,No,Bhubaneswar
2592,Female,36-45,Business,Yes,Chennai
2593,Female,18-25,Regular,No,Surat
2594,Male,46-60,Budget,No,Mumbai
2595,Male,46-60,Premium,No,Indore
2596,Female,36-45,Regular,No,Chandigarh
2597,Male,18-25,Budget,No,Mumbai
2598,Female,60+,Budget,Yes,Surat
2599,Male,36-45,Budget,No,Mumbai
2600,Male,36-45,Budget,Yes,Mumbai
2601,Female,26-35,Budget,Yes,Mumbai
2602,Male,18-25,Regular,Yes,Bhubaneswar
2603,Male,18-25,Regular,Yes,Ahmedabad
2604,Female,36-45,Regular,Yes,Indore
2605,Male,18-25,Regular,Yes,Nagpur
2606,Female,36-45,Regular,Yes,Indore
2607,Male,36-45,Regular,Yes,Ahmedabad
2608,Female,46-60,Regular,No,Jaipur
2609,Male,18-25,Budget,No,Mumbai
2610,Female,36-45,Budget,No,Chennai
2611,Female,60+,Business,No,Bengaluru
2612,Male,46-60,Regular,Yes,Bengaluru
2613,Female,36-45,Budget,No,Indore
2614,Male,46-60,Premium,No,Surat
2615,Female,18-25,Regular,No,Hyderabad
2616,Male,26-35,Regular,No,Kochi
2617,Female,46-60,Budget,Yes,Jaipur
2618,Female,36-45,Budget,Yes,Lucknow
2619,Male,46-60,Budget,Yes,Bengaluru
2620,Female,46-60,Budget,Yes,Bhubaneswar
2621,Female,26-35,Budget,No,Ahmedabad
2622,Male,26-35,Budget,Yes,Jaipur
2623,Male,26-35,Business,Yes,Kochi
2624,Male,26-35,Budget,Yes,Bengaluru
2625,Male,26-35,Business,Yes,Chennai
2626,Male,18-25,Premium,Yes,Kochi
2627,Female,36-45,Regular,No,Indore
2628,Female,36-45,Regular,Yes,Bhubaneswar
2629,Female,26-35,Regular,No,Pune
2630,Female,26-35,Premium,No,Ahmedabad
2631,Female,26-35,Budget,No,Mumbai
2632,Male,46-60,Budget,Yes,Mumbai
2633,Female,36-45,Budget,Yes,Lucknow
2634,Male,26-35,Regular,Yes,Mumbai
2635,Male,46-60,Regular,No,Ahmedabad
2636,Male,46-60,Regular,Yes,Chandigarh
2637,Female,18-25,Business,No,Mumbai
2638,Male,18-25,Budget,No,Lucknow
2639,Male,46-60,Budget,Yes,Kochi
2640,Female,26-35,Regular,No,Chennai
2641,Male,18-25,Premium,Yes,Hyderabad
2642,Female,26-35,Regular,Yes,Indore
2643,Male,26-35,Regular,Yes,Kochi
2644,Male,36-45,Budget,Yes,Lucknow
2645,Female,46-60,Premium,No,Bengaluru
2646,Male,18-25,Regular,Yes,Surat
2647,Male,36-45,Budget,Yes,Indore
2648,Female,26-35,Budget,Yes,Jaipur
2649,Male,36-45,Budget,No,Ahmedabad
2650,Female,36-45,Budget,Yes,Bhubaneswar
2651,Female,36-45,Business,Yes,Mumbai
2652,Female,36-45,Premium,No,Lucknow
2653,Male,26-35,Budget,No,Pune
2654,Male,46-60,Budget,No,Bengaluru
2655,Female,46-60,Regular,No,Chennai
2656,Female,36-45,Premium,No,Ahmedabad
2657,Female,36-45,Budget,No,Chandigarh
2658,Female,18-25,Regular,No,Surat
2659,Male,26-35,Regular,Yes,Nagpur
2660,Male,26-35,Regular,No,Delhi
2661,Male,36-45,Premium,Yes,Bengaluru
2662,Male,60+,Regular,No,Lucknow
2663,Female,18-25,Premium,Yes,Jaipur
2664,Male,18-25,Premium,No,Ahmedabad
2665,Male,18-25,Budget,No,Jaipur
2666,Male,36-45,Budget,Yes,Ahmedabad
2667,Male,26-35,Regular,Yes,Chandigarh
2668,Female,46-60,Regular,No,Chandigarh
2669,Male,36-45,Budget,No,Nagpur
2670,Female,46-60,Regular,No,Lucknow
2671,Male,60+,Budget,No,Lucknow
2672,Male,18-25,Regular,Yes,Nagpur
2673,Female,26-35,Regular,No,Mumbai
2674,Female,60+,Business,No,Kochi
2675,Male,18-25,Regular,Yes,Pune
2676,Female,26-35,Budget,Yes,Delhi
2677,Male,26-35,Budget,No,Chandigarh
2678,Male,46-60,Budget,Yes,Mumbai
2679,Female,46-60,Premium,No,Lucknow
2680,Male,26-35,Regular,No,Indore
2681,Female,36-45,Regular,No,Bhubaneswar
2682,Male,36-45,Budget,No,Delhi
2683,Female,18-25,Business,Yes,Chennai
2684,Male,18-25,Budget,No,Ahmedabad
2685,Male,26-35,Regular,No,Chennai
2686,Female,36-45,Regular,No,Ahmedabad
2687,Female,18-25,Premium,No,Surat
2688,Female,36-45,Budget,No,Chandigarh
2689,Male,36-45,Premium,Yes,Chennai
2690,Female,26-35,Regular,Yes,Nagpur
2691,Female,18-25,Budget,Yes,Bengaluru
2692,Male,46-60,Budget,No,Bengaluru
2693,Male,26-35,Budget,No,Ahmedabad
2694,Female,26-35,Business,No,Indore
2695,Male,46-60,Regular,Yes,Lucknow
2696,Male,60+,Business,Yes,Bengaluru
2697,Male,26-35,Regular,No,Bhubaneswar
2698,Male,26-35,Premium,Yes,Indore
2699,Male,26-35,Budget,No,Surat
2700,Male,60+,Business,No,Bhubaneswar
2701,Male,26-35,Budget,Yes,Surat
2702,Male,60+,Regular,Yes,Kochi
2703,Male,26-35,Business,Yes,Delhi
2704,Male,26-35,Premium,Yes,Bhubaneswar
2705,Female,18-25,Premium,No,Chennai
2706,Male,36-45,Regular,No,Mumbai
2707,Female,46-60,Budget,No,Chennai
2708,Male,46-60,Premium,No,Jaipur
2709,Male,26-35,Regular,No,Bengaluru
2710,Female,46-60,Regular,No,Nagpur
2711,Female,26-35,Budget,Yes,Bengaluru
2712,Female,36-45,Business,No,Surat
2713,Female,26-35,Regular,Yes,Nagpur
2714,Male,36-45,Regular,No,Indore
2715,Female,26-35,Regular,No,Indore
2716,Male,26-35,Regular,Yes,Lucknow
2717,Male,18-25,Budget,Yes,Indore
2718,Male,18-25,Budget,No,Indore
2719,Male,36-45,Premium,No,Chandigarh
2720,Male,18-25,Premium,Yes,Ahmedabad
2721,Male,46-60,Regular,No,Mumbai
2722,Female,26-35,Premium,No,Lucknow
2723,Male,18-25,Budget,No,Pune
2724,Male,26-35,Budget,Yes,Indore
2725,Female,46-60,Budget,No,Delhi
2726,Male,18-25,Regular,No,Chennai
2727,Female,46-60,Regular,Yes,Nagpur
2728,Female,26-35,Premium,No,Kochi
2729,Male,18-25,Budget,Yes,Delhi
2730,Female,26-35,Business,Yes,Bhubaneswar
2731,Female,46-60,Budget,No,Jaipur
2732,Male,46-60,Premium,No,Chennai
2733,Male,46-60,Regular,Yes,Bhubaneswar
2734,Female,46-60,Budget,Yes,Pune
2735,Female,36-45,Regular,No,Surat
2736,Female,26-35,Budget,No,Delhi
2737,Female,18-25,Budget,No,Delhi
2738,Male,60+,Budget,Yes,Bengaluru
2739,Female,36-45,Regular,No,Bhubaneswar
2740,Female,36-45,Budget,Yes,Jaipur
2741,Female,36-45,Budget,Yes,Ahmedabad
2742,Female,26-35,Budget,No,Mumbai
2743,Male,36-45,Regular,No,Lucknow
2744,Female,26-35,Budget,No,Lucknow
2745,Male,18-25,Business,Yes,Jaipur
2746,Male,46-60,Premium,Yes,Indore
2747,Female,46-60,Regular,No,Chennai
2748,Male,18-25,Budget,No,Surat
2749,Female,26-35,Business,Yes,Mumbai
2750,Female,26-35,Premium,Yes,Bhubaneswar
2751,Male,26-35,Regular,No,Indore
2752,Female,60+,Business,No,Pune
2753,Male,26-35,Budget,Yes,Lucknow
2754,Female,18-25,Budget,No,Nagpur
2755,Female,26-35,Business,Yes,Chandigarh
2756,Male,46-60,Budget,Yes,Jaipur
2757,Male,46-60,Budget,No,Mumbai
2758,Female,36-45,Budget,No,Jaipur
2759,Female,26-35,Regular,No,Indore
2760,Female,36-45,Regular,Yes,Bhubaneswar
2761,Male,18-25,Regular,No,Chandigarh
2762,Male,46-60,Regular,Yes,Surat
2763,Male,46-60,Regular,No,Nagpur
2764,Male,46-60,Regular,Yes,Mumbai
2765,Male,26-35,Budget,No,Chennai
2766,Male,26-35,Business,Yes,Bhubaneswar
2767,Female,18-25,Budget,No,Nagpur
2768,Male,26-35,Business,No,Surat
2769,Female,26-35,Premium,Yes,Kochi
2770,Male,26-35,Premium,Yes,Mumbai
2771,Female,26-35,Business,No,Chennai
2772,Female,36-45,Premium,Yes,Delhi
2773,Male,18-25,Regular,Yes,Jaipur
2774,Female,26-35,Regular,No,Chandigarh
2775,Female,46-60,Budget,No,Indore
2776,Female,60+,Regular,No,Kochi
2777,Male,26-35,Regular,Yes,Lucknow
2778,Female,18-25,Regular,No,Pune
2779,Female,26-35,Regular,Yes,Surat
2780,Female,36-45,Budget,No,Bhubaneswar
2781,Male,36-45,Budget,No,Bengaluru
2782,Male,18-25,Regular,Yes,Bengaluru
2783,Female,18-25,Business,No,Mumbai
2784,Male,60+,Premium,No,Nagpur
2785,Male,18-25,Premium,No,Lucknow
2786,Male,26-35,Budget,Yes,Mumbai
2787,Female,26-35,Budget,Yes,Nagpur
2788,Female,36-45,Budget,No,Ahmedabad
2789,Female,18-25,Budget,Yes,Mumbai
2790,Male,46-60,Premium,Yes,Ahmedabad
2791,Male,36-45,Business,No,Chennai
2792,Female,46-60,Budget,No,Bhubaneswar
2793,Male,26-35,Premium,No,Bhubaneswar
2794,Male,18-25,Premium,No,Ahmedabad
2795,Female,46-60,Regular,No,Hyderabad
2796,Female,46-60,Business,Yes,Ahmedabad
2797,Male,26-35,Regular,Yes,Kochi
2798,Female,26-35,Regular,Yes,Nagpur
2799,Female,46-60,Budget,No,Mumbai
2800,Male,60+,Premium,No,Chennai
2801,Male,26-35,Premium,No,Delhi
2802,Female,18-25,Business,No,Surat
2803,Male,26-35,Budget,No,Indore
2804,Female,26-35,Budget,No,Lucknow
2805,Female,36-45,Regular,Yes,Indore
2806,Female,36-45,Budget,Yes,Bhubaneswar
2807,Female,26-35,Premium,No,Lucknow
2808,Male,26-35,Regular,No,Chandigarh
2809,Female,26-35,Premium,Yes,Pune
2810,Male,36-45,Regular,No,Mumbai
2811,Male,26-35,Budget,No,Hyderabad
2812,Male,26-35,Premium,Yes,Kochi
2813,Male,36-45,Business,No,Chennai
2814,Male,46-60,Regular,No,Nagpur
2815,Male,26-35,Budget,Yes,Pune
2816,Male,26-35,Budget,Yes,Jaipur
2817,Male,26-35,Regular,No,Ahmedabad
2818,Female,18-25,Premium,No,Bhubaneswar
2819,Female,26-35,Regular,No,Kochi
2820,Female,26-35,Budget,No,Bengaluru
2821,Female,36-45,Regular,No,Mumbai
2822,Female,36-45,Budget,Yes,Pune
2823,Female,26-35,Regular,No,Pune
2824,Male,18-25,Budget,No,Lucknow
2825,Male,46-60,Regular,No,Surat
2826,Female,26-35,Budget,Yes,Delhi
2827,Male,26-35,Regular,Yes,Delhi
2828,Male,46-60,Regular,Yes,Surat
2829,Female,18-25,Budget,No,Indore
2830,Male,18-25,Regular,No,Mumbai
2831,Male,60+,Regular,Yes,Chennai
2832,Female,18-25,Regular,No,Mumbai
2833,Male,18-25,Budget,Yes,Mumbai
2834,Male,46-60,Regular,Yes,Indore
2835,Male,26-35,Premium,No,Nagpur
2836,Female,26-35,Budget,No,Ahmedabad
2837,Male,18-25,Premium,Yes,Surat
2838,Female,36-45,Regular,No,Delhi
2839,Male,46-60,Business,Yes,Delhi
2840,Female,36-45,Premium,No,Indore
2841,Female,26-35,Premium,Yes,Hyderabad
2842,Female,26-35,Regular,No,Lucknow
2843,Male,26-35,Budget,No,Indore
2844,Male,60+,Budget,No,Kochi
2845,Male,26-35,Premium,No,Hyderabad
2846,Female,26-35,Regular,Yes,Bhubaneswar
2847,Female,26-35,Regular,No,Bengaluru
2848,Male,60+,Budget,No,Bengaluru
2849,Female,26-35,Premium,Yes,Bhubaneswar
2850,Male,26-35,Premium,Yes,Nagpur
2851,Female,18-25,Regular,Yes,Delhi
2852,Male,60+,Regular,No,Ahmedabad
2853,Male,26-35,Premium,No,Chennai
2854,Female,26-35,Budget,Yes,Bengaluru
2855,Male,26-35,Regular,Yes,Bengaluru
2856,Female,26-35,Business,No,Jaipur
2857,Female,18-25,Budget,Yes,Indore
2858,Male,26-35,Budget,No,Indore
2859,Male,26-35,Business,Yes,Pune
2860,Male,46-60,Budget,Yes,Kochi
2861,Female,46-60,Business,No,Mumbai
2862,Male,18-25,Budget,No,Ahmedabad
2863,Female,18-25,Budget,No,Bhubaneswar
2864,Female,36-45,Budget,No,Kochi
2865,Female,36-45,Business,Yes,Pune
2866,Male,36-45,Regular,No,Mumbai
2867,Female,46-60,Regular,Yes,Bengaluru
2868,Male,18-25,Budget,No,Delhi
2869,Male,46-60,Budget,No,Mumbai
2870,Female,26-35,Business,No,Pune
2871,Female,18-25,Regular,Yes,Nagpur
2872,Male,46-60,Regular,No,Surat
2873,Female,36-45,Regular,Yes,Jaipur
2874,Male,36-45,Regular,No,Indore
2875,Female,26-35,Budget,Yes,Surat
2876,Male,26-35,Regular,No,Chandigarh
2877,Female,18-25,Regular,Yes,Nagpur
2878,Female,18-25,Premium,Yes,Delhi
2879,Male,60+,Budget,No,Lucknow
2880,Male,60+,Budget,No,Chandigarh
2881,Female,36-45,Budget,No,Pune
2882,Male,18-25,Budget,Yes,Pune
2883,Male,36-45,Business,No,Ahmedabad
2884,Male,18-25,Regular,No,Ahmedabad
2885,Male,46-60,Regular,No,Ahmedabad
2886,Female,36-45,Budget,No,Nagpur
2887,Male,36-45,Regular,No,Bengaluru
2888,Female,46-60,Budget,No,Chennai
2889,Female,36-45,Budget,No,Delhi
2890,Male,18-25,Budget,Yes,Surat
2891,Male,60+,Premium,Yes,Pune
2892,Male,26-35,Budget,No,Pune
2893,Male,36-45,Regular,Yes,Jaipur
2894,Male,26-35,Business,No,Chandigarh
2895,Male,18-25,Budget,No,Hyderabad
2896,Female,46-60,Budget,Yes,Bhubaneswar
2897,Female,26-35,Regular,Yes,Delhi
2898,Male,18-25,Budget,No,Hyderabad
2899,Male,26-35,Regular,No,Ahmedabad
2900,Female,26-35,Budget,No,Chandigarh
2901,Female,26-35,Business,No,Nagpur
2902,Female,26-35,Premium,Yes,Indore
2903,Male,26-35,Budget,No,Ahmedabad
2904,Male,26-35,Premium,No,Bhubaneswar
2905,Female,60+,Regular,Yes,Pune
2906,Male,46-60,Budget,No,Nagpur
2907,Male,26-35,Budget,Yes,Mumbai
2908,Female,36-45,Regular,Yes,Bhubaneswar
2909,Male,18-25,Budget,No,Bengaluru
2910,Female,36-45,Business,No,Nagpur
2911,Male,46-60,Regular,Yes,Chandigarh
2912,Female,36-45,Regular,No,Lucknow
2913,Female,36-45,Regular,No,Mumbai
2914,Female,36-45,Budget,No,Jaipur
2915,Female,46-60,Regular,No,Delhi
2916,Male,18-25,Regular,No,Jaipur
2917,Female,46-60,Regular,Yes,Ahmedabad
2918,Female,46-60,Regular,Yes,Bhubaneswar
2919,Male,36-45,Budget,No,Chandigarh
2920,Male,36-45,Budget,Yes,Jaipur
2921,Male,18-25,Budget,No,Lucknow
2922,Female,26-35,Budget,Yes,Bengaluru
2923,Male,18-25,Regular,No,Chennai
2924,Male,36-45,Regular,No,Pune
2925,Male,36-45,Regular,Yes,Kochi
2926,Male,26-35,Budget,No,Delhi
2927,Female,46-60,Budget,Yes,Bengaluru
2928,Female,36-45,Regular,Yes,Bengaluru
2929,Male,26-35,Premium,No,Delhi
2930,Male,18-25,Budget,Yes,Nagpur
2931,Male,46-60,Budget,No,Surat
2932,Male,36-45,Regular,Yes,Jaipur
2933,Male,36-45,Budget,Yes,Hyderabad
2934,Male,26-35,Budget,No,Indore
2935,Male,36-45,Premium,Yes,Ahmedabad
2936,Male,26-35,Budget,No,Lucknow
2937,Female,18-25,Business,No,Surat
2938,Male,46-60,Regular,Yes,Ahmedabad
2939,Male,26-35,Business,Yes,Hyderabad
2940,Female,46-60,Regular,No,Pune
2941,Male,26-35,Regular,No,Nagpur
2942,Female,26-35,Regular,Yes,Kochi
2943,Female,26-35,Budget,Yes,Delhi
2944,Male,36-45,Regular,Yes,Delhi
2945,Female,26-35,Premium,No,Indore
2946,Female,18-25,Regular,Yes,Chennai
2947,Male,18-25,Budget,Yes,Surat
2948,Male,46-60,Budget,No,Bengaluru
2949,Female,26-35,Budget,No,Kochi
2950,Male,26-35,Budget,No,Bengaluru
2951,Male,36-45,Business,No,Jaipur
2952,Female,46-60,Regular,No,Nagpur
2953,Female,26-35,Budget,No,Kochi
2954,Male,36-45,Regular,No,Hyderabad
2955,Male,46-60,Business,No,Chennai
2956,Male,26-35,Budget,No,Chandigarh
2957,Male,18-25,Business,Yes,Hyderabad
2958,Female,26-35,Premium,No,Kochi
2959,Female,46-60,Business,Yes,Pune
2960,Female,26-35,Business,No,Ahmedabad
2961,Female,36-45,Regular,No,Bhubaneswar
2962,Male,26-35,Business,Yes,Nagpur
2963,Female,26-35,Regular,No,Hyderabad
2964,Female,60+,Regular,No,Nagpur
2965,Male,18-25,Regular,No,Mumbai
2966,Male,36-45,Budget,Yes,Pune
2967,Female,26-35,Premium,No,Nagpur
2968,Male,26-35,Budget,No,Surat
2969,Female,18-25,Regular,Yes,Pune
2970,Female,18-25,Business,Yes,Surat
2971,Male,26-35,Premium,No,Pune
2972,Male,60+,Budget,No,Ahmedabad
2973,Male,46-60,Regular,No,Chennai
2974,Female,46-60,Business,No,Bengaluru
2975,Male,26-35,Budget,No,Nagpur
2976,Male,18-25,Budget,No,Ahmedabad
2977,Male,26-35,Regular,Yes,Nagpur
2978,Male,46-60,Premium,No,Lucknow
2979,Male,46-60,Regular,No,Mumbai
2980,Female,46-60,Budget,Yes,Lucknow
2981,Female,46-60,Budget,No,Chandigarh
2982,Female,18-25,Premium,Yes,Lucknow
2983,Male,36-45,Budget,No,Jaipur
2984,Male,26-35,Premium,No,Ahmedabad
2985,Female,26-35,Regular,Yes,Jaipur
2986,Male,18-25,Regular,Yes,Pune
2987,Female,46-60,Budget,No,Nagpur
2988,Male,46-60,Regular,No,Surat
2989,Male,18-25,Budget,No,Pune
2990,Male,36-45,Budget,No,Nagpur
2991,Male,18-25,Budget,Yes,Mumbai
2992,Male,36-45,Regular,Yes,Delhi
2993,Male,26-35,Premium,No,Hyderabad
2994,Male,26-35,Business,Yes,Bengaluru
2995,Female,18-25,Regular,Yes,Pune
2996,Female,46-60,Budget,No,Kochi
2997,Female,46-60,Budget,Yes,Pune
2998,Male,18-25,Regular,Yes,Surat
2999,Female,26-35,Regular,No,Bengaluru
3000,Male,18-25,Budget,No,Indore
3001,Male,46-60,Premium,No,Pune
3002,Male,26-35,Budget,Yes,Hyderabad
3003,Male,36-45,Regular,Yes,Delhi
3004,Female,46-60,Budget,Yes,Jaipur
3005,Male,26-35,Premium,No,Mumbai
3006,Female,18-25,Budget,Yes,Mumbai
3007,Male,46-60,Premium,No,Chandigarh
3008,Male,36-45,Regular,No,Lucknow
3009,Female,46-60,Regular,No,Surat
3010,Female,26-35,Budget,No,Bhubaneswar
3011,Male,26-35,Regular,Yes,Pune
3012,Male,60+,Business,No,Hyderabad
3013,Male,36-45,Regular,Yes,Nagpur
3014,Male,36-45,Budget,Yes,Chennai
3015,Male,18-25,Business,No,Chandigarh
3016,Female,26-35,Regular,Yes,Pune
3017,Female,46-60,Budget,Yes,Chandigarh
3018,Male,26-35,Budget,No,Hyderabad
3019,Male,18-25,Premium,Yes,Chandigarh
3020,Female,46-60,Budget,No,Chandigarh
3021,Male,26-35,Regular,Yes,Chandigarh
3022,Female,36-45,Budget,No,Ahmedabad
3023,Female,26-35,Regular,No,Hyderabad
3024,Male,26-35,Regular,No,Pune
3025,Male,26-35,Regular,No,Chennai
3026,Male,36-45,Business,Yes,Ahmedabad
3027,Female,18-25,Regular,Yes,Nagpur
3028,Female,36-45,Regular,No,Nagpur
3029,Female,26-35,Regular,No,Hyderabad
3030,Male,18-25,Budget,No,Bengaluru
3031,Male,18-25,Regular,Yes,Bengaluru
3032,Male,18-25,Regular,Yes,Surat
3033,Female,46-60,Business,No,Mumbai
3034,Female,26-35,Regular,No,Indore
3035,Male,18-25,Business,No,Indore
3036,Male,18-25,Premium,Yes,Jaipur
3037,Female,60+,Regular,No,Chandigarh
3038,Female,36-45,Regular,No,Kochi
3039,Male,46-60,Regular,No,Ahmedabad
3040,Female,26-35,Regular,No,Chandigarh
3041,Female,26-35,Budget,No,Indore
3042,Female,18-25,Business,No,Delhi
3043,Male,26-35,Budget,Yes,Mumbai
3044,Female,26-35,Premium,No,Delhi
3045,Female,26-35,Regular,No,Chennai
3046,Female,26-35,Budget,Yes,Kochi
3047,Female,26-35,Regular,No,Chennai
3048,Female,46-60,Regular,No,Indore
3049,Female,26-35,Regular,Yes,Mumbai
3050,Male,26-35,Budget,Yes,Delhi
3051,Male,18-25,Budget,Yes,Pune
3052,Female,36-45,Regular,Yes,Kochi
3053,Female,18-25,Regular,Yes,Jaipur
3054,Male,36-45,Regular,Yes,Kochi
3055,Female,26-35,Regular,Yes,Indore
3056,Male,26-35,Regular,No,Bengaluru
3057,Female,46-60,Business,No,Hyderabad
3058,Female,36-45,Premium,No,Indore
3059,Female,26-35,Business,Yes,Pune
3060,Female,36-45,Premium,No,Pune
3061,Female,36-45,Regular,No,Chennai
3062,Male,36-45,Regular,No,Ahmedabad
3063,Female,26-35,Premium,No,Hyderabad
3064,Female,46-60,Budget,No,Jaipur
3065,Male,18-25,Budget,No,Chennai
3066,Male,36-45,Regular,No,Delhi
3067,Female,18-25,Regular,Yes,Jaipur
3068,Female,18-25,Budget,Yes,Bengaluru
3069,Male,26-35,Budget,No,Kochi
3070,Male,26-35,Premium,No,Chennai
3071,Female,46-60,Premium,Yes,Kochi
3072,Male,18-25,Premium,Yes,Bengaluru
3073,Female,26-35,Budget,Yes,Chennai
3074,Male,46-60,Budget,No,Mumbai
3075,Male,18-25,Premium,No,Bengaluru
3076,Female,46-60,Budget,No,Mumbai
3077,Female,18-25,Regular,No,Surat
3078,Female,60+,Budget,No,Indore
3079,Male,46-60,Business,No,Lucknow
3080,Female,36-45,Budget,Yes,Indore
3081,Female,26-35,Budget,Yes,Hyderabad
3082,Female,18-25,Budget,No,Mumbai
3083,Female,18-25,Budget,Yes,Hyderabad
3084,Male,18-25,Regular,Yes,Chandigarh
3085,Male,36-45,Budget,Yes,Jaipur
3086,Female,26-35,Budget,No,Delhi
3087,Male,18-25,Regular,No,Kochi
3088,Female,36-45,Business,No,Bhubaneswar
3089,Female,36-45,Budget,No,Nagpur
3090,Male,36-45,Budget,No,Delhi
3091,Female,26-35,Regular,Yes,Jaipur
3092,Male,18-25,Budget,No,Delhi
3093,Male,18-25,Premium,No,Lucknow
3094,Female,26-35,Regular,No,Surat
3095,Male,18-25,Regular,Yes,Bengaluru
3096,Male,18-25,Regular,Yes,Bengaluru
3097,Male,26-35,Budget,Yes,Delhi
3098,Male,26-35,Budget,Yes,Nagpur
3099,Male,36-45,Regular,No,Jaipur
3100,Male,26-35,Premium,Yes,Ahmedabad
3101,Female,36-45,Budget,No,Ahmedabad
3102,Male,26-35,Budget,No,Pune
3103,Male,46-60,Budget,Yes,Pune
3104,Female,18-25,Regular,No,Kochi
3105,Male,18-25,Budget,No,Delhi
3106,Male,18-25,Budget,Yes,Lucknow
3107,Male,26-35,Budget,Yes,Kochi
3108,Female,46-60,Regular,Yes,Nagpur
3109,Male,46-60,Regular,No,Chennai
3110,Female,46-60,Regular,No,Jaipur
3111,Male,46-60,Budget,No,Ahmedabad
3112,Male,26-35,Regular,No,Delhi
3113,Female,36-45,Regular,No,Nagpur
3114,Male,18-25,Regular,No,Pune
3115,Female,26-35,Budget,No,Indore
3116,Male,46-60,Regular,No,Bhubaneswar
3117,Male,46-60,Budget,Yes,Jaipur
3118,Male,18-25,Budget,Yes,Mumbai
3119,Female,60+,Business,Yes,Jaipur
3120,Male,36-45,Regular,No,Lucknow
3121,Male,46-60,Business,Yes,Nagpur
3122,Male,36-45,Budget,Yes,Jaipur
3123,Female,36-45,Budget,No,Pune
3124,Male,26-35,Regular,No,Bengaluru
3125,Female,36-45,Budget,No,Bengaluru
3126,Male,18-25,Budget,No,Hyderabad
3127,Female,18-25,Budget,Yes,Surat
3128,Female,46-60,Budget,No,Chandigarh
3129,Male,36-45,Business,No,Hyderabad
3130,Female,26-35,Budget,No,Surat
3131,Female,26-35,Business,Yes,Nagpur
3132,Female,18-25,Business,Yes,Indore
3133,Female,36-45,Budget,Yes,Bengaluru
3134,Female,18-25,Budget,No,Chandigarh
3135,Male,26-35,Regular,Yes,Chandigarh
3136,Female,26-35,Regular,Yes,Chandigarh
3137,Female,26-35,Budget,No,Chennai
3138,Male,18-25,Budget,Yes,Bengaluru
3139,Male,18-25,Premium,Yes,Mumbai
3140,Male,18-25,Budget,No,Indore
3141,Female,26-35,Budget,Yes,Chennai
3142,Female,26-35,Regular,Yes,Bengaluru
3143,Male,36-45,Regular,No,Hyderabad
3144,Male,18-25,Premium,No,Bengaluru
3145,Male,36-45,Budget,No,Ahmedabad
3146,Male,26-35,Budget,Yes,Lucknow
3147,Female,36-45,Premium,Yes,Lucknow
3148,Male,18-25,Premium,No,Surat
3149,Male,46-60,Budget,No,Chandigarh
3150,Female,26-35,Premium,Yes,Bengaluru
3151,Male,46-60,Premium,No,Nagpur
3152,Female,26-35,Regular,No,Lucknow
3153,Female,26-35,Budget,No,Delhi
3154,Female,36-45,Budget,Yes,Lucknow
3155,Female,18-25,Premium,Yes,Surat
3156,Female,36-45,Regular,No,Nagpur
3157,Female,46-60,Budget,Yes,Jaipur
3158,Female,36-45,Regular,Yes,Ahmedabad
3159,Male,26-35,Regular,No,Bhubaneswar
3160,Female,46-60,Budget,No,Chandigarh
3161,Female,36-45,Budget,Yes,Bengaluru
3162,Male,46-60,Budget,No,Delhi
3163,Male,18-25,Budget,No,Mumbai
3164,Female,36-45,Regular,Yes,Surat
3165,Male,36-45,Business,Yes,Indore
3166,Male,18-25,Regular,Yes,Lucknow
3167,Male,36-45,Regular,Yes,Nagpur
3168,Male,26-35,Budget,No,Delhi
3169,Male,18-25,Regular,Yes,Hyderabad
3170,Female,26-35,Budget,No,Chandigarh
3171,Male,46-60,Premium,No,Lucknow
3172,Male,36-45,Regular,No,Lucknow
3173,Female,26-35,Premium,Yes,Indore
3174,Female,46-60,Regular,No,Kochi
3175,Male,46-60,Budget,No,Surat
3176,Male,26-35,Regular,Yes,Lucknow
3177,Female,36-45,Regular,No,Jaipur
3178,Female,18-25,Regular,No,Nagpur
3179,Female,60+,Budget,Yes,Jaipur
3180,Male,36-45,Budget,Yes,Mumbai
3181,Male,18-25,Budget,No,Bhubaneswar
3182,Male,26-35,Premium,No,Lucknow
3183,Male,26-35,Regular,No,Bengaluru
3184,Male,26-35,Regular,No,Pune
3185,Male,26-35,Regular,Yes,Nagpur
3186,Male,18-25,Regular,No,Chandigarh
3187,Female,26-35,Business,No,Nagpur
3188,Female,60+,Regular,No,Mumbai
3189,Male,26-35,Regular,No,Mumbai
3190,Male,26-35,Regular,No,Indore
3191,Male,60+,Budget,No,Chennai
3192,Female,26-35,Regular,No,Surat
3193,Male,36-45,Regular,Yes,Surat
3194,Female,26-35,Regular,Yes,Pune
3195,Male,26-35,Regular,No,Chennai
3196,Male,36-45,Regular,No,Hyderabad
3197,Male,26-35,Budget,Yes,Kochi
3198,Female,26-35,Regular,No,Chandigarh
3199,Female,26-35,Budget,Yes,Chennai
3200,Female,26-35,Budget,No,Lucknow
3201,Female,26-35,Regular,No,Chandigarh
3202,Female,18-25,Business,Yes,Mumbai
3203,Female,26-35,Budget,No,Jaipur
3204,Male,60+,Regular,No,Kochi
3205,Female,26-35,Premium,No,Chennai
3206,Female,46-60,Premium,Yes,Delhi
3207,Male,18-25,Business,Yes,Pune
3208,Female,26-35,Business,Yes,Bengaluru
3209,Male,26-35,Business,Yes,Indore
3210,Male,18-25,Budget,No,Surat
3211,Male,26-35,Regular,No,Nagpur
3212,Male,36-45,Regular,No,Chennai
3213,Male,36-45,Regular,No,Kochi
3214,Male,46-60,Business,Yes,Ahmedabad
3215,Male,18-25,Premium,No,Jaipur
3216,Female,18-25,Regular,No,Delhi
3217,Male,18-25,Premium,No,Nagpur
3218,Female,36-45,Regular,Yes,Pune
3219,Female,26-35,Premium,No,Hyderabad
3220,Male,36-45,Budget,No,Indore
3221,Male,18-25,Regular,Yes,Lucknow
3222,Male,18-25,Premium,Yes,Chandigarh
3223,Female,18-25,Business,Yes,Chennai
3224,Female,36-45,Business,Yes,Indore
3225,Female,18-25,Regular,No,Ahmedabad
3226,Male,18-25,Regular,No,Delhi
3227,Female,18-25,Budget,No,Nagpur
3228,Male,18-25,Regular,Yes,Nagpur
3229,Female,26-35,Budget,Yes,Delhi
3230,Female,26-35,Budget,Yes,Delhi
3231,Male,36-45,Regular,Yes,Chennai
3232,Male,26-35,Budget,No,Pune
3233,Male,26-35,Budget,No,Pune
3234,Male,18-25,Budget,Yes,Kochi
3235,Male,46-60,Regular,No,Hyderabad
3236,Male,46-60,Business,No,Mumbai
3237,Female,18-25,Budget,No,Chandigarh
3238,Male,36-45,Budget,No,Bhubaneswar
3239,Female,18-25,Budget,No,Lucknow
3240,Female,18-25,Regular,Yes,Indore
3241,Female,26-35,Budget,Yes,Surat
3242,Female,46-60,Budget,Yes,Indore
3243,Female,36-45,Premium,Yes,Lucknow
3244,Female,26-35,Regular,Yes,Chennai
3245,Male,26-35,Regular,Yes,Pune
3246,Female,18-25,Regular,No,Surat
3247,Female,36-45,Premium,Yes,Bhubaneswar
3248,Male,18-25,Regular,Yes,Indore
3249,Male,18-25,Regular,No,Hyderabad
3250,Male,36-45,Budget,Yes,Lucknow
3251,Male,26-35,Premium,No,Hyderabad
3252,Male,46-60,Regular,No,Delhi
3253,Female,26-35,Budget,No,Lucknow
3254,Female,18-25,Budget,No,Hyderabad
3255,Female,36-45,Budget,Yes,Chandigarh
3256,Female,36-45,Budget,No,Ahmedabad
3257,Male,18-25,Premium,No,Jaipur
3258,Female,18-25,Premium,Yes,Indore
3259,Female,26-35,Premium,No,Chennai
3260,Female,36-45,Business,No,Ahmedabad
3261,Female,18-25,Business,Yes,Mumbai
3262,Female,26-35,Regular,No,Indore
3263,Male,36-45,Budget,No,Nagpur
3264,Female,26-35,Budget,No,Mumbai
3265,Female,18-25,Budget,No,Indore
3266,Female,46-60,Budget,No,Kochi
3267,Female,36-45,Regular,Yes,Bengaluru
3268,Female,36-45,Premium,No,Nagpur
3269,Female,46-60,Budget,No,Jaipur
3270,Female,36-45,Regular,No,Nagpur
3271,Male,18-25,Business,No,Bengaluru
3272,Male,46-60,Regular,No,Mumbai
3273,Female,46-60,Regular,Yes,Chennai
3274,Female,46-60,Budget,Yes,Jaipur
3275,Female,46-60,Business,No,Chennai
3276,Male,26-35,Regular,No,Hyderabad
3277,Male,36-45,Business,Yes,Ahmedabad
3278,Female,36-45,Budget,No,Chandigarh
3279,Male,36-45,Regular,No,Surat
3280,Female,36-45,Premium,Yes,Jaipur
3281,Male,46-60,Premium,No,Nagpur
3282,Female,18-25,Regular,Yes,Jaipur
3283,Male,26-35,Regular,Yes,Surat
3284,Female,36-45,Regular,No,Bhubaneswar
3285,Female,60+,Premium,No,Lucknow
3286,Male,18-25,Premium,No,Delhi
3287,Male,36-45,Budget,No,Ahmedabad
3288,Male,46-60,Regular,Yes,Bhubaneswar
3289,Female,26-35,Budget,No,Jaipur
3290,Male,36-45,Regular,Yes,Hyderabad
3291,Male,18-25,Premium,No,Pune
3292,Male,36-45,Budget,Yes,Pune
3293,Female,26-35,Regular,No,Hyderabad
3294,Male,26-35,Regular,No,Bhubaneswar
3295,Male,26-35,Regular,No,Pune
3296,Male,36-45,Premium,Yes,Hyderabad
3297,Female,18-25,Budget,No,Lucknow
3298,Male,18-25,Business,No,Chandigarh
3299,Male,36-45,Premium,No,Pune
3300,Male,18-25,Budget,Yes,Indore
3301,Male,36-45,Budget,No,Chennai
3302,Female,18-25,Regular,Yes,Surat
3303,Female,60+,Premium,No,Delhi
3304,Male,26-35,Regular,Yes,Chandigarh
3305,Female,18-25,Budget,No,Lucknow
3306,Male,36-45,Regular,Yes,Kochi
3307,Male,26-35,Regular,No,Kochi
3308,Female,46-60,Premium,No,Surat
3309,Male,18-25,Business,No,Delhi
3310,Male,18-25,Regular,Yes,Lucknow
3311,Male,46-60,Regular,Yes,Bengaluru
3312,Female,36-45,Premium,Yes,Lucknow
3313,Male,36-45,Budget,No,Jaipur
3314,Female,36-45,Budget,Yes,Bhubaneswar
3315,Male,36-45,Regular,Yes,Delhi
3316,Female,46-60,Regular,No,Bengaluru
3317,Female,36-45,Regular,Yes,Lucknow
3318,Female,26-35,Budget,No,Pune
3319,Male,26-35,Regular,No,Nagpur
3320,Female,46-60,Budget,No,Nagpur
3321,Female,46-60,Business,No,Lucknow
3322,Male,26-35,Budget,No,Surat
3323,Male,26-35,Regular,No,Hyderabad
3324,Female,60+,Regular,Yes,Hyderabad
3325,Female,36-45,Regular,Yes,Hyderabad
3326,Male,36-45,Budget,Yes,Jaipur
3327,Female,18-25,Budget,No,Indore
3328,Male,18-25,Regular,Yes,Surat
3329,Male,60+,Regular,Yes,Bengaluru
3330,Male,46-60,Budget,No,Nagpur
3331,Female,26-35,Premium,No,Hyderabad
3332,Male,18-25,Budget,No,Bengaluru
3333,Female,18-25,Regular,No,Kochi
3334,Male,46-60,Budget,Yes,Hyderabad
3335,Female,18-25,Budget,No,Chandigarh
3336,Female,26-35,Business,Yes,Chandigarh
3337,Female,18-25,Budget,No,Jaipur
3338,Female,26-35,Business,No,Ahmedabad
3339,Female,46-60,Regular,No,Bengaluru
3340,Male,18-25,Budget,Yes,Bengaluru
3341,Male,18-25,Budget,No,Mumbai
3342,Female,26-35,Regular,Yes,Chennai
3343,Female,36-45,Budget,No,Jaipur
3344,Male,18-25,Budget,No,Bengaluru
3345,Female,36-45,Premium,Yes,Pune
3346,Male,18-25,Regular,Yes,Mumbai
3347,Male,18-25,Regular,Yes,Jaipur
3348,Male,18-25,Budget,No,Hyderabad
3349,Male,36-45,Budget,No,Jaipur
3350,Male,18-25,Regular,Yes,Delhi
3351,Female,46-60,Premium,No,Lucknow
3352,Male,18-25,Regular,Yes,Chandigarh
3353,Female,36-45,Budget,No,Surat
3354,Male,26-35,Budget,No,Bhubaneswar
3355,Female,26-35,Regular,Yes,Mumbai
3356,Male,36-45,Budget,No,Ahmedabad
3357,Male,18-25,Premium,No,Chennai
3358,Male,26-35,Budget,Yes,Bengaluru
3359,Male,18-25,Business,Yes,Hyderabad
3360,Male,36-45,Business,No,Kochi
3361,Female,46-60,Regular,Yes,Chennai
3362,Male,26-35,Regular,Yes,Ahmedabad
3363,Male,26-35,Regular,Yes,Chandigarh
3364,Female,36-45,Regular,No,Mumbai
3365,Female,46-60,Business,No,Delhi
3366,Female,18-25,Regular,No,Surat
3367,Male,26-35,Budget,Yes,Delhi
3368,Male,18-25,Regular,No,Nagpur
3369,Female,36-45,Regular,Yes,Ahmedabad
3370,Female,36-45,Regular,Yes,Bhubaneswar
3371,Female,18-25,Premium,No,Bhubaneswar
3372,Male,26-35,Regular,Yes,Jaipur
3373,Male,26-35,Budget,Yes,Chennai
3374,Male,36-45,Regular,Yes,Chandigarh
3375,Male,18-25,Budget,No,Jaipur
3376,Male,26-35,Budget,Yes,Chennai
3377,Female,60+,Regular,No,Kochi
3378,Female,26-35,Regular,No,Chennai
3379,Female,26-35,Regular,Yes,Delhi
3380,Male,18-25,Budget,No,Ahmedabad
3381,Male,46-60,Budget,No,Bengaluru
3382,Male,36-45,Business,Yes,Pune
3383,Female,26-35,Budget,Yes,Delhi
3384,Female,26-35,Regular,No,Chennai
3385,Male,18-25,Regular,Yes,Mumbai
3386,Male,26-35,Regular,Yes,Mumbai
3387,Male,18-25,Regular,Yes,Bhubaneswar
3388,Female,36-45,Budget,No,Jaipur
3389,Female,26-35,Budget,Yes,Indore
3390,Female,26-35,Business,No,Surat
3391,Male,46-60,Regular,Yes,Chennai
3392,Female,36-45,Premium,No,Surat
3393,Male,60+,Regular,No,Hyderabad
3394,Male,26-35,Business,No,Mumbai
3395,Female,26-35,Regular,No,Chandigarh
3396,Female,18-25,Premium,No,Bengaluru
3397,Male,18-25,Budget,Yes,Delhi
3398,Female,26-35,Budget,Yes,Hyderabad
3399,Female,26-35,Budget,No,Jaipur
3400,Female,26-35,Regular,No,Nagpur
3401,Male,26-35,Budget,Yes,Kochi
3402,Male,36-45,Regular,No,Chandigarh
3403,Female,36-45,Business,No,Bengaluru
3404,Female,18-25,Budget,Yes,Bhubaneswar
3405,Female,26-35,Budget,No,Lucknow
3406,Female,36-45,Business,No,Pune
3407,Male,26-35,Regular,Yes,Hyderabad
3408,Male,36-45,Budget,Yes,Jaipur
3409,Female,18-25,Regular,Yes,Bhubaneswar
3410,Male,46-60,Regular,No,Mumbai
3411,Female,18-25,Budget,Yes,Pune
3412,Male,18-25,Budget,No,Delhi
3413,Male,36-45,Regular,Yes,Ahmedabad
3414,Male,36-45,Budget,Yes,Lucknow
3415,Male,36-45,Business,Yes,Kochi
3416,Male,18-25,Regular,Yes,Nagpur
3417,Female,18-25,Business,No,Chandigarh
3418,Male,60+,Regular,No,Kochi
3419,Female,26-35,Premium,No,Bhubaneswar
3420,Male,46-60,Budget,No,Kochi
3421,Female,26-35,Regular,Yes,Jaipur
3422,Male,18-25,Budget,Yes,Delhi
3423,Male,60+,Regular,No,Jaipur
3424,Male,26-35,Regular,Yes,Chennai
3425,Male,18-25,Budget,No,Ahmedabad
3426,Male,46-60,Premium,No,Pune
3427,Male,26-35,Business,Yes,Chandigarh
3428,Female,46-60,Regular,No,Surat
3429,Male,26-35,Regular,Yes,Bhubaneswar
3430,Female,46-60,Business,No,Mumbai
3431,Female,46-60,Premium,Yes,Ahmedabad
3432,Male,36-45,Regular,No,Chennai
3433,Female,60+,Budget,Yes,Chandigarh
3434,Female,60+,Premium,Yes,Mumbai
3435,Female,46-60,Budget,Yes,Bengaluru
3436,Female,26-35,Budget,No,Chennai
3437,Female,46-60,Budget,Yes,Mumbai
3438,Female,26-35,Regular,Yes,Indore
3439,Female,46-60,Budget,No,Bhubaneswar
3440,Male,36-45,Premium,No,Chandigarh
3441,Male,26-35,Regular,Yes,Indore
3442,Female,26-35,Budget,No,Jaipur
3443,Female,26-35,Budget,No,Hyderabad
3444,Male,26-35,Regular,Yes,Surat
3445,Male,60+,Regular,Yes,Chennai
3446,Female,46-60,Budget,No,Ahmedabad
3447,Male,18-25,Budget,Yes,Surat
3448,Female,18-25,Regular,Yes,Nagpur
3449,Male,36-45,Budget,No,Kochi
3450,Female,18-25,Budget,No,Delhi
3451,Female,18-25,Regular,Yes,Hyderabad
3452,Male,18-25,Budget,Yes,Delhi
3453,Male,18-25,Regular,No,Jaipur
3454,Male,26-35,Budget,No,Bhubaneswar
3455,Male,36-45,Regular,Yes,Nagpur
3456,Female,36-45,Regular,No,Jaipur
3457,Male,46-60,Regular,No,Lucknow
3458,Female,36-45,Regular,No,Bhubaneswar
3459,Female,18-25,Business,No,Indore
3460,Female,46-60,Budget,No,Chandigarh
3461,Male,18-25,Premium,No,Pune
3462,Male,36-45,Budget,Yes,Jaipur
3463,Female,26-35,Regular,Yes,Delhi
3464,Male,36-45,Regular,No,Delhi
3465,Female,18-25,Budget,Yes,Jaipur
3466,Female,60+,Regular,No,Kochi
3467,Female,26-35,Budget,Yes,Bengaluru
3468,Female,26-35,Premium,No,Jaipur
3469,Male,46-60,Budget,No,Hyderabad
3470,Male,36-45,Budget,Yes,Delhi
3471,Female,46-60,Regular,No,Kochi
3472,Female,36-45,Budget,Yes,Lucknow
3473,Male,46-60,Budget,No,Chennai
3474,Female,36-45,Budget,No,Bengaluru
3475,Female,36-45,Business,No,Bhubaneswar
3476,Female,18-25,Regular,Yes,Surat
3477,Male,26-35,Regular,No,Bhubaneswar
3478,Female,36-45,Budget,No,Kochi
3479,Male,36-45,Business,Yes,Nagpur
3480,Male,26-35,Regular,Yes,Surat
3481,Male,26-35,Regular,Yes,Delhi
3482,Male,26-35,Regular,No,Surat
3483,Male,36-45,Regular,No,Hyderabad
3484,Male,26-35,Regular,Yes,Chennai
3485,Female,36-45,Budget,Yes,Delhi
3486,Male,18-25,Budget,Yes,Bhubaneswar
3487,Female,36-45,Regular,Yes,Mumbai
3488,Female,36-45,Premium,No,Bhubaneswar
3489,Female,26-35,Regular,Yes,Ahmedabad
3490,Male,46-60,Budget,Yes,Lucknow
3491,Female,26-35,Premium,No,Nagpur
3492,Female,46-60,Regular,No,Bengaluru
3493,Female,26-35,Budget,Yes,Mumbai
3494,Male,46-60,Business,Yes,Bhubaneswar
3495,Male,26-35,Regular,No,Nagpur
3496,Male,26-35,Premium,No,Pune
3497,Male,36-45,Budget,No,Chennai
3498,Female,18-25,Regular,Yes,Bhubaneswar
3499,Female,46-60,Premium,Yes,Chennai
3500,Male,26-35,Premium,No,Ahmedabad
3501,Male,46-60,Budget,No,Jaipur
3502,Female,36-45,Budget,Yes,Jaipur
3503,Male,26-35,Regular,No,Jaipur
3504,Female,26-35,Budget,Yes,Kochi
3505,Female,26-35,Regular,No,Hyderabad
3506,Female,36-45,Premium,No,Mumbai
3507,Male,26-35,Budget,Yes,Chandigarh
3508,Female,60+,Premium,No,Bhubaneswar
3509,Female,60+,Regular,No,Nagpur
3510,Male,26-35,Regular,Yes,Jaipur
3511,Female,46-60,Regular,Yes,Nagpur
3512,Female,26-35,Premium,Yes,Surat
3513,Female,36-45,Business,Yes,Lucknow
3514,Female,36-45,Regular,Yes,Pune
3515,Male,46-60,Regular,Yes,Surat
3516,Female,36-45,Business,No,Lucknow
3517,Female,46-60,Budget,No,Hyderabad
3518,Male,26-35,Budget,No,Chennai
3519,Female,36-45,Regular,Yes,Indore
3520,Male,26-35,Regular,Yes,Jaipur
3521,Female,18-25,Regular,Yes,Chandigarh
3522,Female,36-45,Regular,No,Jaipur
3523,Male,36-45,Budget,Yes,Pune
3524,Female,18-25,Budget,No,Surat
3525,Male,26-35,Regular,No,Bengaluru
3526,Male,46-60,Budget,No,Hyderabad
3527,Male,46-60,Regular,Yes,Bengaluru
3528,Female,36-45,Regular,No,Surat
3529,Female,18-25,Budget,Yes,Jaipur
3530,Female,46-60,Regular,Yes,Nagpur
3531,Female,18-25,Regular,Yes,Ahmedabad
3532,Male,26-35,Premium,No,Mumbai
3533,Male,36-45,Premium,Yes,Surat
3534,Female,18-25,Premium,Yes,Indore
3535,Male,26-35,Budget,No,Ahmedabad
3536,Male,46-60,Premium,No,Delhi
3537,Male,26-35,Business,Yes,Bhubaneswar
3538,Male,46-60,Budget,Yes,Bhubaneswar
3539,Female,46-60,Regular,Yes,Chennai
3540,Male,46-60,Budget,Yes,Bengaluru
3541,Female,46-60,Premium,Yes,Surat
3542,Male,26-35,Business,No,Ahmedabad
3543,Female,26-35,Budget,Yes,Indore
3544,Female,18-25,Premium,No,Bengaluru
3545,Male,26-35,Budget,No,Indore
3546,Male,18-25,Business,No,Bengaluru
3547,Female,36-45,Budget,Yes,Indore
3548,Female,18-25,Business,No,Chennai
3549,Female,36-45,Regular,Yes,Surat
3550,Female,26-35,Budget,No,Surat
3551,Female,18-25,Regular,Yes,Hyderabad
3552,Female,26-35,Budget,No,Kochi
3553,Female,36-45,Regular,No,Delhi
3554,Male,36-45,Premium,Yes,Surat
3555,Male,36-45,Budget,No,Nagpur
3556,Female,46-60,Budget,Yes,Bengaluru
3557,Male,26-35,Premium,Yes,Chennai
3558,Male,18-25,Regular,Yes,Lucknow
3559,Male,18-25,Budget,Yes,Bengaluru
3560,Male,46-60,Budget,Yes,Bengaluru
3561,Male,18-25,Regular,Yes,Nagpur
3562,Female,26-35,Regular,No,Nagpur
3563,Female,36-45,Regular,Yes,Kochi
3564,Male,36-45,Regular,No,Surat
3565,Male,26-35,Premium,Yes,Bhubaneswar
3566,Female,18-25,Regular,Yes,Hyderabad
3567,Male,18-25,Regular,Yes,Bhubaneswar
3568,Female,18-25,Business,Yes,Surat
3569,Female,36-45,Regular,Yes,Nagpur
3570,Male,60+,Budget,No,Ahmedabad
3571,Female,18-25,Budget,No,Mumbai
3572,Female,18-25,Regular,No,Jaipur
3573,Female,36-45,Budget,Yes,Nagpur
3574,Male,36-45,Budget,Yes,Indore
3575,Male,18-25,Regular,Yes,Bengaluru
3576,Female,46-60,Budget,Yes,Pune
3577,Female,26-35,Regular,Yes,Chennai
3578,Male,46-60,Premium,Yes,Mumbai
3579,Male,18-25,Budget,No,Ahmedabad
3580,Female,26-35,Regular,No,Indore
3581,Male,18-25,Budget,Yes,Bengaluru
3582,Male,26-35,Budget,Yes,Kochi
3583,Male,36-45,Budget,No,Chennai
3584,Male,26-35,Budget,No,Mumbai
3585,Male,26-35,Regular,No,Jaipur
3586,Female,46-60,Business,Yes,Indore
3587,Male,36-45,Business,No,Bengaluru
3588,Male,36-45,Regular,No,Chennai
3589,Female,26-35,Business,Yes,Kochi
3590,Male,60+,Regular,Yes,Ahmedabad
3591,Female,26-35,Budget,Yes,Nagpur
3592,Male,26-35,Premium,No,Pune
3593,Female,26-35,Regular,Yes,Kochi
3594,Female,36-45,Regular,No,Nagpur
3595,Male,60+,Budget,No,Lucknow
3596,Female,18-25,Regular,No,Pune
3597,Female,26-35,Budget,No,Bhubaneswar
3598,Female,26-35,Regular,No,Bengaluru
3599,Female,36-45,Premium,No,Hyderabad
3600,Male,18-25,Premium,Yes,Mumbai
3601,Male,26-35,Regular,No,Surat
3602,Male,36-45,Regular,No,Bhubaneswar
3603,Male,36-45,Regular,No,Chennai
3604,Male,46-60,Premium,No,Chennai
3605,Female,18-25,Premium,Yes,Bengaluru
3606,Male,36-45,Regular,No,Indore
3607,Female,18-25,Regular,Yes,Chandigarh
3608,Female,46-60,Regular,Yes,Ahmedabad
3609,Male,18-25,Business,Yes,Delhi
3610,Male,36-45,Premium,No,Jaipur
3611,Male,36-45,Budget,No,Indore
3612,Male,18-25,Regular,Yes,Hyderabad
3613,Male,26-35,Premium,Yes,Chennai
3614,Male,46-60,Regular,Yes,Delhi
3615,Female,26-35,Regular,No,Bengaluru
3616,Female,46-60,Budget,No,Ahmedabad
3617,Male,26-35,Regular,Yes,Delhi
3618,Female,18-25,Regular,No,Hyderabad
3619,Male,26-35,Budget,No,Indore
3620,Male,46-60,Regular,Yes,Mumbai
3621,Male,46-60,Budget,No,Chandigarh
3622,Female,26-35,Budget,No,Mumbai
3623,Male,36-45,Business,Yes,Mumbai
3624,Female,18-25,Budget,No,Ahmedabad
3625,Female,36-45,Budget,Yes,Kochi
3626,Female,46-60,Regular,No,Ahmedabad
3627,Male,46-60,Budget,No,Bhubaneswar
3628,Male,46-60,Budget,No,Indore
3629,Female,46-60,Regular,Yes,Nagpur
3630,Male,46-60,Regular,Yes,Mumbai
3631,Male,26-35,Regular,No,Jaipur
3632,Male,26-35,Budget,Yes,Bengaluru
3633,Female,18-25,Premium,Yes,Chennai
3634,Male,26-35,Budget,No,Chennai
3635,Male,18-25,Regular,Yes,Ahmedabad
3636,Male,26-35,Budget,No,Surat
3637,Male,26-35,Budget,No,Bhubaneswar
3638,Female,18-25,Budget,No,Jaipur
3639,Female,26-35,Business,Yes,Delhi
3640,Female,36-45,Budget,No,Surat
3641,Female,26-35,Budget,Yes,Chennai
3642,Male,36-45,Regular,Yes,Bhubaneswar
3643,Female,18-25,Regular,Yes,Hyderabad
3644,Male,26-35,Premium,No,Jaipur
3645,Female,26-35,Regular,No,Jaipur
3646,Male,26-35,Budget,No,Jaipur
3647,Female,46-60,Premium,No,Jaipur
3648,Male,36-45,Premium,No,Chennai
3649,Male,26-35,Premium,Yes,Ahmedabad
3650,Female,46-60,Premium,Yes,Chennai
3651,Male,18-25,Regular,Yes,Kochi
3652,Male,18-25,Business,Yes,Jaipur
3653,Female,36-45,Budget,Yes,Lucknow
3654,Male,26-35,Regular,Yes,Surat
3655,Male,26-35,Premium,Yes,Bhubaneswar
3656,Male,26-35,Regular,No,Hyderabad
3657,Male,18-25,Regular,Yes,Ahmedabad
3658,Male,26-35,Regular,No,Ahmedabad
3659,Female,46-60,Budget,Yes,Bengaluru
3660,Male,36-45,Business,No,Jaipur
3661,Female,26-35,Regular,No,Bhubaneswar
3662,Male,26-35,Premium,No,Lucknow
3663,Female,36-45,Budget,Yes,Bhubaneswar
3664,Female,60+,Regular,No,Bengaluru
3665,Female,46-60,Regular,Yes,Delhi
3666,Male,18-25,Regular,Yes,Surat
3667,Female,36-45,Regular,Yes,Mumbai
3668,Female,18-25,Budget,No,Bhubaneswar
3669,Male,26-35,Budget,No,Ahmedabad
3670,Male,26-35,Regular,No,Bengaluru
3671,Male,36-45,Regular,Yes,Bhubaneswar
3672,Female,18-25,Premium,No,Indore
3673,Male,46-60,Regular,Yes,Bengaluru
3674,Male,26-35,Regular,No,Hyderabad
3675,Male,26-35,Premium,No,Surat
3676,Male,60+,Budget,Yes,Chennai
3677,Female,26-35,Regular,Yes,Mumbai
3678,Female,26-35,Regular,Yes,Chandigarh
3679,Male,60+,Regular,Yes,Indore
3680,Female,18-25,Budget,No,Indore
3681,Male,60+,Budget,No,Pune
3682,Female,36-45,Budget,No,Chennai
3683,Male,26-35,Premium,No,Hyderabad
3684,Male,26-35,Budget,No,Lucknow
3685,Male,36-45,Business,Yes,Ahmedabad
3686,Male,18-25,Premium,No,Pune
3687,Male,46-60,Premium,No,Chandigarh
3688,Male,46-60,Regular,Yes,Chandigarh
3689,Male,26-35,Budget,No,Bhubaneswar
3690,Male,18-25,Budget,No,Chennai
3691,Male,26-35,Regular,No,Chandigarh
3692,Female,36-45,Budget,Yes,Ahmedabad
3693,Female,46-60,Premium,Yes,Chandigarh
3694,Male,26-35,Premium,Yes,Pune
3695,Female,60+,Regular,No,Lucknow
3696,Female,18-25,Regular,No,Bengaluru
3697,Male,36-45,Regular,Yes,Ahmedabad
3698,Male,46-60,Premium,No,Nagpur
3699,Male,26-35,Regular,Yes,Ahmedabad
3700,Female,18-25,Budget,No,Surat
3701,Female,18-25,Premium,No,Bhubaneswar
3702,Male,26-35,Premium,Yes,Nagpur
3703,Female,26-35,Regular,No,Indore
3704,Male,18-25,Regular,No,Lucknow
3705,Male,26-35,Regular,Yes,Delhi
3706,Male,36-45,Premium,Yes,Chandigarh
3707,Female,26-35,Budget,Yes,Nagpur
3708,Female,26-35,Regular,Yes,Bengaluru
3709,Female,36-45,Business,Yes,Surat
3710,Female,26-35,Budget,No,Jaipur
3711,Female,18-25,Budget,No,Pune
3712,Female,26-35,Budget,No,Pune
3713,Female,46-60,Regular,No,Mumbai
3714,Female,46-60,Regular,No,Chennai
3715,Male,18-25,Premium,No,Chennai
3716,Female,26-35,Regular,No,Surat
3717,Female,18-25,Budget,No,Pune
3718,Male,26-35,Business,Yes,Hyderabad
3719,Female,26-35,Regular,No,Bhubaneswar
3720,Female,60+,Budget,No,Mumbai
3721,Male,36-45,Premium,No,Surat
3722,Male,18-25,Budget,No,Chennai
3723,Female,26-35,Regular,Yes,Ahmedabad
3724,Female,18-25,Business,No,Mumbai
3725,Male,36-45,Budget,No,Nagpur
3726,Male,26-35,Regular,No,Kochi
3727,Female,36-45,Regular,No,Bhubaneswar
3728,Male,26-35,Regular,No,Jaipur
3729,Male,26-35,Regular,Yes,Bhubaneswar
3730,Female,46-60,Budget,No,Bengaluru
3731,Male,60+,Budget,Yes,Surat
3732,Female,18-25,Budget,No,Indore
3733,Male,36-45,Premium,Yes,Delhi
3734,Male,46-60,Regular,No,Chandigarh
3735,Female,36-45,Regular,Yes,Kochi
3736,Female,36-45,Budget,Yes,Chandigarh
3737,Male,26-35,Budget,Yes,Indore
3738,Female,18-25,Regular,Yes,Bhubaneswar
3739,Female,46-60,Regular,Yes,Indore
3740,Male,26-35,Budget,No,Ahmedabad
3741,Male,18-25,Budget,No,Delhi
3742,Male,36-45,Budget,No,Bengaluru
3743,Male,36-45,Business,Yes,Jaipur
3744,Male,46-60,Regular,No,Chennai
3745,Male,36-45,Business,No,Indore
3746,Male,18-25,Regular,No,Surat
3747,Male,26-35,Regular,No,Chandigarh
3748,Female,36-45,Regular,No,Ahmedabad
3749,Female,46-60,Budget,No,Jaipur
3750,Female,26-35,Budget,No,Delhi
3751,Male,36-45,Regular,Yes,Mumbai
3752,Female,18-25,Regular,Yes,Jaipur
3753,Male,18-25,Regular,No,Delhi
3754,Male,60+,Budget,Yes,Pune
3755,Male,36-45,Regular,No,Bengaluru
3756,Male,18-25,Regular,Yes,Lucknow
3757,Female,26-35,Budget,Yes,Kochi
3758,Female,26-35,Budget,No,Jaipur
3759,Female,46-60,Regular,No,Delhi
3760,Male,36-45,Budget,No,Bhubaneswar
3761,Male,46-60,Regular,Yes,Jaipur
3762,Female,18-25,Budget,No,Chandigarh
3763,Female,18-25,Budget,No,Kochi
3764,Male,36-45,Regular,No,Pune
3765,Male,26-35,Regular,Yes,Mumbai
3766,Male,26-35,Regular,No,Lucknow
3767,Female,36-45,Regular,Yes,Surat
3768,Female,18-25,Regular,Yes,Hyderabad
3769,Female,18-25,Premium,Yes,Jaipur
3770,Female,26-35,Premium,No,Hyderabad
3771,Male,60+,Budget,Yes,Chennai
3772,Male,18-25,Regular,No,Hyderabad
3773,Female,26-35,Regular,No,Bhubaneswar
3774,Male,26-35,Premium,No,Bengaluru
3775,Female,36-45,Business,No,Pune
3776,Male,36-45,Regular,No,Chennai
3777,Female,18-25,Regular,Yes,Lucknow
3778,Female,26-35,Budget,No,Kochi
3779,Male,36-45,Regular,Yes,Ahmedabad
3780,Male,46-60,Regular,Yes,Pune
3781,Male,26-35,Business,Yes,Indore
3782,Female,26-35,Business,No,Lucknow
3783,Female,60+,Regular,No,Lucknow
3784,Male,36-45,Regular,Yes,Delhi
3785,Female,46-60,Budget,No,Indore
3786,Male,46-60,Budget,No,Mumbai
3787,Female,36-45,Budget,Yes,Ahmedabad
3788,Female,26-35,Budget,Yes,Lucknow
3789,Female,18-25,Budget,No,Chandigarh
3790,Male,18-25,Premium,No,Jaipur
3791,Male,26-35,Budget,No,Pune
3792,Female,36-45,Regular,Yes,Chennai
3793,Male,46-60,Budget,No,Bhubaneswar
3794,Male,26-35,Budget,Yes,Nagpur
3795,Female,36-45,Budget,No,Kochi
3796,Female,46-60,Budget,No,Indore
3797,Male,26-35,Budget,Yes,Ahmedabad
3798,Female,26-35,Regular,No,Bhubaneswar
3799,Female,18-25,Budget,Yes,Delhi
3800,Female,18-25,Regular,No,Pune
3801,Female,46-60,Regular,Yes,Nagpur
3802,Female,26-35,Regular,Yes,Delhi
3803,Male,36-45,Budget,Yes,Surat
3804,Male,18-25,Budget,Yes,Ahmedabad
3805,Male,18-25,Regular,No,Hyderabad
3806,Female,18-25,Budget,Yes,Kochi
3807,Male,36-45,Budget,Yes,Indore
3808,Female,26-35,Premium,No,Jaipur
3809,Female,18-25,Regular,No,Mumbai
3810,Male,46-60,Regular,Yes,Indore
3811,Female,46-60,Budget,No,Jaipur
3812,Male,18-25,Budget,No,Chandigarh
3813,Female,36-45,Regular,No,Chennai
3814,Male,36-45,Budget,No,Nagpur
3815,Female,26-35,Regular,No,Chandigarh
3816,Female,36-45,Regular,Yes,Pune
3817,Male,36-45,Business,Yes,Ahmedabad
3818,Female,18-25,Regular,Yes,Chandigarh
3819,Female,18-25,Regular,Yes,Kochi
3820,Female,18-25,Premium,Yes,Ahmedabad
3821,Male,36-45,Budget,No,Delhi
3822,Male,26-35,Business,Yes,Nagpur
3823,Male,26-35,Regular,Yes,Mumbai
3824,Male,36-45,Regular,Yes,Hyderabad
3825,Male,26-35,Business,Yes,Chandigarh
3826,Male,26-35,Budget,Yes,Delhi
3827,Male,36-45,Budget,Yes,Bengaluru
3828,Female,60+,Regular,Yes,Chennai
3829,Female,36-45,Regular,Yes,Kochi
3830,Female,18-25,Regular,Yes,Nagpur
3831,Female,26-35,Regular,No,Nagpur
3832,Female,36-45,Business,No,Kochi
3833,Male,18-25,Budget,No,Ahmedabad
3834,Female,26-35,Regular,No,Pune
3835,Male,60+,Regular,No,Delhi
3836,Male,26-35,Regular,No,Kochi
3837,Male,36-45,Premium,No,Hyderabad
3838,Female,26-35,Budget,Yes,Bengaluru
3839,Female,26-35,Premium,Yes,Hyderabad
3840,Female,26-35,Budget,No,Chandigarh
3841,Male,26-35,Budget,No,Delhi
3842,Female,26-35,Budget,Yes,Bhubaneswar
3843,Male,26-35,Regular,Yes,Surat
3844,Male,26-35,Budget,No,Nagpur
3845,Male,18-25,Premium,No,Lucknow
3846,Female,36-45,Budget,No,Chandigarh
3847,Male,36-45,Budget,No,Delhi
3848,Male,60+,Regular,Yes,Bengaluru
3849,Male,46-60,Regular,No,Jaipur
3850,Female,46-60,Premium,No,Delhi
3851,Male,46-60,Premium,No,Pune
3852,Female,36-45,Business,Yes,Delhi
3853,Male,18-25,Regular,Yes,Indore
3854,Female,60+,Regular,Yes,Delhi
3855,Female,60+,Regular,Yes,Hyderabad
3856,Female,26-35,Premium,No,Kochi
3857,Female,46-60,Budget,No,Jaipur
3858,Female,26-35,Regular,Yes,Lucknow
3859,Female,18-25,Regular,Yes,Chennai
3860,Male,26-35,Regular,Yes,Lucknow
3861,Female,18-25,Budget,No,Pune
3862,Female,46-60,Budget,No,Chennai
3863,Female,26-35,Regular,Yes,Chennai
3864,Female,26-35,Regular,Yes,Chandigarh
3865,Male,46-60,Regular,Yes,Ahmedabad
3866,Male,26-35,Premium,Yes,Ahmedabad
3867,Female,36-45,Budget,No,Ahmedabad
3868,Female,46-60,Premium,Yes,Bhubaneswar
3869,Female,26-35,Budget,No,Kochi
3870,Male,60+,Regular,Yes,Jaipur
3871,Female,46-60,Premium,No,Kochi
3872,Female,18-25,Premium,Yes,Indore
3873,Female,18-25,Regular,Yes,Kochi
3874,Male,18-25,Regular,No,Chennai
3875,Male,18-25,Premium,Yes,Ahmedabad
3876,Female,18-25,Budget,No,Kochi
3877,Male,36-45,Budget,No,Mumbai
3878,Female,26-35,Budget,No,Nagpur
3879,Female,26-35,Budget,Yes,Delhi
3880,Male,46-60,Business,No,Kochi
3881,Female,46-60,Regular,No,Surat
3882,Male,26-35,Budget,No,Chennai
3883,Female,18-25,Regular,No,Kochi
3884,Male,26-35,Premium,No,Lucknow
3885,Male,26-35,Regular,No,Lucknow
3886,Female,26-35,Business,Yes,Lucknow
3887,Male,36-45,Regular,No,Ahmedabad
3888,Female,26-35,Regular,Yes,Chennai
3889,Female,26-35,Regular,No,Indore
3890,Female,36-45,Regular,No,Bhubaneswar
3891,Male,60+,Premium,Yes,Indore
3892,Male,26-35,Regular,No,Surat
3893,Male,36-45,Budget,No,Bhubaneswar
3894,Male,18-25,Regular,Yes,Bengaluru
3895,Female,36-45,Budget,No,Ahmedabad
3896,Female,26-35,Business,Yes,Ahmedabad
3897,Female,18-25,Premium,No,Bhubaneswar
3898,Male,18-25,Budget,Yes,Bengaluru
3899,Female,46-60,Regular,Yes,Ahmedabad
3900,Female,18-25,Budget,No,Surat
3901,Male,18-25,Regular,Yes,Ahmedabad
3902,Female,46-60,Premium,Yes,Chennai
3903,Male,26-35,Budget,No,Delhi
3904,Male,26-35,Business,No,Ahmedabad
3905,Male,36-45,Premium,No,Hyderabad
3906,Male,18-25,Budget,Yes,Jaipur
3907,Male,46-60,Budget,No,Indore
3908,Male,46-60,Regular,Yes,Lucknow
3909,Male,18-25,Regular,No,Pune
3910,Male,26-35,Premium,Yes,Indore
3911,Female,36-45,Regular,No,Chandigarh
3912,Female,18-25,Regular,No,Surat
3913,Female,18-25,Budget,Yes,Chennai
3914,Male,26-35,Regular,Yes,Pune
3915,Female,36-45,Budget,Yes,Nagpur
3916,Male,36-45,Budget,No,Jaipur
3917,Female,36-45,Regular,No,Jaipur
3918,Male,18-25,Budget,No,Nagpur
3919,Female,26-35,Budget,No,Ahmedabad
3920,Male,60+,Premium,No,Chandigarh
3921,Male,26-35,Business,No,Pune
3922,Female,18-25,Regular,No,Chennai
3923,Female,36-45,Budget,Yes,Chennai
3924,Female,36-45,Budget,Yes,Jaipur
3925,Female,36-45,Regular,Yes,Mumbai
3926,Male,18-25,Regular,No,Nagpur
3927,Female,46-60,Premium,Yes,Lucknow
3928,Female,18-25,Premium,No,Lucknow
3929,Male,18-25,Budget,No,Ahmedabad
3930,Female,36-45,Regular,No,Nagpur
3931,Male,26-35,Regular,No,Ahmedabad
3932,Male,18-25,Regular,No,Surat
3933,Female,18-25,Budget,Yes,Jaipur
3934,Male,26-35,Budget,No,Indore
3935,Male,26-35,Regular,No,Bhubaneswar
3936,Female,46-60,Budget,No,Lucknow
3937,Male,46-60,Budget,Yes,Surat
3938,Male,26-35,Budget,Yes,Nagpur
3939,Male,60+,Budget,No,Jaipur
3940,Male,18-25,Budget,No,Nagpur
3941,Female,46-60,Premium,No,Surat
3942,Female,18-25,Premium,No,Surat
3943,Female,36-45,Regular,No,Nagpur
3944,Female,26-35,Budget,No,Kochi
3945,Male,60+,Budget,No,Pune
3946,Male,46-60,Premium,No,Nagpur
3947,Female,36-45,Budget,No,Kochi
3948,Female,26-35,Regular,Yes,Pune
3949,Male,26-35,Premium,No,Indore
3950,Female,26-35,Budget,Yes,Lucknow
3951,Male,36-45,Budget,Yes,Lucknow
3952,Female,36-45,Budget,Yes,Ahmedabad
3953,Male,36-45,Budget,No,Bengaluru
3954,Male,18-25,Regular,No,Pune
3955,Female,46-60,Regular,No,Indore
3956,Male,46-60,Premium,No,Bhubaneswar
3957,Female,26-35,Regular,No,Delhi
3958,Male,18-25,Premium,No,Bhubaneswar
3959,Male,36-45,Budget,No,Indore
3960,Male,26-35,Regular,No,Bengaluru
3961,Female,36-45,Regular,No,Nagpur
3962,Male,36-45,Business,No,Indore
3963,Female,46-60,Regular,Yes,Delhi
3964,Male,26-35,Regular,Yes,Bhubaneswar
3965,Female,26-35,Regular,No,Kochi
3966,Male,18-25,Premium,No,Mumbai
3967,Female,26-35,Budget,Yes,Pune
3968,Male,26-35,Budget,Yes,Nagpur
3969,Male,26-35,Regular,No,Indore
3970,Female,26-35,Premium,Yes,Kochi
3971,Male,26-35,Regular,Yes,Lucknow
3972,Male,36-45,Premium,No,Chennai
3973,Female,46-60,Budget,No,Nagpur
3974,Male,26-35,Regular,No,Hyderabad
3975,Male,36-45,Regular,No,Bhubaneswar
3976,Female,36-45,Regular,No,Indore
3977,Male,36-45,Budget,No,Lucknow
3978,Female,26-35,Premium,No,Chennai
3979,Female,18-25,Budget,No,Chennai
3980,Female,36-45,Business,No,Bhubaneswar
3981,Male,26-35,Business,No,Ahmedabad
3982,Female,26-35,Regular,No,Bengaluru
3983,Female,26-35,Premium,Yes,Hyderabad
3984,Male,36-45,Business,No,Kochi
3985,Male,36-45,Budget,Yes,Hyderabad
3986,Female,46-60,Regular,Yes,Bengaluru
3987,Male,26-35,Budget,Yes,Chandigarh
3988,Female,18-25,Budget,No,Chennai
3989,Male,36-45,Regular,Yes,Pune
3990,Male,26-35,Regular,No,Bhubaneswar
3991,Female,26-35,Regular,No,Bhubaneswar
3992,Female,26-35,Budget,No,Kochi
3993,Female,36-45,Budget,No,Chandigarh
3994,Male,26-35,Business,Yes,Nagpur
3995,Male,18-25,Budget,Yes,Pune
3996,Male,36-45,Budget,No,Chandigarh
3997,Female,46-60,Premium,Yes,Chennai
3998,Male,36-45,Regular,No,Chandigarh
3999,Female,46-60,Premium,Yes,Chennai
4000,Male,26-35,Budget,No,Chennai
4001,Male,46-60,Regular,No,Chennai
4002,Female,60+,Premium,Yes,Delhi
4003,Female,36-45,Budget,No,Kochi
4004,Female,26-35,Budget,No,Bengaluru
4005,Female,26-35,Budget,No,Jaipur
4006,Female,46-60,Budget,No,Mumbai
4007,Male,18-25,Budget,No,Chennai
4008,Male,26-35,Premium,Yes,Surat
4009,Male,36-45,Regular,Yes,Indore
4010,Female,26-35,Regular,No,Ahmedabad
4011,Female,36-45,Budget,No,Kochi
4012,Female,18-25,Budget,Yes,Pune
4013,Male,46-60,Budget,Yes,Chennai
4014,Female,46-60,Budget,Yes,Pune
4015,Female,46-60,Premium,Yes,Ahmedabad
4016,Male,26-35,Regular,Yes,Mumbai
4017,Female,36-45,Regular,No,Mumbai
4018,Female,26-35,Regular,No,Chandigarh
4019,Female,26-35,Budget,Yes,Bhubaneswar
4020,Male,18-25,Budget,Yes,Nagpur
4021,Female,18-25,Premium,No,Nagpur
4022,Male,36-45,Regular,Yes,Bengaluru
4023,Female,46-60,Premium,No,Hyderabad
4024,Female,26-35,Regular,No,Nagpur
4025,Male,26-35,Regular,No,Bengaluru
4026,Female,46-60,Budget,Yes,Bhubaneswar
4027,Male,26-35,Regular,No,Chennai
4028,Male,26-35,Budget,No,Jaipur
4029,Female,26-35,Budget,No,Mumbai
4030,Male,18-25,Regular,Yes,Jaipur
4031,Female,26-35,Budget,Yes,Kochi
4032,Male,26-35,Regular,Yes,Jaipur
4033,Male,18-25,Regular,No,Delhi
4034,Male,18-25,Regular,No,Kochi
4035,Male,26-35,Regular,Yes,Hyderabad
4036,Male,46-60,Regular,Yes,Ahmedabad
4037,Female,18-25,Regular,No,Delhi
4038,Female,26-35,Regular,No,Indore
4039,Male,26-35,Budget,No,Bengaluru
4040,Female,46-60,Regular,Yes,Lucknow
4041,Male,26-35,Budget,No,Chandigarh
4042,Male,26-35,Budget,No,Chennai
4043,Female,46-60,Budget,Yes,Delhi
4044,Male,36-45,Regular,Yes,Chandigarh
4045,Male,18-25,Premium,Yes,Nagpur
4046,Female,18-25,Budget,Yes,Bhubaneswar
4047,Male,18-25,Budget,Yes,Pune
4048,Male,46-60,Regular,No,Surat
4049,Male,26-35,Budget,Yes,Lucknow
4050,Male,18-25,Business,Yes,Delhi
4051,Male,18-25,Budget,Yes,Bengaluru
4052,Male,18-25,Regular,No,Chandigarh
4053,Male,36-45,Budget,Yes,Hyderabad
4054,Male,26-35,Budget,Yes,Hyderabad
4055,Female,26-35,Premium,Yes,Mumbai
4056,Male,26-35,Regular,Yes,Surat
4057,Female,36-45,Regular,Yes,Bengaluru
4058,Female,26-35,Premium,Yes,Ahmedabad
4059,Female,26-35,Budget,Yes,Chennai
4060,Male,26-35,Regular,No,Bhubaneswar
4061,Male,36-45,Regular,No,Indore
4062,Male,26-35,Budget,Yes,Surat
4063,Female,26-35,Business,No,Bengaluru
4064,Female,36-45,Regular,Yes,Pune
4065,Male,46-60,Business,Yes,Ahmedabad
4066,Female,26-35,Budget,No,Lucknow
4067,Male,26-35,Regular,No,Chennai
4068,Female,46-60,Regular,Yes,Surat
4069,Female,26-35,Business,Yes,Bhubaneswar
4070,Female,18-25,Regular,Yes,Pune
4071,Female,36-45,Premium,No,Chandigarh
4072,Female,26-35,Budget,No,Bengaluru
4073,Female,18-25,Budget,Yes,Indore
4074,Female,60+,Regular,No,Chandigarh
4075,Female,26-35,Regular,No,Kochi
4076,Female,26-35,Budget,No,Chandigarh
4077,Female,36-45,Budget,No,Indore
4078,Male,36-45,Budget,No,Bengaluru
4079,Male,26-35,Premium,No,Bhubaneswar
4080,Male,18-25,Premium,No,Pune
4081,Female,18-25,Premium,No,Nagpur
4082,Female,18-25,Budget,No,Hyderabad
4083,Male,46-60,Regular,Yes,Delhi
4084,Female,60+,Regular,Yes,Chennai
4085,Male,26-35,Regular,No,Nagpur
4086,Male,60+,Regular,Yes,Chennai
4087,Female,46-60,Premium,No,Ahmedabad
4088,Female,46-60,Regular,Yes,Jaipur
4089,Male,26-35,Regular,No,Kochi
4090,Male,46-60,Budget,No,Kochi
4091,Female,18-25,Regular,No,Hyderabad
4092,Male,60+,Premium,Yes,Ahmedabad
4093,Female,36-45,Budget,Yes,Mumbai
4094,Female,60+,Regular,No,Indore
4095,Male,26-35,Regular,No,Delhi
4096,Female,18-25,Regular,Yes,Hyderabad
4097,Male,26-35,Premium,No,Pune
4098,Male,36-45,Budget,No,Kochi
4099,Female,26-35,Budget,Yes,Mumbai
4100,Male,60+,Regular,No,Nagpur
4101,Male,46-60,Regular,Yes,Chennai
4102,Male,60+,Premium,Yes,Lucknow
4103,Male,18-25,Regular,No,Surat
4104,Female,18-25,Business,Yes,Chennai
4105,Male,46-60,Regular,No,Chennai
4106,Male,46-60,Premium,No,Delhi
4107,Female,46-60,Budget,No,Delhi
4108,Male,36-45,Budget,No,Nagpur
4109,Male,26-35,Premium,No,Mumbai
4110,Female,26-35,Business,No,Mumbai
4111,Female,46-60,Business,Yes,Kochi
4112,Female,18-25,Budget,Yes,Delhi
4113,Female,46-60,Regular,No,Jaipur
4114,Female,18-25,Regular,Yes,Nagpur
4115,Male,46-60,Premium,Yes,Pune
4116,Male,36-45,Budget,Yes,Mumbai
4117,Male,26-35,Business,No,Chennai
4118,Male,26-35,Regular,Yes,Jaipur
4119,Female,26-35,Budget,No,Mumbai
4120,Male,60+,Regular,No,Nagpur
4121,Female,26-35,Premium,Yes,Jaipur
4122,Male,18-25,Budget,Yes,Ahmedabad
4123,Male,36-45,Regular,No,Chandigarh
4124,Female,18-25,Budget,No,Ahmedabad
4125,Male,18-25,Budget,Yes,Chandigarh
4126,Female,18-25,Budget,Yes,Hyderabad
4127,Male,26-35,Regular,No,Indore
4128,Female,18-25,Regular,No,Ahmedabad
4129,Female,46-60,Budget,No,Pune
4130,Female,36-45,Budget,Yes,Delhi
4131,Female,26-35,Business,No,Mumbai
4132,Female,26-35,Business,Yes,Nagpur
4133,Female,18-25,Budget,Yes,Indore
4134,Female,26-35,Regular,Yes,Chandigarh
4135,Female,46-60,Business,Yes,Chandigarh
4136,Male,26-35,Premium,No,Chennai
4137,Female,18-25,Budget,Yes,Kochi
4138,Female,26-35,Regular,Yes,Chandigarh
4139,Male,26-35,Regular,No,Delhi
4140,Male,18-25,Business,Yes,Chandigarh
4141,Female,46-60,Regular,No,Surat
4142,Female,46-60,Budget,No,Chennai
4143,Female,26-35,Premium,Yes,Mumbai
4144,Male,26-35,Budget,Yes,Indore
4145,Male,18-25,Budget,No,Lucknow
4146,Male,18-25,Budget,Yes,Kochi
4147,Male,26-35,Regular,Yes,Bengaluru
4148,Male,26-35,Budget,Yes,Lucknow
4149,Female,18-25,Business,No,Pune
4150,Female,26-35,Budget,No,Chennai
4151,Male,36-45,Budget,Yes,Bhubaneswar
4152,Female,18-25,Budget,No,Nagpur
4153,Male,36-45,Business,No,Bhubaneswar
4154,Male,46-60,Regular,No,Lucknow
4155,Female,60+,Budget,No,Ahmedabad
4156,Female,26-35,Business,No,Lucknow
4157,Male,18-25,Budget,No,Delhi
4158,Female,26-35,Budget,Yes,Chennai
4159,Male,46-60,Regular,No,Mumbai
4160,Female,26-35,Premium,Yes,Lucknow
4161,Male,36-45,Regular,No,Lucknow
4162,Male,18-25,Budget,No,Bengaluru
4163,Male,36-45,Premium,No,Hyderabad
4164,Male,36-45,Regular,No,Hyderabad
4165,Female,26-35,Budget,No,Mumbai
4166,Female,36-45,Business,No,Nagpur
4167,Female,60+,Budget,Yes,Delhi
4168,Female,36-45,Regular,Yes,Nagpur
4169,Male,46-60,Regular,Yes,Delhi
4170,Male,36-45,Business,No,Indore
4171,Female,18-25,Premium,No,Pune
4172,Female,26-35,Regular,Yes,Mumbai
4173,Female,46-60,Regular,Yes,Hyderabad
4174,Female,18-25,Regular,Yes,Mumbai
4175,Female,36-45,Regular,No,Hyderabad
4176,Male,26-35,Budget,Yes,Lucknow
4177,Male,36-45,Regular,Yes,Hyderabad
4178,Female,46-60,Regular,Yes,Surat
4179,Male,26-35,Premium,Yes,Jaipur
4180,Female,18-25,Budget,No,Chandigarh
4181,Female,18-25,Regular,No,Chennai
4182,Female,26-35,Budget,Yes,Kochi
4183,Female,26-35,Regular,Yes,Surat
4184,Male,26-35,Premium,No,Chennai
4185,Male,18-25,Regular,No,Surat
4186,Male,26-35,Regular,Yes,Bengaluru
4187,Female,26-35,Regular,Yes,Bengaluru
4188,Male,26-35,Budget,Yes,Nagpur
4189,Male,36-45,Budget,Yes,Hyderabad
4190,Male,26-35,Budget,No,Ahmedabad
4191,Male,46-60,Regular,No,Mumbai
4192,Male,46-60,Budget,Yes,Delhi
4193,Female,26-35,Regular,No,Pune
4194,Male,26-35,Regular,No,Hyderabad
4195,Male,18-25,Premium,No,Bengaluru
4196,Female,26-35,Regular,No,Hyderabad
4197,Male,26-35,Regular,Yes,Surat
4198,Male,36-45,Regular,Yes,Chandigarh
4199,Female,18-25,Regular,Yes,Hyderabad
4200,Male,36-45,Budget,No,Delhi
4201,Male,18-25,Budget,Yes,Chandigarh
4202,Female,36-45,Regular,No,Pune
4203,Female,18-25,Regular,Yes,Mumbai
4204,Male,26-35,Regular,No,Jaipur
4205,Male,18-25,Premium,Yes,Chennai
4206,Female,26-35,Budget,Yes,Hyderabad
4207,Female,26-35,Regular,Yes,Bhubaneswar
4208,Female,18-25,Regular,No,Jaipur
4209,Female,18-25,Budget,Yes,Kochi
4210,Male,36-45,Regular,Yes,Indore
4211,Female,26-35,Regular,Yes,Jaipur
4212,Female,18-25,Budget,No,Pune
4213,Male,46-60,Premium,Yes,Delhi
4214,Female,36-45,Budget,No,Chandigarh
4215,Male,26-35,Regular,Yes,Bhubaneswar
4216,Female,18-25,Budget,No,Chandigarh
4217,Male,26-35,Premium,No,Chandigarh
4218,Male,26-35,Budget,No,Bengaluru
4219,Female,46-60,Budget,No,Indore
4220,Female,26-35,Regular,No,Lucknow
4221,Male,36-45,Regular,Yes,Nagpur
4222,Male,26-35,Budget,Yes,Hyderabad
4223,Male,46-60,Premium,Yes,Pune
4224,Female,26-35,Regular,Yes,Kochi
4225,Female,26-35,Regular,No,Indore
4226,Female,18-25,Budget,No,Hyderabad
4227,Female,26-35,Regular,No,Chandigarh
4228,Male,46-60,Budget,No,Indore
4229,Female,36-45,Budget,Yes,Bengaluru
4230,Male,36-45,Premium,No,Delhi
4231,Male,46-60,Budget,Yes,Ahmedabad
4232,Male,60+,Budget,Yes,Pune
4233,Male,26-35,Business,Yes,Pune
4234,Female,36-45,Regular,Yes,Surat
4235,Female,36-45,Budget,Yes,Ahmedabad
4236,Female,36-45,Budget,No,Bengaluru
4237,Male,26-35,Budget,Yes,Surat
4238,Female,26-35,Regular,No,Ahmedabad
4239,Male,46-60,Business,No,Lucknow
4240,Female,46-60,Premium,No,Delhi
4241,Male,36-45,Regular,No,Kochi
4242,Male,26-35,Budget,Yes,Kochi
4243,Male,36-45,Budget,Yes,Nagpur
4244,Female,46-60,Regular,No,Chennai
4245,Female,26-35,Budget,Yes,Bengaluru
4246,Male,26-35,Regular,No,Surat
4247,Female,46-60,Business,No,Pune
4248,Female,36-45,Regular,No,Bengaluru
4249,Male,18-25,Regular,Yes,Delhi
4250,Male,46-60,Regular,No,Jaipur
4251,Male,36-45,Regular,No,Hyderabad
4252,Female,18-25,Regular,No,Nagpur
4253,Female,18-25,Regular,Yes,Nagpur
4254,Male,46-60,Regular,Yes,Hyderabad
4255,Male,18-25,Business,No,Bhubaneswar
4256,Male,18-25,Business,No,Mumbai
4257,Female,26-35,Budget,No,Surat
4258,Male,26-35,Budget,No,Chennai
4259,Female,18-25,Budget,No,Bhubaneswar
4260,Female,26-35,Regular,No,Bhubaneswar
4261,Female,18-25,Regular,No,Kochi
4262,Female,46-60,Regular,Yes,Pune
4263,Female,46-60,Business,Yes,Nagpur
4264,Male,46-60,Regular,No,Chennai
4265,Male,46-60,Budget,Yes,Bengaluru
4266,Male,18-25,Budget,Yes,Nagpur
4267,Female,26-35,Budget,Yes,Nagpur
4268,Male,26-35,Regular,No,Nagpur
4269,Male,26-35,Budget,No,Delhi
4270,Female,26-35,Budget,Yes,Chandigarh
4271,Female,18-25,Regular,No,Pune
4272,Male,26-35,Premium,Yes,Hyderabad
4273,Female,26-35,Budget,Yes,Chandigarh
4274,Male,18-25,Budget,No,Delhi
4275,Female,26-35,Regular,Yes,Ahmedabad
4276,Female,18-25,Premium,No,Jaipur
4277,Female,46-60,Regular,Yes,Nagpur
4278,Male,26-35,Budget,No,Chandigarh
4279,Female,26-35,Regular,Yes,Mumbai
4280,Male,36-45,Regular,Yes,Bhubaneswar
4281,Female,36-45,Premium,Yes,Jaipur
4282,Male,26-35,Regular,No,Kochi
4283,Male,26-35,Premium,No,Jaipur
4284,Female,36-45,Budget,Yes,Lucknow
4285,Female,36-45,Regular,Yes,Mumbai
4286,Male,60+,Regular,Yes,Lucknow
4287,Male,26-35,Regular,No,Indore
4288,Female,46-60,Regular,Yes,Ahmedabad
4289,Male,36-45,Regular,No,Kochi
4290,Female,26-35,Premium,No,Lucknow
4291,Male,18-25,Premium,Yes,Indore
4292,Female,18-25,Regular,Yes,Bhubaneswar
4293,Male,26-35,Regular,No,Bhubaneswar
4294,Male,18-25,Regular,No,Mumbai
4295,Female,26-35,Premium,Yes,Bengaluru
4296,Male,46-60,Budget,No,Hyderabad
4297,Female,18-25,Regular,No,Delhi
4298,Male,36-45,Premium,No,Kochi
4299,Female,26-35,Premium,No,Kochi
4300,Male,46-60,Regular,No,Nagpur
4301,Female,36-45,Budget,Yes,Lucknow
4302,Male,18-25,Regular,Yes,Nagpur
4303,Male,36-45,Budget,Yes,Nagpur
4304,Female,26-35,Budget,Yes,Chennai
4305,Female,46-60,Regular,Yes,Nagpur
4306,Male,36-45,Regular,No,Kochi
4307,Female,46-60,Business,No,Surat
4308,Male,26-35,Regular,No,Chandigarh
4309,Female,26-35,Regular,Yes,Kochi
4310,Female,26-35,Regular,Yes,Jaipur
4311,Male,18-25,Budget,No,Hyderabad
4312,Female,46-60,Regular,Yes,Kochi
4313,Male,46-60,Regular,No,Chandigarh
4314,Male,46-60,Budget,No,Indore
4315,Male,26-35,Budget,Yes,Indore
4316,Male,26-35,Regular,No,Pune
4317,Male,18-25,Budget,No,Bhubaneswar
4318,Male,18-25,Budget,No,Pune
4319,Male,18-25,Premium,Yes,Kochi
4320,Male,36-45,Budget,Yes,Delhi
4321,Female,46-60,Regular,Yes,Surat
4322,Female,26-35,Premium,Yes,Nagpur
4323,Male,36-45,Budget,No,Kochi
4324,Male,46-60,Budget,Yes,Mumbai
4325,Female,60+,Budget,No,Ahmedabad
4326,Male,46-60,Premium,No,Ahmedabad
4327,Female,36-45,Premium,Yes,Delhi
4328,Male,46-60,Regular,Yes,Surat
4329,Female,46-60,Budget,No,Bengaluru
4330,Female,36-45,Business,No,Indore
4331,Male,18-25,Budget,No,Chennai
4332,Female,46-60,Regular,Yes,Ahmedabad
4333,Female,26-35,Budget,Yes,Pune
4334,Female,60+,Budget,No,Surat
4335,Male,60+,Regular,No,Hyderabad
4336,Male,26-35,Premium,No,Pune
4337,Male,18-25,Premium,No,Kochi
4338,Male,26-35,Budget,Yes,Delhi
4339,Female,26-35,Regular,Yes,Indore
4340,Male,18-25,Budget,No,Kochi
4341,Female,18-25,Business,Yes,Chandigarh
4342,Male,36-45,Premium,No,Lucknow
4343,Female,36-45,Regular,Yes,Delhi
4344,Male,46-60,Regular,Yes,Chandigarh
4345,Male,26-35,Budget,No,Ahmedabad
4346,Female,26-35,Budget,No,Bhubaneswar
4347,Female,46-60,Premium,No,Pune
4348,Female,46-60,Regular,Yes,Nagpur
4349,Male,60+,Budget,No,Surat
4350,Female,36-45,Business,Yes,Surat
4351,Male,46-60,Regular,No,Hyderabad
4352,Female,36-45,Regular,Yes,Ahmedabad
4353,Male,36-45,Business,Yes,Chennai
4354,Female,60+,Regular,No,Bengaluru
4355,Male,26-35,Premium,No,Kochi
4356,Male,26-35,Regular,No,Jaipur
4357,Male,26-35,Regular,No,Jaipur
4358,Female,18-25,Regular,No,Hyderabad
4359,Male,26-35,Regular,No,Kochi
4360,Female,26-35,Budget,Yes,Ahmedabad
4361,Male,36-45,Regular,No,Jaipur
4362,Male,46-60,Budget,No,Kochi
4363,Male,26-35,Budget,Yes,Surat
4364,Male,18-25,Regular,No,Indore
4365,Male,26-35,Regular,No,Pune
4366,Male,26-35,Premium,Yes,Indore
4367,Male,26-35,Business,Yes,Hyderabad
4368,Female,18-25,Budget,No,Nagpur
4369,Female,26-35,Budget,No,Jaipur
4370,Male,36-45,Regular,No,Lucknow
4371,Male,26-35,Regular,Yes,Surat
4372,Female,26-35,Budget,Yes,Jaipur
4373,Male,18-25,Budget,No,Delhi
4374,Male,26-35,Budget,Yes,Indore
4375,Female,36-45,Regular,No,Jaipur
4376,Male,36-45,Regular,No,Delhi
4377,Male,26-35,Budget,No,Delhi
4378,Male,26-35,Budget,No,Delhi
4379,Female,36-45,Regular,No,Bengaluru
4380,Male,26-35,Budget,No,Indore
4381,Male,36-45,Regular,Yes,Hyderabad
4382,Male,46-60,Regular,No,Delhi
4383,Male,46-60,Regular,Yes,Jaipur
4384,Female,18-25,Budget,Yes,Bhubaneswar
4385,Male,26-35,Premium,No,Kochi
4386,Male,36-45,Regular,Yes,Bhubaneswar
4387,Male,46-60,Regular,No,Pune
4388,Female,46-60,Budget,Yes,Bhubaneswar
4389,Male,36-45,Premium,No,Chandigarh
4390,Female,36-45,Business,No,Lucknow
4391,Female,36-45,Business,Yes,Chennai
4392,Female,26-35,Regular,Yes,Chennai
4393,Female,26-35,Regular,No,Surat
4394,Male,36-45,Budget,No,Bhubaneswar
4395,Female,36-45,Regular,No,Nagpur
4396,Female,60+,Regular,No,Surat
4397,Male,18-25,Budget,Yes,Surat
4398,Female,18-25,Premium,No,Chandigarh
4399,Male,46-60,Business,Yes,Lucknow
4400,Male,36-45,Regular,No,Chandigarh
4401,Female,60+,Budget,Yes,Chandigarh
4402,Female,18-25,Budget,No,Kochi
4403,Male,26-35,Premium,Yes,Kochi
4404,Female,26-35,Budget,Yes,Kochi
4405,Female,18-25,Regular,Yes,Bengaluru
4406,Male,36-45,Business,No,Bengaluru
4407,Female,46-60,Regular,Yes,Kochi
4408,Female,36-45,Business,Yes,Surat
4409,Male,18-25,Budget,No,Chandigarh
4410,Male,26-35,Budget,No,Bengaluru
4411,Male,26-35,Budget,No,Chandigarh
4412,Male,26-35,Budget,Yes,Pune
4413,Female,36-45,Budget,Yes,Pune
4414,Male,46-60,Regular,No,Bhubaneswar
4415,Female,18-25,Regular,No,Bhubaneswar
4416,Male,18-25,Regular,No,Bhubaneswar
4417,Male,26-35,Regular,Yes,Chandigarh
4418,Male,36-45,Premium,No,Bengaluru
4419,Female,18-25,Regular,No,Surat
4420,Male,36-45,Regular,No,Delhi
4421,Male,26-35,Regular,Yes,Chandigarh
4422,Male,36-45,Regular,Yes,Bhubaneswar
4423,Female,26-35,Budget,No,Pune
4424,Female,36-45,Budget,No,Pune
4425,Male,26-35,Premium,Yes,Nagpur
4426,Female,26-35,Regular,Yes,Mumbai
4427,Male,36-45,Business,Yes,Mumbai
4428,Male,36-45,Regular,No,Surat
4429,Female,18-25,Premium,Yes,Chennai
4430,Female,26-35,Regular,No,Chennai
4431,Female,36-45,Regular,No,Delhi
4432,Male,46-60,Regular,Yes,Mumbai
4433,Male,26-35,Business,No,Hyderabad
4434,Male,36-45,Business,Yes,Jaipur
4435,Male,46-60,Regular,No,Kochi
4436,Female,26-35,Business,No,Bengaluru
4437,Male,26-35,Premium,No,Chandigarh
4438,Male,26-35,Premium,No,Hyderabad
4439,Female,36-45,Premium,Yes,Pune
4440,Male,26-35,Budget,No,Delhi
4441,Male,46-60,Budget,No,Pune
4442,Female,26-35,Budget,Yes,Hyderabad
4443,Male,18-25,Regular,No,Pune
4444,Female,36-45,Budget,Yes,Pune
4445,Male,36-45,Premium,No,Hyderabad
4446,Male,46-60,Regular,No,Hyderabad
4447,Male,36-45,Premium,No,Mumbai
4448,Male,26-35,Regular,Yes,Indore
4449,Female,36-45,Budget,No,Ahmedabad
4450,Male,46-60,Business,No,Ahmedabad
4451,Female,18-25,Premium,No,Hyderabad
4452,Female,26-35,Budget,Yes,Indore
4453,Male,26-35,Budget,Yes,Indore
4454,Male,36-45,Budget,Yes,Nagpur
4455,Male,26-35,Premium,Yes,Ahmedabad
4456,Male,26-35,Regular,No,Indore
4457,Male,26-35,Budget,No,Chennai
4458,Male,18-25,Budget,Yes,Hyderabad
4459,Female,36-45,Budget,No,Bengaluru
4460,Male,46-60,Budget,No,Lucknow
4461,Male,18-25,Business,No,Kochi
4462,Female,18-25,Regular,No,Pune
4463,Male,26-35,Premium,Yes,Chandigarh
4464,Female,36-45,Regular,No,Chandigarh
4465,Female,26-35,Regular,Yes,Lucknow
4466,Male,26-35,Budget,No,Mumbai
4467,Male,26-35,Budget,No,Mumbai
4468,Female,18-25,Regular,Yes,Chennai
4469,Male,26-35,Budget,No,Delhi
4470,Male,36-45,Budget,No,Hyderabad
4471,Male,36-45,Premium,No,Mumbai
4472,Male,26-35,Regular,Yes,Chandigarh
4473,Female,60+,Regular,No,Indore
4474,Female,36-45,Regular,Yes,Kochi
4475,Male,26-35,Regular,Yes,Ahmedabad
4476,Male,60+,Budget,No,Mumbai
4477,Male,26-35,Budget,Yes,Nagpur
4478,Female,18-25,Premium,Yes,Pune
4479,Male,36-45,Regular,No,Hyderabad
4480,Female,46-60,Premium,No,Nagpur
4481,Female,36-45,Regular,No,Chennai
4482,Female,46-60,Regular,Yes,Bengaluru
4483,Male,26-35,Budget,Yes,Indore
4484,Female,36-45,Regular,No,Jaipur
4485,Female,18-25,Regular,No,Surat
4486,Female,26-35,Regular,No,Kochi
4487,Female,18-25,Regular,No,Delhi
4488,Female,46-60,Premium,No,Lucknow
4489,Female,36-45,Budget,Yes,Delhi
4490,Female,18-25,Budget,No,Mumbai
4491,Female,60+,Budget,Yes,Ahmedabad
4492,Male,36-45,Budget,No,Mumbai
4493,Male,26-35,Regular,Yes,Bengaluru
4494,Female,26-35,Budget,Yes,Hyderabad
4495,Female,26-35,Regular,No,Nagpur
4496,Female,46-60,Regular,No,Ahmedabad
4497,Male,18-25,Regular,No,Hyderabad
4498,Male,26-35,Regular,No,Chennai
4499,Female,36-45,Regular,Yes,Hyderabad
4500,Male,36-45,Regular,Yes,Bengaluru
4501,Female,36-45,Regular,Yes,Bengaluru
4502,Male,26-35,Budget,No,Chennai
4503,Male,26-35,Regular,No,Nagpur
4504,Female,18-25,Budget,Yes,Bengaluru
4505,Female,36-45,Budget,No,Hyderabad
4506,Male,46-60,Business,Yes,Bhubaneswar
4507,Female,46-60,Budget,Yes,Jaipur
4508,Female,36-45,Premium,No,Jaipur
4509,Male,18-25,Budget,No,Delhi
4510,Female,46-60,Budget,No,Mumbai
4511,Male,60+,Regular,No,Ahmedabad
4512,Female,26-35,Business,Yes,Nagpur
4513,Female,26-35,Regular,No,Bhubaneswar
4514,Male,18-25,Budget,Yes,Hyderabad
4515,Female,26-35,Business,Yes,Jaipur
4516,Male,26-35,Regular,No,Bengaluru
4517,Male,18-25,Regular,Yes,Chennai
4518,Male,26-35,Premium,No,Surat
4519,Male,36-45,Regular,Yes,Bengaluru
4520,Female,26-35,Regular,Yes,Delhi
4521,Female,26-35,Regular,Yes,Bhubaneswar
4522,Male,18-25,Budget,No,Kochi
4523,Male,36-45,Premium,Yes,Indore
4524,Male,26-35,Budget,No,Delhi
4525,Female,26-35,Budget,Yes,Chandigarh
4526,Female,46-60,Budget,Yes,Bhubaneswar
4527,Male,18-25,Premium,No,Surat
4528,Male,18-25,Budget,No,Surat
4529,Male,26-35,Premium,No,Pune
4530,Male,26-35,Budget,No,Chennai
4531,Female,46-60,Premium,No,Nagpur
4532,Male,46-60,Regular,Yes,Surat
4533,Male,18-25,Regular,Yes,Bengaluru
4534,Female,26-35,Regular,No,Lucknow
4535,Female,26-35,Premium,No,Mumbai
4536,Male,36-45,Budget,Yes,Mumbai
4537,Female,26-35,Premium,No,Delhi
4538,Male,36-45,Budget,No,Kochi
4539,Female,18-25,Regular,Yes,Ahmedabad
4540,Male,36-45,Business,Yes,Chennai
4541,Male,26-35,Regular,No,Jaipur
4542,Male,18-25,Business,Yes,Bhubaneswar
4543,Male,46-60,Budget,No,Hyderabad
4544,Male,26-35,Budget,No,Jaipur
4545,Male,26-35,Regular,No,Hyderabad
4546,Female,18-25,Budget,Yes,Chandigarh
4547,Male,46-60,Regular,No,Indore
4548,Male,36-45,Regular,No,Delhi
4549,Male,46-60,Budget,No,Ahmedabad
4550,Female,18-25,Regular,Yes,Mumbai
4551,Female,18-25,Business,No,Bhubaneswar
4552,Male,46-60,Budget,No,Chandigarh
4553,Female,26-35,Regular,No,Bhubaneswar
4554,Male,36-45,Regular,No,Pune
4555,Female,26-35,Regular,Yes,Lucknow
4556,Female,18-25,Budget,No,Chennai
4557,Male,46-60,Regular,No,Jaipur
4558,Male,26-35,Budget,Yes,Jaipur
4559,Male,26-35,Business,No,Pune
4560,Male,18-25,Budget,No,Surat
4561,Female,18-25,Budget,Yes,Hyderabad
4562,Male,26-35,Regular,Yes,Indore
4563,Female,36-45,Regular,Yes,Ahmedabad
4564,Male,26-35,Budget,Yes,Bhubaneswar
4565,Male,36-45,Regular,Yes,Mumbai
4566,Male,46-60,Premium,Yes,Lucknow
4567,Male,26-35,Budget,No,Bhubaneswar
4568,Female,26-35,Premium,Yes,Chandigarh
4569,Female,18-25,Regular,Yes,Bengaluru
4570,Male,60+,Budget,No,Bhubaneswar
4571,Female,26-35,Budget,Yes,Chennai
4572,Female,46-60,Budget,Yes,Indore
4573,Male,36-45,Premium,Yes,Pune
4574,Male,36-45,Regular,No,Bengaluru
4575,Female,46-60,Budget,Yes,Pune
4576,Female,36-45,Regular,Yes,Delhi
4577,Male,26-35,Business,No,Nagpur
4578,Female,26-35,Premium,No,Ahmedabad
4579,Female,26-35,Budget,Yes,Hyderabad
4580,Male,18-25,Budget,Yes,Delhi
4581,Female,18-25,Regular,No,Bhubaneswar
4582,Female,60+,Business,Yes,Lucknow
4583,Female,26-35,Regular,No,Kochi
4584,Female,26-35,Regular,No,Ahmedabad
4585,Male,46-60,Regular,No,Ahmedabad
4586,Male,46-60,Premium,No,Surat
4587,Male,60+,Regular,Yes,Indore
4588,Female,18-25,Premium,Yes,Hyderabad
4589,Female,36-45,Regular,Yes,Ahmedabad
4590,Female,46-60,Regular,Yes,Delhi
4591,Female,26-35,Budget,No,Chandigarh
4592,Female,36-45,Regular,Yes,Nagpur
4593,Female,36-45,Regular,No,Pune
4594,Female,26-35,Budget,No,Pune
4595,Female,26-35,Budget,Yes,Nagpur
4596,Female,26-35,Regular,No,Kochi
4597,Female,46-60,Budget,No,Delhi
4598,Male,46-60,Regular,Yes,Bhubaneswar
4599,Male,46-60,Regular,Yes,Bhubaneswar
4600,Male,26-35,Budget,No,Pune
4601,Male,36-45,Regular,No,Surat
4602,Male,36-45,Premium,No,Surat
4603,Female,36-45,Premium,No,Bhubaneswar
4604,Male,36-45,Regular,No,Bhubaneswar
4605,Male,36-45,Budget,Yes,Hyderabad
4606,Male,26-35,Budget,Yes,Mumbai
4607,Male,18-25,Regular,Yes,Indore
4608,Female,18-25,Regular,No,Chennai
4609,Female,26-35,Business,No,Surat
4610,Female,26-35,Regular,No,Bhubaneswar
4611,Female,26-35,Budget,Yes,Bengaluru
4612,Female,26-35,Regular,Yes,Chennai
4613,Male,26-35,Regular,No,Bhubaneswar
4614,Male,26-35,Budget,No,Lucknow
4615,Male,26-35,Regular,Yes,Jaipur
4616,Female,26-35,Premium,No,Hyderabad
4617,Male,36-45,Regular,No,Pune
4618,Female,26-35,Budget,Yes,Nagpur
4619,Female,46-60,Regular,No,Pune
4620,Female,36-45,Premium,No,Chennai
4621,Female,46-60,Budget,Yes,Chandigarh
4622,Male,26-35,Budget,No,Kochi
4623,Male,60+,Premium,No,Jaipur
4624,Female,36-45,Budget,Yes,Bhubaneswar
4625,Male,60+,Budget,No,Chennai
4626,Female,36-45,Regular,Yes,Jaipur
4627,Female,36-45,Budget,Yes,Pune
4628,Male,36-45,Budget,No,Bhubaneswar
4629,Male,36-45,Premium,No,Delhi
4630,Female,26-35,Regular,No,Chennai
4631,Female,36-45,Regular,Yes,Kochi
4632,Female,36-45,Budget,No,Pune
4633,Male,46-60,Regular,Yes,Ahmedabad
4634,Female,60+,Regular,No,Surat
4635,Male,46-60,Regular,No,Chandigarh
4636,Male,18-25,Budget,Yes,Delhi
4637,Female,46-60,Budget,Yes,Kochi
4638,Female,46-60,Budget,No,Mumbai
4639,Female,26-35,Budget,Yes,Mumbai
4640,Female,26-35,Business,No,Kochi
4641,Female,26-35,Budget,Yes,Mumbai
4642,Female,26-35,Regular,No,Mumbai
4643,Female,26-35,Budget,No,Chandigarh
4644,Male,36-45,Premium,No,Chandigarh
4645,Female,26-35,Regular,No,Delhi
4646,Male,26-35,Regular,Yes,Indore
4647,Male,36-45,Regular,No,Bengaluru
4648,Female,46-60,Regular,No,Indore
4649,Male,36-45,Budget,No,Pune
4650,Female,18-25,Budget,Yes,Ahmedabad
4651,Female,26-35,Budget,Yes,Mumbai
4652,Male,26-35,Regular,No,Chennai
4653,Female,18-25,Premium,Yes,Indore
4654,Male,18-25,Budget,Yes,Jaipur
4655,Male,46-60,Regular,Yes,Pune
4656,Male,46-60,Premium,Yes,Kochi
4657,Male,26-35,Regular,No,Jaipur
4658,Female,26-35,Regular,No,Kochi
4659,Female,18-25,Premium,No,Nagpur
4660,Male,26-35,Business,No,Mumbai
4661,Female,18-25,Budget,Yes,Hyderabad
4662,Female,26-35,Business,Yes,Nagpur
4663,Female,36-45,Budget,No,Mumbai
4664,Female,26-35,Budget,No,Kochi
4665,Female,36-45,Premium,Yes,Indore
4666,Male,60+,Premium,Yes,Chandigarh
4667,Male,26-35,Business,Yes,Lucknow
4668,Male,46-60,Premium,Yes,Pune
4669,Male,26-35,Regular,Yes,Mumbai
4670,Male,60+,Premium,No,Kochi
4671,Male,26-35,Premium,No,Mumbai
4672,Female,46-60,Regular,No,Kochi
4673,Female,36-45,Regular,No,Mumbai
4674,Male,18-25,Business,No,Hyderabad
4675,Male,26-35,Budget,No,Lucknow
4676,Male,26-35,Budget,Yes,Mumbai
4677,Male,46-60,Premium,Yes,Pune
4678,Male,46-60,Budget,Yes,Mumbai
4679,Male,36-45,Budget,Yes,Chennai
4680,Female,26-35,Premium,No,Mumbai
4681,Female,26-35,Budget,No,Lucknow
4682,Female,26-35,Premium,Yes,Kochi
4683,Male,36-45,Budget,No,Nagpur
4684,Female,26-35,Budget,No,Mumbai
4685,Male,18-25,Regular,No,Delhi
4686,Female,36-45,Business,No,Mumbai
4687,Male,18-25,Budget,No,Mumbai
4688,Female,26-35,Budget,No,Chennai
4689,Male,36-45,Premium,No,Ahmedabad
4690,Female,18-25,Premium,Yes,Chandigarh
4691,Female,60+,Regular,No,Bhubaneswar
4692,Female,36-45,Regular,No,Delhi
4693,Male,26-35,Regular,No,Nagpur
4694,Female,26-35,Budget,No,Hyderabad
4695,Male,36-45,Budget,No,Bhubaneswar
4696,Female,46-60,Budget,Yes,Bengaluru
4697,Male,26-35,Regular,No,Chennai
4698,Male,36-45,Regular,No,Hyderabad
4699,Male,26-35,Budget,Yes,Mumbai
4700,Male,36-45,Premium,No,Lucknow
4701,Female,18-25,Business,No,Bengaluru
4702,Male,46-60,Budget,No,Ahmedabad
4703,Female,46-60,Budget,Yes,Surat
4704,Female,36-45,Regular,No,Nagpur
4705,Male,26-35,Business,Yes,Indore
4706,Female,26-35,Regular,No,Mumbai
4707,Female,26-35,Budget,Yes,Kochi
4708,Male,26-35,Regular,No,Surat
4709,Female,36-45,Regular,No,Jaipur
4710,Male,18-25,Budget,No,Ahmedabad
4711,Male,46-60,Regular,Yes,Ahmedabad
4712,Male,60+,Premium,Yes,Bengaluru
4713,Female,18-25,Regular,Yes,Bhubaneswar
4714,Female,46-60,Regular,No,Chennai
4715,Male,26-35,Premium,No,Mumbai
4716,Female,46-60,Budget,No,Hyderabad
4717,Female,36-45,Regular,No,Lucknow
4718,Female,26-35,Budget,No,Lucknow
4719,Female,46-60,Regular,Yes,Indore
4720,Female,26-35,Budget,Yes,Kochi
4721,Male,60+,Budget,Yes,Lucknow
4722,Female,36-45,Regular,No,Ahmedabad
4723,Male,46-60,Regular,Yes,Bengaluru
4724,Female,46-60,Premium,No,Chennai
4725,Female,26-35,Regular,Yes,Lucknow
4726,Female,46-60,Budget,No,Chandigarh
4727,Male,26-35,Regular,Yes,Chandigarh
4728,Male,26-35,Regular,No,Bengaluru
4729,Female,46-60,Budget,Yes,Bengaluru
4730,Female,36-45,Budget,No,Lucknow
4731,Female,26-35,Regular,No,Surat
4732,Male,26-35,Business,Yes,Indore
4733,Female,26-35,Regular,No,Chennai
4734,Male,46-60,Budget,No,Mumbai
4735,Female,36-45,Premium,No,Pune
4736,Female,26-35,Business,No,Bengaluru
4737,Male,36-45,Regular,Yes,Kochi
4738,Male,26-35,Business,Yes,Chennai
4739,Male,46-60,Premium,No,Pune
4740,Male,26-35,Regular,Yes,Indore
4741,Female,46-60,Regular,Yes,Ahmedabad
4742,Female,26-35,Budget,Yes,Ahmedabad
4743,Male,46-60,Regular,No,Indore
4744,Male,18-25,Regular,Yes,Delhi
4745,Male,18-25,Regular,Yes,Mumbai
4746,Male,18-25,Budget,No,Kochi
4747,Male,26-35,Budget,No,Chennai
4748,Female,36-45,Regular,No,Chandigarh
4749,Female,36-45,Regular,No,Indore
4750,Male,26-35,Business,No,Delhi
4751,Male,18-25,Budget,No,Bhubaneswar
4752,Male,26-35,Budget,Yes,Surat
4753,Female,18-25,Regular,Yes,Nagpur
4754,Male,26-35,Budget,Yes,Pune
4755,Female,26-35,Budget,Yes,Indore
4756,Female,36-45,Business,No,Chennai
4757,Female,36-45,Regular,Yes,Bengaluru
4758,Female,36-45,Business,No,Ahmedabad
4759,Female,26-35,Budget,No,Mumbai
4760,Female,36-45,Regular,No,Kochi
4761,Female,60+,Business,No,Bengaluru
4762,Male,36-45,Premium,No,Kochi
4763,Female,46-60,Budget,No,Surat
4764,Female,18-25,Budget,No,Lucknow
4765,Female,26-35,Budget,No,Chennai
4766,Male,26-35,Budget,No,Lucknow
4767,Female,46-60,Premium,Yes,Indore
4768,Male,36-45,Regular,No,Mumbai
4769,Male,18-25,Regular,Yes,Mumbai
4770,Female,36-45,Regular,Yes,Chandigarh
4771,Female,46-60,Budget,No,Bengaluru
4772,Male,26-35,Regular,No,Indore
4773,Female,26-35,Budget,No,Chandigarh
4774,Male,26-35,Regular,No,Ahmedabad
4775,Female,36-45,Budget,No,Pune
4776,Male,60+,Budget,No,Kochi
4777,Male,26-35,Regular,No,Ahmedabad
4778,Male,36-45,Premium,Yes,Ahmedabad
4779,Male,26-35,Regular,No,Surat
4780,Female,26-35,Budget,No,Kochi
4781,Male,36-45,Regular,Yes,Indore
4782,Female,26-35,Budget,Yes,Mumbai
4783,Female,26-35,Budget,Yes,Surat
4784,Female,18-25,Premium,No,Mumbai
4785,Female,26-35,Business,No,Pune
4786,Female,26-35,Budget,Yes,Mumbai
4787,Female,26-35,Regular,No,Ahmedabad
4788,Male,26-35,Regular,Yes,Indore
4789,Female,26-35,Budget,Yes,Pune
4790,Male,36-45,Budget,No,Indore
4791,Female,36-45,Budget,No,Ahmedabad
4792,Male,26-35,Premium,Yes,Mumbai
4793,Female,26-35,Regular,No,Kochi
4794,Female,46-60,Budget,Yes,Chennai
4795,Female,36-45,Regular,Yes,Jaipur
4796,Male,60+,Regular,No,Jaipur
4797,Female,60+,Regular,No,Mumbai
4798,Female,26-35,Regular,No,Lucknow
4799,Male,18-25,Regular,Yes,Bhubaneswar
4800,Female,26-35,Regular,Yes,Surat
4801,Male,26-35,Budget,No,Chandigarh
4802,Female,36-45,Business,No,Delhi
4803,Male,46-60,Regular,No,Jaipur
4804,Male,18-25,Budget,Yes,Pune
4805,Male,36-45,Regular,No,Bhubaneswar
4806,Female,26-35,Premium,No,Bhubaneswar
4807,Female,26-35,Regular,Yes,Hyderabad
4808,Female,36-45,Regular,No,Hyderabad
4809,Female,18-25,Regular,No,Indore
4810,Male,60+,Regular,Yes,Lucknow
4811,Male,36-45,Premium,No,Hyderabad
4812,Female,46-60,Budget,Yes,Mumbai
4813,Male,26-35,Budget,No,Chennai
4814,Female,36-45,Regular,Yes,Surat
4815,Male,60+,Regular,Yes,Kochi
4816,Male,36-45,Regular,Yes,Chennai
4817,Female,46-60,Regular,No,Nagpur
4818,Male,26-35,Premium,No,Ahmedabad
4819,Female,18-25,Regular,No,Delhi
4820,Female,46-60,Regular,No,Chandigarh
4821,Male,46-60,Regular,No,Chennai
4822,Male,18-25,Premium,Yes,Surat
4823,Male,18-25,Regular,No,Bengaluru
4824,Male,46-60,Regular,Yes,Chandigarh
4825,Male,46-60,Business,No,Mumbai
4826,Female,26-35,Regular,Yes,Bhubaneswar
4827,Female,36-45,Regular,Yes,Chennai
4828,Female,26-35,Regular,No,Bengaluru
4829,Female,18-25,Budget,Yes,Mumbai
4830,Male,36-45,Business,Yes,Ahmedabad
4831,Male,36-45,Budget,No,Bengaluru
4832,Female,26-35,Regular,No,Hyderabad
4833,Female,46-60,Budget,No,Bhubaneswar
4834,Male,18-25,Budget,No,Mumbai
4835,Male,26-35,Budget,No,Mumbai
4836,Male,18-25,Business,No,Chennai
4837,Male,18-25,Regular,No,Bengaluru
4838,Female,26-35,Regular,No,Lucknow
4839,Female,36-45,Budget,No,Jaipur
4840,Male,46-60,Regular,No,Jaipur
4841,Male,26-35,Budget,No,Ahmedabad
4842,Female,18-25,Regular,No,Chandigarh
4843,Female,36-45,Regular,Yes,Mumbai
4844,Male,18-25,Budget,No,Chandigarh
4845,Female,36-45,Premium,Yes,Nagpur
4846,Female,26-35,Regular,No,Bhubaneswar
4847,Female,36-45,Regular,Yes,Indore
4848,Male,26-35,Premium,No,Chandigarh
4849,Male,60+,Budget,No,Nagpur
4850,Male,26-35,Regular,No,Kochi
4851,Male,36-45,Budget,No,Bengaluru
4852,Male,36-45,Regular,Yes,Indore
4853,Female,60+,Regular,Yes,Pune
4854,Male,26-35,Regular,No,Bengaluru
4855,Male,18-25,Budget,Yes,Bengaluru
4856,Male,46-60,Regular,Yes,Hyderabad
4857,Male,18-25,Business,Yes,Pune
4858,Male,36-45,Regular,No,Mumbai
4859,Male,18-25,Regular,No,Lucknow
4860,Female,26-35,Business,Yes,Surat
4861,Male,18-25,Regular,Yes,Bhubaneswar
4862,Female,46-60,Regular,No,Pune
4863,Female,36-45,Budget,No,Jaipur
4864,Male,46-60,Regular,Yes,Bhubaneswar
4865,Male,18-25,Budget,Yes,Kochi
4866,Female,26-35,Budget,Yes,Lucknow
4867,Male,46-60,Regular,No,Chandigarh
4868,Female,18-25,Premium,No,Pune
4869,Male,18-25,Regular,No,Nagpur
4870,Male,46-60,Regular,No,Pune
4871,Female,18-25,Budget,Yes,Chennai
4872,Male,36-45,Business,Yes,Mumbai
4873,Male,26-35,Regular,Yes,Chandigarh
4874,Female,36-45,Budget,No,Lucknow
4875,Female,46-60,Regular,No,Ahmedabad
4876,Female,46-60,Regular,Yes,Delhi
4877,Female,36-45,Premium,No,Chandigarh
4878,Female,36-45,Premium,No,Chandigarh
4879,Female,36-45,Budget,Yes,Delhi
4880,Female,46-60,Regular,Yes,Kochi
4881,Male,26-35,Business,Yes,Chennai
4882,Female,36-45,Premium,No,Chennai
4883,Male,26-35,Regular,Yes,Jaipur
4884,Female,18-25,Regular,No,Pune
4885,Female,46-60,Regular,No,Delhi
4886,Female,46-60,Premium,No,Kochi
4887,Female,26-35,Budget,No,Mumbai
4888,Female,26-35,Regular,Yes,Nagpur
4889,Female,18-25,Budget,No,Jaipur
4890,Female,26-35,Regular,Yes,Ahmedabad
4891,Male,36-45,Budget,Yes,Chandigarh
4892,Female,36-45,Business,Yes,Chennai
4893,Male,46-60,Premium,Yes,Delhi
4894,Male,26-35,Regular,Yes,Chandigarh
4895,Male,36-45,Regular,No,Nagpur
4896,Female,26-35,Regular,Yes,Surat
4897,Male,36-45,Regular,No,Pune
4898,Male,26-35,Premium,Yes,Nagpur
4899,Female,18-25,Budget,No,Indore
4900,Male,60+,Budget,No,Bhubaneswar
4901,Male,18-25,Budget,No,Mumbai
4902,Male,26-35,Budget,No,Bhubaneswar
4903,Male,18-25,Budget,No,Bengaluru
4904,Male,26-35,Budget,No,Bengaluru
4905,Male,46-60,Budget,Yes,Ahmedabad
4906,Male,36-45,Regular,No,Ahmedabad
4907,Male,18-25,Regular,Yes,Delhi
4908,Male,36-45,Regular,Yes,Jaipur
4909,Female,36-45,Budget,Yes,Mumbai
4910,Female,26-35,Budget,Yes,Delhi
4911,Female,46-60,Premium,Yes,Nagpur
4912,Male,26-35,Budget,Yes,Pune
4913,Male,26-35,Regular,Yes,Pune
4914,Female,36-45,Budget,No,Delhi
4915,Male,26-35,Business,Yes,Chennai
4916,Female,26-35,Business,Yes,Surat
4917,Male,18-25,Regular,Yes,Delhi
4918,Male,46-60,Premium,No,Hyderabad
4919,Female,36-45,Regular,No,Mumbai
4920,Male,26-35,Business,No,Ahmedabad
4921,Male,46-60,Regular,No,Jaipur
4922,Male,26-35,Regular,No,Lucknow
4923,Female,18-25,Premium,No,Bengaluru
4924,Female,26-35,Budget,No,Surat
4925,Male,26-35,Regular,Yes,Mumbai
4926,Female,18-25,Budget,Yes,Lucknow
4927,Female,36-45,Budget,No,Delhi
4928,Male,36-45,Business,Yes,Bengaluru
4929,Female,26-35,Premium,Yes,Chandigarh
4930,Female,26-35,Business,Yes,Pune
4931,Male,18-25,Budget,No,Indore
4932,Female,26-35,Budget,Yes,Nagpur
4933,Male,26-35,Budget,Yes,Kochi
4934,Male,46-60,Regular,Yes,Chandigarh
4935,Female,26-35,Premium,Yes,Hyderabad
4936,Male,26-35,Budget,No,Bhubaneswar
4937,Female,18-25,Business,No,Indore
4938,Male,26-35,Regular,Yes,Hyderabad
4939,Female,60+,Budget,Yes,Bhubaneswar
4940,Male,26-35,Budget,Yes,Bengaluru
4941,Male,36-45,Regular,No,Chandigarh
4942,Male,36-45,Budget,Yes,Jaipur
4943,Female,36-45,Regular,No,Jaipur
4944,Male,18-25,Regular,Yes,Delhi
4945,Female,18-25,Regular,No,Surat
4946,Female,46-60,Regular,No,Hyderabad
4947,Male,36-45,Budget,No,Surat
4948,Male,26-35,Budget,Yes,Indore
4949,Male,18-25,Business,No,Chandigarh
4950,Female,18-25,Budget,No,Surat
4951,Female,26-35,Budget,Yes,Indore
4952,Male,60+,Regular,No,Nagpur
4953,Female,46-60,Business,Yes,Chennai
4954,Female,36-45,Regular,Yes,Indore
4955,Male,18-25,Business,Yes,Lucknow
4956,Female,36-45,Regular,No,Chandigarh
4957,Female,26-35,Premium,No,Hyderabad
4958,Female,18-25,Premium,Yes,Nagpur
4959,Female,26-35,Budget,Yes,Nagpur
4960,Female,26-35,Regular,No,Bengaluru
4961,Female,26-35,Business,No,Pune
4962,Male,36-45,Premium,No,Lucknow
4963,Female,46-60,Budget,No,Indore
4964,Female,26-35,Budget,Yes,Chandigarh
4965,Male,36-45,Regular,Yes,Surat
4966,Female,36-45,Budget,No,Indore
4967,Female,46-60,Budget,Yes,Jaipur
4968,Male,18-25,Regular,No,Ahmedabad
4969,Male,26-35,Regular,No,Chennai
4970,Male,36-45,Budget,No,Indore
4971,Male,46-60,Business,No,Chennai
4972,Male,46-60,Budget,No,Chandigarh
4973,Male,26-35,Premium,Yes,Mumbai
4974,Female,26-35,Budget,No,Nagpur
4975,Male,26-35,Budget,Yes,Bhubaneswar
4976,Male,60+,Business,No,Bengaluru
4977,Female,46-60,Regular,No,Indore
4978,Male,46-60,Budget,No,Bengaluru
4979,Female,36-45,Regular,Yes,Bhubaneswar
4980,Male,60+,Regular,No,Nagpur
4981,Male,18-25,Premium,Yes,Hyderabad
4982,Female,36-45,Business,No,Bhubaneswar
4983,Male,18-25,Regular,Yes,Hyderabad
4984,Male,26-35,Budget,Yes,Indore
4985,Female,26-35,Regular,Yes,Surat
4986,Female,26-35,Regular,Yes,Jaipur
4987,Female,18-25,Business,No,Chandigarh
4988,Male,36-45,Budget,No,Hyderabad
4989,Female,46-60,Budget,Yes,Kochi
4990,Male,26-35,Business,Yes,Chennai
4991,Male,26-35,Regular,Yes,Hyderabad
4992,Male,46-60,Budget,No,Surat
4993,Male,26-35,Budget,No,Kochi
4994,Male,46-60,Budget,No,Hyderabad
4995,Female,26-35,Budget,No,Hyderabad
4996,Male,18-25,Premium,No,Chandigarh
4997,Male,18-25,Regular,Yes,Hyderabad
4998,Female,18-25,Regular,Yes,Bhubaneswar
4999,Male,26-35,Regular,Yes,Surat
5000,Male,26-35,Business,Yes,Pune
5001,Female,36-45,Budget,No,Bengaluru
5002,Female,18-25,Business,Yes,Pune
5003,Male,26-35,Business,Yes,Indore
5004,Female,46-60,Premium,No,Bengaluru
5005,Male,26-35,Budget,Yes,Ahmedabad
5006,Male,26-35,Premium,Yes,Pune
5007,Male,36-45,Budget,No,Surat
5008,Female,46-60,Budget,No,Surat
5009,Female,36-45,Regular,Yes,Pune
5010,Female,18-25,Business,No,Chennai
5011,Female,26-35,Regular,No,Kochi
5012,Male,18-25,Premium,Yes,Mumbai
5013,Female,26-35,Regular,Yes,Lucknow
5014,Female,18-25,Premium,Yes,Delhi
5015,Female,46-60,Budget,No,Surat
5016,Male,46-60,Regular,Yes,Kochi
5017,Female,18-25,Regular,No,Delhi
5018,Female,26-35,Budget,No,Bengaluru
5019,Female,26-35,Regular,Yes,Pune
5020,Female,18-25,Budget,No,Mumbai
5021,Male,18-25,Regular,No,Nagpur
5022,Female,36-45,Business,No,Mumbai
5023,Male,26-35,Budget,Yes,Surat
5024,Male,18-25,Regular,No,Lucknow
5025,Male,26-35,Business,Yes,Bhubaneswar
5026,Female,36-45,Regular,Yes,Hyderabad
5027,Female,46-60,Regular,No,Kochi
5028,Male,36-45,Regular,No,Nagpur
5029,Male,26-35,Budget,Yes,Ahmedabad
5030,Male,36-45,Regular,Yes,Bengaluru
5031,Male,36-45,Premium,No,Bengaluru
5032,Male,26-35,Budget,Yes,Surat
5033,Male,36-45,Regular,Yes,Pune
5034,Male,18-25,Premium,No,Kochi
5035,Female,18-25,Regular,No,Ahmedabad
5036,Male,26-35,Budget,Yes,Chennai
5037,Female,36-45,Budget,Yes,Nagpur
5038,Female,26-35,Regular,No,Ahmedabad
5039,Female,46-60,Premium,Yes,Mumbai
5040,Male,26-35,Regular,Yes,Mumbai
5041,Male,60+,Premium,No,Indore
5042,Male,46-60,Business,Yes,Hyderabad
5043,Male,18-25,Regular,No,Chandigarh
5044,Female,26-35,Budget,No,Delhi
5045,Female,36-45,Premium,Yes,Bhubaneswar
5046,Male,18-25,Premium,Yes,Jaipur
5047,Male,46-60,Regular,No,Jaipur
5048,Male,18-25,Regular,No,Mumbai
5049,Male,60+,Budget,No,Mumbai
5050,Male,60+,Budget,Yes,Surat
5051,Male,36-45,Regular,Yes,Chennai
5052,Female,26-35,Business,No,Indore
5053,Male,26-35,Budget,No,Jaipur
5054,Female,26-35,Regular,Yes,Mumbai
5055,Male,36-45,Premium,Yes,Hyderabad
5056,Female,36-45,Budget,Yes,Chennai
5057,Female,18-25,Business,No,Hyderabad
5058,Female,60+,Regular,No,Indore
5059,Female,36-45,Premium,Yes,Ahmedabad
5060,Female,18-25,Budget,No,Pune
5061,Female,18-25,Budget,No,Pune
5062,Male,46-60,Budget,Yes,Bengaluru
5063,Female,26-35,Budget,Yes,Chennai
5064,Female,18-25,Business,Yes,Surat
5065,Female,18-25,Regular,No,Pune
5066,Male,26-35,Premium,Yes,Lucknow
5067,Male,46-60,Regular,Yes,Ahmedabad
5068,Female,46-60,Regular,No,Hyderabad
5069,Female,46-60,Regular,Yes,Jaipur
5070,Female,36-45,Budget,Yes,Ahmedabad
5071,Female,26-35,Regular,No,Surat
5072,Female,36-45,Budget,Yes,Bengaluru
5073,Female,18-25,Budget,No,Bengaluru
5074,Female,18-25,Budget,No,Mumbai
5075,Male,46-60,Budget,No,Pune
5076,Female,36-45,Regular,Yes,Delhi
5077,Male,36-45,Budget,Yes,Bhubaneswar
5078,Female,18-25,Regular,Yes,Hyderabad
5079,Male,46-60,Regular,No,Chennai
5080,Male,46-60,Premium,Yes,Indore
5081,Female,46-60,Premium,Yes,Bhubaneswar
5082,Male,46-60,Business,No,Ahmedabad
5083,Male,26-35,Regular,No,Kochi
5084,Male,18-25,Budget,Yes,Delhi
5085,Male,26-35,Regular,Yes,Mumbai
5086,Male,18-25,Business,No,Pune
5087,Male,26-35,Budget,No,Chandigarh
5088,Male,36-45,Budget,Yes,Jaipur
5089,Female,26-35,Premium,No,Chennai
5090,Male,18-25,Regular,No,Chennai
5091,Female,36-45,Budget,No,Hyderabad
5092,Male,26-35,Budget,No,Ahmedabad
5093,Male,26-35,Business,No,Chandigarh
5094,Female,26-35,Budget,Yes,Chennai
5095,Female,18-25,Regular,No,Indore
5096,Male,26-35,Budget,Yes,Hyderabad
5097,Female,60+,Budget,Yes,Indore
5098,Male,18-25,Budget,Yes,Mumbai
5099,Male,36-45,Premium,Yes,Bhubaneswar
5100,Female,26-35,Budget,No,Lucknow
5101,Female,36-45,Premium,Yes,Chandigarh
5102,Female,26-35,Regular,Yes,Chennai
5103,Male,26-35,Regular,Yes,Delhi
5104,Female,46-60,Business,Yes,Chennai
5105,Female,26-35,Premium,No,Ahmedabad
5106,Male,26-35,Budget,Yes,Lucknow
5107,Female,46-60,Budget,Yes,Mumbai
5108,Male,36-45,Premium,Yes,Delhi
5109,Male,46-60,Regular,Yes,Pune
5110,Male,18-25,Business,Yes,Surat
5111,Female,46-60,Budget,Yes,Nagpur
5112,Male,26-35,Budget,Yes,Delhi
5113,Female,26-35,Budget,No,Chennai
5114,Male,26-35,Regular,Yes,Indore
5115,Female,60+,Regular,No,Chandigarh
5116,Male,36-45,Budget,No,Nagpur
5117,Male,36-45,Regular,No,Mumbai
5118,Male,26-35,Budget,Yes,Pune
5119,Female,36-45,Premium,No,Kochi
5120,Male,60+,Budget,Yes,Pune
5121,Male,18-25,Regular,No,Indore
5122,Female,36-45,Budget,No,Jaipur
5123,Female,36-45,Business,Yes,Kochi
5124,Female,46-60,Business,Yes,Bengaluru
5125,Male,46-60,Premium,No,Ahmedabad
5126,Female,36-45,Premium,No,Bengaluru
5127,Male,26-35,Budget,No,Chandigarh
5128,Female,46-60,Premium,No,Hyderabad
5129,Male,26-35,Regular,Yes,Ahmedabad
5130,Male,46-60,Regular,No,Lucknow
5131,Male,26-35,Regular,Yes,Jaipur
5132,Male,46-60,Budget,No,Pune
5133,Female,26-35,Premium,Yes,Pune
5134,Male,18-25,Regular,No,Indore
5135,Female,26-35,Regular,No,Chennai
5136,Male,26-35,Premium,Yes,Delhi
5137,Male,36-45,Regular,No,Bengaluru
5138,Male,26-35,Regular,No,Ahmedabad
5139,Male,26-35,Regular,No,Bengaluru
5140,Male,18-25,Business,Yes,Indore
5141,Male,36-45,Budget,No,Chandigarh
5142,Female,18-25,Budget,No,Kochi
5143,Female,46-60,Premium,No,Mumbai
5144,Male,18-25,Regular,No,Bhubaneswar
5145,Male,36-45,Premium,Yes,Mumbai
5146,Female,46-60,Regular,Yes,Hyderabad
5147,Female,26-35,Budget,No,Indore
5148,Male,26-35,Regular,Yes,Hyderabad
5149,Female,46-60,Regular,No,Chennai
5150,Female,60+,Regular,Yes,Hyderabad
5151,Male,60+,Regular,No,Kochi
5152,Male,18-25,Business,No,Bhubaneswar
5153,Female,46-60,Premium,No,Hyderabad
5154,Male,46-60,Regular,Yes,Mumbai
5155,Male,36-45,Budget,Yes,Bengaluru
5156,Male,26-35,Regular,Yes,Ahmedabad
5157,Female,26-35,Regular,Yes,Chandigarh
5158,Male,36-45,Premium,Yes,Delhi
5159,Female,18-25,Budget,Yes,Kochi
5160,Female,46-60,Regular,No,Nagpur
5161,Male,26-35,Budget,Yes,Nagpur
5162,Female,46-60,Regular,No,Chennai
5163,Female,36-45,Business,Yes,Bengaluru
5164,Male,46-60,Budget,No,Chennai
5165,Female,26-35,Regular,No,Kochi
5166,Female,46-60,Business,Yes,Surat
5167,Male,36-45,Budget,Yes,Hyderabad
5168,Female,18-25,Budget,No,Lucknow
5169,Male,46-60,Budget,Yes,Pune
5170,Female,26-35,Regular,No,Nagpur
5171,Female,36-45,Regular,Yes,Nagpur
5172,Female,60+,Budget,No,Kochi
5173,Male,46-60,Regular,Yes,Hyderabad
5174,Male,18-25,Regular,Yes,Ahmedabad
5175,Male,18-25,Budget,No,Lucknow
5176,Female,26-35,Budget,No,Pune
5177,Male,36-45,Regular,No,Hyderabad
5178,Female,36-45,Business,No,Pune
5179,Male,26-35,Regular,No,Mumbai
5180,Male,26-35,Budget,Yes,Jaipur
5181,Female,18-25,Business,No,Hyderabad
5182,Female,26-35,Regular,Yes,Kochi
5183,Male,18-25,Regular,Yes,Chandigarh
5184,Male,26-35,Budget,No,Lucknow
5185,Female,60+,Budget,Yes,Bhubaneswar
5186,Male,36-45,Regular,No,Delhi
5187,Male,26-35,Regular,No,Bengaluru
5188,Male,46-60,Business,No,Hyderabad
5189,Male,18-25,Premium,No,Delhi
5190,Female,36-45,Regular,No,Chandigarh
5191,Male,26-35,Regular,Yes,Chennai
5192,Male,36-45,Budget,Yes,Delhi
5193,Male,26-35,Regular,Yes,Bengaluru
5194,Female,36-45,Budget,No,Kochi
5195,Male,36-45,Regular,Yes,Hyderabad
5196,Male,18-25,Budget,Yes,Kochi
5197,Male,36-45,Premium,Yes,Pune
5198,Male,18-25,Regular,Yes,Kochi
5199,Male,26-35,Budget,No,Nagpur
5200,Male,26-35,Business,Yes,Delhi
5201,Male,36-45,Regular,No,Bengaluru
5202,Female,18-25,Regular,No,Hyderabad
5203,Male,60+,Budget,Yes,Jaipur
5204,Male,46-60,Regular,No,Bhubaneswar
5205,Male,18-25,Premium,No,Mumbai
5206,Female,46-60,Premium,Yes,Surat
5207,Male,26-35,Regular,Yes,Jaipur
5208,Female,18-25,Budget,Yes,Delhi
5209,Female,36-45,Regular,Yes,Delhi
5210,Female,46-60,Budget,No,Delhi
5211,Male,26-35,Regular,Yes,Pune
5212,Male,26-35,Budget,No,Chennai
5213,Female,18-25,Budget,Yes,Indore
5214,Female,36-45,Budget,No,Surat
5215,Male,18-25,Regular,No,Kochi
5216,Male,36-45,Budget,Yes,Surat
5217,Male,26-35,Budget,No,Kochi
5218,Female,36-45,Regular,No,Surat
5219,Male,60+,Budget,Yes,Hyderabad
5220,Female,18-25,Regular,No,Surat
5221,Female,18-25,Regular,No,Pune
5222,Male,46-60,Budget,No,Mumbai
5223,Male,26-35,Regular,Yes,Pune
5224,Female,18-25,Regular,No,Kochi
5225,Male,60+,Business,Yes,Mumbai
5226,Male,36-45,Budget,No,Delhi
5227,Female,18-25,Regular,No,Indore
5228,Male,18-25,Premium,Yes,Nagpur
5229,Female,60+,Budget,No,Nagpur
5230,Male,18-25,Budget,No,Bhubaneswar
5231,Female,26-35,Premium,No,Kochi
5232,Male,18-25,Regular,No,Jaipur
5233,Male,18-25,Premium,No,Hyderabad
5234,Male,26-35,Premium,No,Chennai
5235,Male,18-25,Budget,No,Chennai
5236,Female,60+,Budget,No,Ahmedabad
5237,Male,46-60,Regular,No,Indore
5238,Male,46-60,Business,Yes,Chandigarh
5239,Female,18-25,Regular,No,Hyderabad
5240,Female,36-45,Regular,Yes,Nagpur
5241,Male,18-25,Budget,No,Mumbai
5242,Male,36-45,Regular,Yes,Nagpur
5243,Female,36-45,Budget,No,Kochi
5244,Male,36-45,Premium,Yes,Surat
5245,Male,46-60,Budget,Yes,Nagpur
5246,Female,36-45,Premium,Yes,Surat
5247,Male,26-35,Regular,Yes,Nagpur
5248,Female,26-35,Regular,No,Kochi
5249,Male,60+,Regular,No,Mumbai
5250,Male,36-45,Regular,Yes,Jaipur
5251,Female,46-60,Budget,No,Jaipur
5252,Female,46-60,Regular,No,Pune
5253,Male,26-35,Budget,No,Chennai
5254,Female,18-25,Business,Yes,Indore
5255,Male,26-35,Premium,Yes,Chandigarh
5256,Male,36-45,Premium,No,Jaipur
5257,Male,26-35,Business,No,Delhi
5258,Female,60+,Business,Yes,Chandigarh
5259,Male,26-35,Regular,No,Chandigarh
5260,Female,26-35,Regular,No,Indore
5261,Male,46-60,Budget,No,Surat
5262,Male,26-35,Budget,No,Jaipur
5263,Female,36-45,Budget,No,Lucknow
5264,Male,60+,Premium,No,Jaipur
5265,Female,26-35,Regular,No,Chandigarh
5266,Male,26-35,Budget,No,Ahmedabad
5267,Male,26-35,Regular,Yes,Delhi
5268,Female,26-35,Budget,Yes,Bengaluru
5269,Female,18-25,Business,Yes,Hyderabad
5270,Male,26-35,Budget,No,Lucknow
5271,Female,26-35,Business,Yes,Bhubaneswar
5272,Female,46-60,Regular,Yes,Bengaluru
5273,Male,18-25,Regular,Yes,Chennai
5274,Male,26-35,Budget,No,Bengaluru
5275,Male,36-45,Regular,No,Bhubaneswar
5276,Male,46-60,Regular,No,Pune
5277,Female,26-35,Budget,Yes,Bengaluru
5278,Female,36-45,Regular,Yes,Hyderabad
5279,Male,18-25,Regular,Yes,Bhubaneswar
5280,Male,60+,Budget,No,Indore
5281,Male,46-60,Regular,No,Bengaluru
5282,Male,46-60,Budget,No,Pune
5283,Male,36-45,Premium,No,Bengaluru
5284,Female,26-35,Budget,Yes,Chandigarh
5285,Female,26-35,Regular,No,Kochi
5286,Female,18-25,Premium,Yes,Pune
5287,Male,26-35,Budget,Yes,Ahmedabad
5288,Female,46-60,Premium,No,Jaipur
5289,Female,46-60,Budget,Yes,Hyderabad
5290,Female,36-45,Regular,No,Hyderabad
5291,Male,26-35,Budget,No,Ahmedabad
5292,Male,46-60,Regular,No,Ahmedabad
5293,Male,46-60,Premium,No,Ahmedabad
5294,Female,46-60,Budget,No,Bengaluru
5295,Male,26-35,Budget,Yes,Chandigarh
5296,Male,60+,Regular,No,Nagpur
5297,Male,36-45,Budget,Yes,Chandigarh
5298,Female,26-35,Budget,No,Hyderabad
5299,Female,18-25,Premium,No,Jaipur
5300,Male,36-45,Regular,Yes,Mumbai
5301,Male,36-45,Budget,No,Surat
5302,Male,18-25,Regular,Yes,Bengaluru
5303,Male,18-25,Budget,Yes,Surat
5304,Male,46-60,Regular,No,Nagpur
5305,Female,18-25,Budget,No,Lucknow
5306,Female,26-35,Budget,Yes,Bhubaneswar
5307,Male,46-60,Regular,Yes,Lucknow
5308,Male,18-25,Budget,Yes,Nagpur
5309,Male,60+,Regular,No,Chandigarh
5310,Male,46-60,Regular,No,Bengaluru
5311,Female,18-25,Regular,Yes,Chennai
5312,Female,46-60,Budget,Yes,Nagpur
5313,Female,26-35,Budget,Yes,Surat
5314,Female,18-25,Regular,No,Kochi
5315,Female,26-35,Budget,No,Jaipur
5316,Female,18-25,Business,Yes,Lucknow
5317,Female,26-35,Regular,Yes,Kochi
5318,Female,18-25,Premium,Yes,Jaipur
5319,Female,60+,Regular,No,Nagpur
5320,Male,46-60,Regular,Yes,Bengaluru
5321,Female,36-45,Regular,No,Bengaluru
5322,Female,18-25,Regular,No,Mumbai
5323,Female,18-25,Budget,Yes,Delhi
5324,Female,36-45,Business,Yes,Lucknow
5325,Male,18-25,Regular,Yes,Ahmedabad
5326,Female,60+,Business,Yes,Surat
5327,Male,18-25,Regular,Yes,Surat
5328,Male,36-45,Regular,No,Indore
5329,Male,60+,Budget,No,Chennai
5330,Female,46-60,Regular,Yes,Chandigarh
5331,Female,36-45,Regular,Yes,Mumbai
5332,Male,26-35,Regular,No,Lucknow
5333,Female,26-35,Regular,No,Kochi
5334,Female,26-35,Budget,Yes,Nagpur
5335,Female,18-25,Regular,Yes,Mumbai
5336,Female,36-45,Budget,No,Hyderabad
5337,Female,26-35,Regular,No,Indore
5338,Male,18-25,Budget,No,Chandigarh
5339,Female,18-25,Regular,Yes,Surat
5340,Male,36-45,Regular,No,Mumbai
5341,Female,36-45,Regular,Yes,Delhi
5342,Male,36-45,Regular,No,Bengaluru
5343,Male,36-45,Budget,Yes,Indore
5344,Female,26-35,Regular,No,Nagpur
5345,Female,36-45,Regular,No,Jaipur
5346,Female,36-45,Regular,Yes,Surat
5347,Male,26-35,Premium,Yes,Chennai
5348,Female,36-45,Regular,No,Chandigarh
5349,Female,18-25,Budget,Yes,Bengaluru
5350,Male,46-60,Regular,Yes,Bhubaneswar
5351,Male,26-35,Regular,Yes,Bhubaneswar
5352,Male,46-60,Premium,No,Nagpur
5353,Female,26-35,Regular,No,Bhubaneswar
5354,Male,46-60,Regular,No,Mumbai
5355,Female,26-35,Budget,No,Pune
5356,Female,36-45,Budget,Yes,Chandigarh
5357,Female,36-45,Regular,Yes,Ahmedabad
5358,Female,26-35,Regular,Yes,Delhi
5359,Female,26-35,Budget,Yes,Bengaluru
5360,Female,26-35,Budget,No,Chennai
5361,Male,60+,Regular,Yes,Chennai
5362,Male,18-25,Regular,Yes,Kochi
5363,Male,60+,Business,No,Delhi
5364,Female,36-45,Regular,Yes,Chennai
5365,Female,18-25,Budget,Yes,Surat
5366,Female,36-45,Budget,No,Chandigarh
5367,Male,46-60,Regular,No,Hyderabad
5368,Female,26-35,Premium,Yes,Delhi
5369,Male,18-25,Regular,No,Pune
5370,Male,46-60,Budget,No,Surat
5371,Male,36-45,Premium,No,Lucknow
5372,Female,26-35,Business,No,Bengaluru
5373,Female,26-35,Budget,No,Chandigarh
5374,Male,46-60,Budget,Yes,Ahmedabad
5375,Female,36-45,Regular,No,Mumbai
5376,Female,18-25,Premium,Yes,Bhubaneswar
5377,Female,26-35,Regular,No,Bengaluru
5378,Female,26-35,Regular,No,Bengaluru
5379,Female,36-45,Regular,No,Surat
5380,Female,26-35,Regular,No,Lucknow
5381,Female,60+,Regular,No,Pune
5382,Male,36-45,Budget,Yes,Hyderabad
5383,Female,60+,Business,No,Indore
5384,Female,18-25,Budget,Yes,Nagpur
5385,Male,26-35,Budget,No,Jaipur
5386,Male,18-25,Budget,No,Nagpur
5387,Female,26-35,Premium,No,Chennai
5388,Female,26-35,Regular,No,Hyderabad
5389,Female,36-45,Premium,No,Nagpur
5390,Male,46-60,Budget,Yes,Ahmedabad
5391,Male,36-45,Business,No,Delhi
5392,Female,60+,Regular,No,Pune
5393,Male,26-35,Regular,Yes,Mumbai
5394,Male,46-60,Budget,Yes,Nagpur
5395,Female,18-25,Budget,No,Chandigarh
5396,Female,26-35,Regular,Yes,Ahmedabad
5397,Male,46-60,Regular,Yes,Surat
5398,Male,26-35,Budget,Yes,Mumbai
5399,Male,46-60,Budget,No,Surat
5400,Female,26-35,Budget,No,Ahmedabad
5401,Female,26-35,Regular,No,Surat
5402,Male,26-35,Budget,No,Ahmedabad
5403,Male,26-35,Budget,No,Delhi
5404,Female,26-35,Business,No,Mumbai
5405,Female,26-35,Business,Yes,Delhi
5406,Female,18-25,Regular,No,Nagpur
5407,Female,26-35,Premium,No,Lucknow
5408,Male,36-45,Budget,Yes,Delhi
5409,Female,18-25,Regular,No,Surat
5410,Male,46-60,Premium,Yes,Kochi
5411,Female,60+,Premium,No,Hyderabad
5412,Female,26-35,Premium,No,Bengaluru
5413,Female,18-25,Regular,No,Bengaluru
5414,Male,36-45,Regular,No,Bengaluru
5415,Female,26-35,Budget,No,Bengaluru
5416,Male,60+,Premium,Yes,Hyderabad
5417,Male,46-60,Regular,No,Delhi
5418,Female,26-35,Regular,Yes,Chennai
5419,Male,46-60,Premium,Yes,Pune
5420,Male,18-25,Premium,No,Surat
5421,Female,26-35,Budget,No,Pune
5422,Male,18-25,Premium,Yes,Bengaluru
5423,Male,26-35,Premium,No,Pune
5424,Male,26-35,Premium,Yes,Bengaluru
5425,Male,60+,Budget,Yes,Pune
5426,Female,36-45,Regular,No,Bhubaneswar
5427,Male,26-35,Budget,Yes,Chennai
5428,Female,26-35,Regular,No,Indore
5429,Female,26-35,Regular,No,Chandigarh
5430,Female,36-45,Budget,No,Delhi
5431,Male,36-45,Regular,Yes,Ahmedabad
5432,Male,26-35,Premium,No,Indore
5433,Female,18-25,Budget,No,Indore
5434,Male,36-45,Premium,No,Chandigarh
5435,Female,60+,Business,No,Chennai
5436,Male,36-45,Budget,No,Ahmedabad
5437,Male,46-60,Budget,Yes,Indore
5438,Male,36-45,Budget,No,Delhi
5439,Male,46-60,Regular,No,Hyderabad
5440,Female,26-35,Budget,Yes,Ahmedabad
5441,Male,18-25,Budget,No,Indore
5442,Male,26-35,Budget,Yes,Chandigarh
5443,Female,26-35,Premium,Yes,Chennai
5444,Male,26-35,Regular,Yes,Bengaluru
5445,Female,26-35,Budget,Yes,Jaipur
5446,Female,26-35,Regular,Yes,Ahmedabad
5447,Female,60+,Budget,Yes,Jaipur
5448,Male,36-45,Premium,Yes,Delhi
5449,Male,26-35,Budget,No,Ahmedabad
5450,Female,46-60,Regular,No,Chennai
5451,Male,36-45,Budget,Yes,Lucknow
5452,Female,18-25,Regular,No,Bengaluru
5453,Male,46-60,Budget,No,Nagpur
5454,Male,36-45,Regular,Yes,Mumbai
5455,Female,26-35,Budget,Yes,Kochi
5456,Male,18-25,Budget,Yes,Kochi
5457,Female,36-45,Regular,No,Bhubaneswar
5458,Male,26-35,Budget,Yes,Nagpur
5459,Male,18-25,Budget,No,Delhi
5460,Female,46-60,Budget,Yes,Nagpur
5461,Male,60+,Budget,No,Chennai
5462,Male,36-45,Budget,No,Ahmedabad
5463,Male,26-35,Budget,No,Mumbai
5464,Female,36-45,Regular,Yes,Surat
5465,Female,36-45,Regular,Yes,Delhi
5466,Male,46-60,Budget,No,Chennai
5467,Male,60+,Budget,Yes,Pune
5468,Male,26-35,Budget,No,Bhubaneswar
5469,Male,26-35,Regular,No,Lucknow
5470,Male,46-60,Regular,Yes,Bhubaneswar
5471,Female,26-35,Regular,Yes,Ahmedabad
5472,Male,18-25,Budget,No,Surat
5473,Male,26-35,Regular,No,Bengaluru
5474,Female,36-45,Budget,Yes,Hyderabad
5475,Male,36-45,Regular,No,Bengaluru
5476,Female,36-45,Regular,Yes,Chandigarh
5477,Male,46-60,Premium,Yes,Chennai
5478,Male,26-35,Regular,No,Mumbai
5479,Female,60+,Regular,Yes,Mumbai
5480,Female,60+,Premium,Yes,Kochi
5481,Female,26-35,Premium,No,Hyderabad
5482,Male,46-60,Business,No,Chennai
5483,Male,36-45,Budget,No,Mumbai
5484,Female,18-25,Regular,No,Nagpur
5485,Male,46-60,Premium,Yes,Surat
5486,Female,60+,Premium,No,Delhi
5487,Female,18-25,Regular,Yes,Chennai
5488,Female,18-25,Regular,No,Nagpur
5489,Male,26-35,Regular,Yes,Kochi
5490,Male,46-60,Regular,Yes,Surat
5491,Male,46-60,Regular,Yes,Bhubaneswar
5492,Male,18-25,Regular,No,Chandigarh
5493,Male,26-35,Regular,No,Surat
5494,Male,60+,Regular,Yes,Nagpur
5495,Male,18-25,Premium,No,Bhubaneswar
5496,Female,36-45,Premium,Yes,Ahmedabad
5497,Female,26-35,Regular,No,Chennai
5498,Male,26-35,Budget,No,Indore
5499,Female,26-35,Budget,No,Jaipur
5500,Male,26-35,Premium,No,Delhi
5501,Male,26-35,Regular,Yes,Delhi
5502,Female,26-35,Premium,No,Hyderabad
5503,Male,36-45,Premium,Yes,Lucknow
5504,Male,46-60,Budget,No,Chandigarh
5505,Female,46-60,Budget,No,Jaipur
5506,Female,36-45,Regular,No,Surat
5507,Male,36-45,Budget,No,Pune
5508,Male,60+,Premium,No,Mumbai
5509,Male,26-35,Budget,No,Nagpur
5510,Female,18-25,Regular,Yes,Lucknow
5511,Male,60+,Regular,No,Nagpur
5512,Male,26-35,Budget,Yes,Lucknow
5513,Female,46-60,Regular,Yes,Jaipur
5514,Female,18-25,Regular,No,Chennai
5515,Male,26-35,Regular,Yes,Hyderabad
5516,Male,36-45,Regular,Yes,Mumbai
5517,Female,26-35,Regular,Yes,Jaipur
5518,Female,26-35,Regular,Yes,Delhi
5519,Male,36-45,Regular,Yes,Mumbai
5520,Male,18-25,Budget,Yes,Kochi
5521,Female,46-60,Regular,Yes,Lucknow
5522,Male,26-35,Budget,Yes,Surat
5523,Female,26-35,Regular,No,Bengaluru
5524,Female,46-60,Regular,Yes,Kochi
5525,Male,26-35,Regular,No,Bengaluru
5526,Male,26-35,Budget,No,Bhubaneswar
5527,Male,26-35,Business,No,Mumbai
5528,Female,26-35,Regular,No,Bhubaneswar
5529,Female,46-60,Premium,Yes,Pune
5530,Male,18-25,Budget,No,Delhi
5531,Female,46-60,Regular,Yes,Ahmedabad
5532,Female,46-60,Business,Yes,Hyderabad
5533,Female,36-45,Budget,Yes,Chandigarh
5534,Male,26-35,Budget,No,Bhubaneswar
5535,Female,46-60,Premium,Yes,Chandigarh
5536,Male,26-35,Regular,No,Chandigarh
5537,Female,36-45,Regular,No,Bhubaneswar
5538,Male,18-25,Regular,No,Nagpur
5539,Male,26-35,Regular,Yes,Bhubaneswar
5540,Female,18-25,Regular,Yes,Surat
5541,Male,18-25,Business,No,Kochi
5542,Female,36-45,Budget,No,Ahmedabad
5543,Female,46-60,Budget,No,Indore
5544,Female,26-35,Business,Yes,Indore
5545,Female,46-60,Budget,No,Pune
5546,Male,26-35,Business,No,Kochi
5547,Male,26-35,Regular,No,Bengaluru
5548,Male,36-45,Regular,No,Nagpur
5549,Female,36-45,Budget,Yes,Jaipur
5550,Male,46-60,Regular,Yes,Pune
5551,Male,26-35,Budget,Yes,Kochi
5552,Male,36-45,Regular,No,Nagpur
5553,Female,18-25,Premium,Yes,Chandigarh
5554,Female,36-45,Business,Yes,Lucknow
5555,Male,18-25,Regular,No,Pune
5556,Female,36-45,Premium,No,Chennai
5557,Male,36-45,Regular,No,Mumbai
5558,Male,26-35,Regular,No,Nagpur
5559,Male,36-45,Premium,No,Pune
5560,Female,36-45,Budget,No,Jaipur
5561,Male,36-45,Regular,No,Surat
5562,Female,26-35,Business,Yes,Delhi
5563,Male,46-60,Regular,No,Chandigarh
5564,Male,46-60,Regular,Yes,Pune
5565,Male,36-45,Business,No,Surat
5566,Male,26-35,Premium,Yes,Lucknow
5567,Male,18-25,Budget,No,Indore
5568,Male,60+,Regular,Yes,Nagpur
5569,Female,26-35,Premium,Yes,Indore
5570,Female,26-35,Budget,No,Chennai
5571,Female,60+,Premium,No,Kochi
5572,Female,60+,Budget,No,Bengaluru
5573,Female,26-35,Regular,No,Lucknow
5574,Male,36-45,Regular,No,Delhi
5575,Male,18-25,Budget,Yes,Pune
5576,Male,36-45,Regular,No,Bhubaneswar
5577,Male,36-45,Premium,Yes,Bengaluru
5578,Male,26-35,Regular,No,Chandigarh
5579,Male,46-60,Business,No,Pune
5580,Female,26-35,Business,No,Chandigarh
5581,Male,36-45,Premium,No,Bhubaneswar
5582,Female,18-25,Premium,Yes,Delhi
5583,Male,26-35,Regular,No,Bhubaneswar
5584,Male,26-35,Budget,No,Bhubaneswar
5585,Female,36-45,Premium,Yes,Lucknow
5586,Male,36-45,Budget,Yes,Indore
5587,Female,36-45,Premium,Yes,Nagpur
5588,Female,26-35,Regular,Yes,Chandigarh
5589,Female,26-35,Regular,No,Surat
5590,Female,46-60,Regular,Yes,Surat
5591,Female,26-35,Budget,Yes,Ahmedabad
5592,Male,26-35,Budget,No,Chandigarh
5593,Female,36-45,Business,Yes,Jaipur
5594,Male,26-35,Premium,No,Delhi
5595,Male,26-35,Budget,Yes,Bhubaneswar
5596,Male,18-25,Regular,No,Bengaluru
5597,Female,26-35,Premium,Yes,Bengaluru
5598,Male,18-25,Regular,Yes,Nagpur
5599,Female,36-45,Regular,Yes,Nagpur
5600,Female,26-35,Budget,No,Surat
5601,Male,26-35,Regular,Yes,Mumbai
5602,Male,26-35,Regular,Yes,Ahmedabad
5603,Male,18-25,Budget,No,Lucknow
5604,Male,26-35,Regular,No,Bhubaneswar
5605,Male,18-25,Premium,No,Nagpur
5606,Female,18-25,Regular,Yes,Jaipur
5607,Male,46-60,Business,No,Lucknow
5608,Male,26-35,Regular,No,Bhubaneswar
5609,Male,18-25,Budget,No,Bengaluru
5610,Male,18-25,Premium,No,Hyderabad
5611,Male,26-35,Regular,Yes,Kochi
5612,Male,26-35,Budget,No,Nagpur
5613,Male,36-45,Budget,No,Hyderabad
5614,Female,26-35,Premium,No,Lucknow
5615,Female,36-45,Premium,Yes,Chandigarh
5616,Female,26-35,Regular,No,Nagpur
5617,Female,36-45,Budget,No,Jaipur
5618,Female,36-45,Regular,No,Chandigarh
5619,Female,26-35,Regular,No,Ahmedabad
5620,Male,18-25,Regular,Yes,Surat
5621,Male,26-35,Regular,No,Jaipur
5622,Female,26-35,Budget,Yes,Chandigarh
5623,Female,26-35,Regular,No,Bengaluru
5624,Male,26-35,Regular,Yes,Pune
5625,Male,26-35,Budget,No,Lucknow
5626,Male,36-45,Regular,No,Jaipur
5627,Male,18-25,Regular,Yes,Mumbai
5628,Female,60+,Regular,No,Lucknow
5629,Male,18-25,Regular,Yes,Bhubaneswar
5630,Female,36-45,Regular,Yes,Delhi
5631,Male,60+,Budget,No,Bhubaneswar
5632,Female,46-60,Regular,Yes,Jaipur
5633,Male,36-45,Regular,Yes,Indore
5634,Male,26-35,Regular,Yes,Pune
5635,Female,26-35,Budget,Yes,Pune
5636,Female,26-35,Budget,Yes,Bengaluru
5637,Female,26-35,Regular,Yes,Chandigarh
5638,Female,18-25,Budget,Yes,Indore
5639,Female,26-35,Regular,Yes,Lucknow
5640,Male,18-25,Premium,No,Ahmedabad
5641,Male,18-25,Regular,Yes,Delhi
5642,Female,46-60,Budget,No,Surat
5643,Male,26-35,Regular,Yes,Ahmedabad
5644,Male,18-25,Regular,No,Ahmedabad
5645,Female,26-35,Budget,No,Kochi
5646,Female,18-25,Regular,Yes,Hyderabad
5647,Male,26-35,Regular,Yes,Mumbai
5648,Male,36-45,Regular,No,Lucknow
5649,Female,26-35,Business,No,Hyderabad
5650,Male,36-45,Premium,No,Nagpur
5651,Female,18-25,Regular,Yes,Lucknow
5652,Male,36-45,Premium,No,Ahmedabad
5653,Female,36-45,Budget,Yes,Jaipur
5654,Female,46-60,Budget,Yes,Lucknow
5655,Female,26-35,Budget,Yes,Kochi
5656,Male,26-35,Premium,No,Jaipur
5657,Female,18-25,Regular,Yes,Bhubaneswar
5658,Female,26-35,Budget,Yes,Indore
5659,Female,36-45,Regular,Yes,Mumbai
5660,Male,60+,Budget,No,Jaipur
5661,Male,36-45,Budget,Yes,Chennai
5662,Male,26-35,Regular,No,Ahmedabad
5663,Male,26-35,Budget,Yes,Kochi
5664,Female,26-35,Regular,No,Indore
5665,Female,46-60,Regular,No,Bhubaneswar
5666,Female,26-35,Premium,Yes,Chennai
5667,Male,46-60,Budget,No,Indore
5668,Male,26-35,Regular,Yes,Chandigarh
5669,Male,26-35,Budget,No,Mumbai
5670,Female,18-25,Regular,Yes,Chennai
5671,Female,26-35,Regular,Yes,Chennai
5672,Male,36-45,Budget,Yes,Jaipur
5673,Male,18-25,Budget,Yes,Nagpur
5674,Female,36-45,Budget,No,Pune
5675,Male,36-45,Regular,Yes,Pune
5676,Female,18-25,Regular,Yes,Nagpur
5677,Female,18-25,Regular,Yes,Lucknow
5678,Female,18-25,Regular,No,Lucknow
5679,Male,36-45,Budget,Yes,Surat
5680,Female,18-25,Budget,Yes,Delhi
5681,Male,18-25,Budget,No,Lucknow
5682,Female,18-25,Budget,Yes,Surat
5683,Male,26-35,Budget,Yes,Lucknow
5684,Female,36-45,Regular,Yes,Nagpur
5685,Female,36-45,Regular,Yes,Bhubaneswar
5686,Female,18-25,Regular,No,Kochi
5687,Male,46-60,Regular,No,Mumbai
5688,Female,46-60,Regular,Yes,Indore
5689,Male,36-45,Budget,Yes,Jaipur
5690,Male,36-45,Business,No,Indore
5691,Female,18-25,Premium,No,Bhubaneswar
5692,Female,18-25,Business,Yes,Nagpur
5693,Male,36-45,Budget,No,Indore
5694,Male,18-25,Regular,Yes,Chennai
5695,Female,18-25,Business,No,Surat
5696,Female,46-60,Business,No,Delhi
5697,Female,26-35,Business,No,Mumbai
5698,Female,26-35,Regular,No,Pune
5699,Male,46-60,Regular,Yes,Ahmedabad
5700,Male,36-45,Business,Yes,Bhubaneswar
5701,Female,46-60,Budget,Yes,Nagpur
5702,Male,18-25,Budget,No,Ahmedabad
5703,Male,26-35,Regular,No,Lucknow
5704,Male,46-60,Budget,No,Nagpur
5705,Male,18-25,Premium,No,Indore
5706,Female,36-45,Regular,No,Pune
5707,Male,26-35,Budget,Yes,Nagpur
5708,Female,36-45,Budget,No,Bhubaneswar
5709,Male,46-60,Regular,No,Kochi
5710,Male,36-45,Regular,Yes,Nagpur
5711,Female,26-35,Premium,Yes,Ahmedabad
5712,Male,46-60,Budget,Yes,Pune
5713,Female,46-60,Regular,No,Bhubaneswar
5714,Male,26-35,Budget,No,Bhubaneswar
5715,Male,46-60,Premium,Yes,Kochi
5716,Male,26-35,Budget,No,Kochi
5717,Female,26-35,Premium,No,Bhubaneswar
5718,Female,18-25,Budget,No,Pune
5719,Female,46-60,Budget,No,Ahmedabad
5720,Male,36-45,Regular,Yes,Nagpur
5721,Male,36-45,Budget,Yes,Jaipur
5722,Male,26-35,Regular,No,Chandigarh
5723,Female,18-25,Regular,Yes,Bengaluru
5724,Female,26-35,Regular,Yes,Indore
5725,Female,18-25,Business,Yes,Surat
5726,Female,26-35,Budget,No,Surat
5727,Female,18-25,Regular,Yes,Bhubaneswar
5728,Female,26-35,Regular,No,Mumbai
5729,Female,60+,Business,Yes,Lucknow
5730,Female,36-45,Regular,No,Chandigarh
5731,Female,18-25,Budget,No,Delhi
5732,Male,36-45,Regular,Yes,Bhubaneswar
5733,Female,26-35,Budget,No,Ahmedabad
5734,Male,26-35,Budget,No,Bhubaneswar
5735,Female,26-35,Premium,No,Ahmedabad
5736,Male,46-60,Budget,Yes,Delhi
5737,Male,18-25,Regular,No,Kochi
5738,Male,26-35,Regular,No,Nagpur
5739,Female,18-25,Business,Yes,Kochi
5740,Female,46-60,Budget,Yes,Hyderabad
5741,Female,36-45,Regular,No,Delhi
5742,Female,60+,Budget,Yes,Nagpur
5743,Female,46-60,Budget,Yes,Delhi
5744,Male,18-25,Budget,Yes,Nagpur
5745,Female,18-25,Regular,Yes,Mumbai
5746,Female,36-45,Business,No,Indore
5747,Male,18-25,Budget,No,Hyderabad
5748,Female,46-60,Premium,No,Mumbai
5749,Female,46-60,Regular,No,Nagpur
5750,Male,46-60,Premium,Yes,Chandigarh
5751,Male,26-35,Business,No,Lucknow
5752,Female,46-60,Premium,Yes,Nagpur
5753,Female,18-25,Regular,No,Jaipur
5754,Male,26-35,Budget,Yes,Bengaluru
5755,Male,26-35,Regular,No,Hyderabad
5756,Female,18-25,Budget,Yes,Chandigarh
5757,Female,26-35,Budget,Yes,Chennai
5758,Male,36-45,Premium,Yes,Indore
5759,Female,46-60,Regular,No,Pune
5760,Male,36-45,Budget,Yes,Surat
5761,Male,18-25,Regular,No,Chennai
5762,Male,26-35,Business,No,Bhubaneswar
5763,Female,26-35,Regular,Yes,Chennai
5764,Male,36-45,Budget,No,Mumbai
5765,Female,26-35,Budget,Yes,Pune
5766,Female,18-25,Regular,Yes,Lucknow
5767,Female,46-60,Regular,No,Chennai
5768,Female,26-35,Budget,Yes,Kochi
5769,Male,36-45,Regular,No,Kochi
5770,Male,18-25,Budget,No,Bengaluru
5771,Female,36-45,Premium,No,Surat
5772,Male,26-35,Budget,Yes,Indore
5773,Female,36-45,Regular,Yes,Mumbai
5774,Male,18-25,Budget,No,Mumbai
5775,Male,26-35,Budget,No,Surat
5776,Female,46-60,Regular,No,Chennai
5777,Male,26-35,Regular,Yes,Pune
5778,Male,46-60,Premium,No,Indore
5779,Male,46-60,Premium,Yes,Chandigarh
5780,Female,46-60,Regular,No,Bhubaneswar
5781,Male,36-45,Budget,Yes,Jaipur
5782,Female,36-45,Regular,Yes,Bhubaneswar
5783,Female,46-60,Regular,No,Jaipur
5784,Male,46-60,Regular,Yes,Kochi
5785,Male,18-25,Regular,Yes,Jaipur
5786,Female,26-35,Regular,No,Indore
5787,Male,26-35,Business,Yes,Ahmedabad
5788,Male,26-35,Regular,Yes,Chennai
5789,Female,26-35,Budget,Yes,Bengaluru
5790,Female,26-35,Business,Yes,Delhi
5791,Male,46-60,Budget,Yes,Chandigarh
5792,Female,26-35,Regular,No,Lucknow
5793,Female,46-60,Budget,Yes,Jaipur
5794,Female,26-35,Regular,Yes,Bhubaneswar
5795,Male,18-25,Budget,No,Kochi
5796,Male,18-25,Premium,No,Bengaluru
5797,Female,46-60,Business,No,Surat
5798,Female,36-45,Budget,No,Lucknow
5799,Male,36-45,Regular,No,Bengaluru
5800,Female,36-45,Premium,No,Hyderabad
5801,Male,46-60,Regular,Yes,Surat
5802,Female,26-35,Regular,Yes,Ahmedabad
5803,Female,26-35,Budget,Yes,Hyderabad
5804,Male,18-25,Regular,No,Pune
5805,Female,26-35,Regular,No,Lucknow
5806,Male,46-60,Business,Yes,Bengaluru
5807,Male,26-35,Budget,No,Kochi
5808,Male,46-60,Budget,No,Kochi
5809,Male,36-45,Regular,No,Chennai
5810,Female,36-45,Budget,Yes,Kochi
5811,Female,36-45,Regular,No,Surat
5812,Female,36-45,Budget,No,Chennai
5813,Female,18-25,Business,Yes,Hyderabad
5814,Male,26-35,Regular,No,Kochi
5815,Female,26-35,Regular,No,Jaipur
5816,Male,26-35,Regular,No,Hyderabad
5817,Male,36-45,Budget,No,Bhubaneswar
5818,Male,60+,Premium,No,Hyderabad
5819,Female,46-60,Regular,Yes,Chandigarh
5820,Male,36-45,Budget,Yes,Surat
5821,Male,18-25,Premium,Yes,Jaipur
5822,Female,26-35,Budget,No,Mumbai
5823,Male,26-35,Budget,Yes,Delhi
5824,Male,26-35,Regular,Yes,Chennai
5825,Female,18-25,Regular,Yes,Indore
5826,Female,46-60,Regular,No,Nagpur
5827,Male,26-35,Regular,Yes,Kochi
5828,Male,26-35,Regular,No,Nagpur
5829,Male,26-35,Business,Yes,Indore
5830,Female,18-25,Business,No,Bengaluru
5831,Male,26-35,Budget,Yes,Bhubaneswar
5832,Female,36-45,Regular,Yes,Hyderabad
5833,Female,36-45,Business,No,Jaipur
5834,Female,26-35,Budget,No,Jaipur
5835,Female,26-35,Regular,Yes,Chandigarh
5836,Male,46-60,Budget,Yes,Mumbai
5837,Male,36-45,Regular,Yes,Jaipur
5838,Female,26-35,Regular,No,Surat
5839,Female,36-45,Regular,No,Ahmedabad
5840,Female,26-35,Business,No,Delhi
5841,Female,46-60,Regular,No,Pune
5842,Male,46-60,Business,No,Surat
5843,Female,26-35,Budget,No,Nagpur
5844,Male,26-35,Budget,Yes,Jaipur
5845,Female,36-45,Regular,Yes,Surat
5846,Female,26-35,Premium,Yes,Bhubaneswar
5847,Female,46-60,Regular,Yes,Chandigarh
5848,Male,26-35,Budget,Yes,Chandigarh
5849,Female,46-60,Regular,No,Surat
5850,Male,36-45,Budget,Yes,Nagpur
5851,Male,26-35,Budget,No,Bengaluru
5852,Female,36-45,Regular,Yes,Bengaluru
5853,Male,36-45,Regular,Yes,Kochi
5854,Female,46-60,Budget,Yes,Chennai
5855,Male,46-60,Budget,No,Pune
5856,Male,18-25,Regular,Yes,Jaipur
5857,Male,18-25,Regular,Yes,Lucknow
5858,Female,26-35,Budget,Yes,Indore
5859,Female,46-60,Regular,No,Kochi
5860,Male,60+,Regular,No,Delhi
5861,Female,26-35,Budget,Yes,Nagpur
5862,Male,26-35,Business,Yes,Bhubaneswar
5863,Female,26-35,Premium,No,Delhi
5864,Female,26-35,Premium,No,Hyderabad
5865,Female,36-45,Budget,Yes,Nagpur
5866,Female,46-60,Regular,No,Chennai
5867,Male,46-60,Budget,Yes,Kochi
5868,Female,26-35,Premium,No,Hyderabad
5869,Female,46-60,Regular,No,Pune
5870,Male,36-45,Budget,Yes,Mumbai
5871,Male,36-45,Budget,No,Ahmedabad
5872,Female,36-45,Budget,Yes,Indore
5873,Male,26-35,Regular,No,Jaipur
5874,Male,26-35,Premium,Yes,Hyderabad
5875,Female,26-35,Premium,Yes,Hyderabad
5876,Female,18-25,Regular,Yes,Jaipur
5877,Male,26-35,Business,No,Bhubaneswar
5878,Female,46-60,Premium,Yes,Bengaluru
5879,Male,26-35,Budget,No,Jaipur
5880,Male,46-60,Premium,No,Chandigarh
5881,Female,46-60,Budget,No,Indore
5882,Male,26-35,Budget,Yes,Surat
5883,Female,60+,Regular,No,Chennai
5884,Male,26-35,Regular,No,Mumbai
5885,Male,26-35,Regular,Yes,Nagpur
5886,Female,46-60,Premium,No,Mumbai
5887,Female,26-35,Budget,Yes,Pune
5888,Male,36-45,Budget,No,Jaipur
5889,Female,26-35,Regular,Yes,Chandigarh
5890,Female,26-35,Premium,Yes,Hyderabad
5891,Female,36-45,Business,Yes,Ahmedabad
5892,Male,26-35,Premium,No,Delhi
5893,Male,46-60,Budget,Yes,Lucknow
5894,Female,46-60,Premium,No,Lucknow
5895,Female,26-35,Budget,No,Chennai
5896,Female,46-60,Budget,No,Lucknow
5897,Female,60+,Premium,No,Chennai
5898,Male,60+,Budget,Yes,Indore
5899,Female,18-25,Regular,No,Delhi
5900,Male,18-25,Premium,Yes,Kochi
5901,Male,46-60,Budget,No,Pune
5902,Female,26-35,Business,No,Indore
5903,Male,46-60,Budget,No,Hyderabad
5904,Female,60+,Premium,Yes,Pune
5905,Male,46-60,Budget,No,Hyderabad
5906,Male,36-45,Premium,No,Chennai
5907,Male,46-60,Business,Yes,Hyderabad
5908,Female,18-25,Regular,Yes,Chandigarh
5909,Male,36-45,Budget,Yes,Chennai
5910,Male,46-60,Business,No,Bhubaneswar
5911,Male,36-45,Budget,No,Delhi
5912,Female,26-35,Business,No,Nagpur
5913,Female,26-35,Regular,Yes,Chennai
5914,Male,36-45,Regular,Yes,Surat
5915,Female,36-45,Business,Yes,Lucknow
5916,Female,46-60,Budget,No,Pune
5917,Male,36-45,Budget,Yes,Lucknow
5918,Male,36-45,Budget,No,Surat
5919,Male,46-60,Business,No,Surat
5920,Male,26-35,Regular,No,Pune
5921,Male,36-45,Regular,Yes,Pune
5922,Female,46-60,Regular,No,Kochi
5923,Male,36-45,Regular,No,Chennai
5924,Female,26-35,Budget,No,Pune
5925,Female,36-45,Regular,Yes,Chennai
5926,Female,26-35,Regular,No,Lucknow
5927,Male,26-35,Budget,No,Chennai
5928,Female,46-60,Regular,No,Surat
5929,Male,26-35,Regular,No,Indore
5930,Male,26-35,Regular,Yes,Pune
5931,Female,46-60,Budget,Yes,Kochi
5932,Female,46-60,Regular,No,Chennai
5933,Female,26-35,Regular,No,Chennai
5934,Female,18-25,Budget,Yes,Kochi
5935,Male,26-35,Regular,No,Chennai
5936,Male,36-45,Regular,Yes,Jaipur
5937,Female,26-35,Budget,Yes,Surat
5938,Female,46-60,Regular,No,Chennai
5939,Female,26-35,Regular,No,Nagpur
5940,Female,36-45,Regular,Yes,Hyderabad
5941,Male,26-35,Budget,Yes,Jaipur
5942,Female,26-35,Business,No,Delhi
5943,Female,18-25,Regular,Yes,Indore
5944,Female,18-25,Business,No,Bengaluru
5945,Male,46-60,Regular,Yes,Jaipur
5946,Male,26-35,Regular,Yes,Surat
5947,Male,18-25,Business,No,Jaipur
5948,Male,46-60,Business,Yes,Chennai
5949,Female,46-60,Regular,No,Pune
5950,Male,26-35,Budget,Yes,Bhubaneswar
5951,Female,26-35,Business,No,Bhubaneswar
5952,Female,36-45,Regular,No,Delhi
5953,Male,18-25,Business,No,Chennai
5954,Male,18-25,Premium,Yes,Ahmedabad
5955,Female,36-45,Regular,Yes,Mumbai
5956,Female,36-45,Budget,No,Bhubaneswar
5957,Male,46-60,Regular,Yes,Hyderabad
5958,Male,36-45,Regular,Yes,Indore
5959,Female,36-45,Budget,No,Ahmedabad
5960,Female,46-60,Business,Yes,Delhi
5961,Male,26-35,Budget,Yes,Lucknow
5962,Female,18-25,Budget,Yes,Hyderabad
5963,Male,36-45,Regular,No,Indore
5964,Male,18-25,Regular,No,Indore
5965,Female,26-35,Regular,No,Delhi
5966,Male,26-35,Business,Yes,Chandigarh
5967,Male,36-45,Business,Yes,Chennai
5968,Male,36-45,Premium,Yes,Ahmedabad
5969,Male,26-35,Premium,No,Chennai
5970,Female,18-25,Regular,Yes,Chennai
5971,Female,18-25,Regular,Yes,Bhubaneswar
5972,Male,26-35,Regular,Yes,Surat
5973,Male,36-45,Regular,No,Chandigarh
5974,Female,36-45,Premium,Yes,Indore
5975,Female,26-35,Budget,Yes,Chandigarh
5976,Male,26-35,Budget,No,Surat
5977,Female,26-35,Regular,Yes,Lucknow
5978,Female,26-35,Budget,No,Indore
5979,Female,26-35,Budget,No,Bhubaneswar
5980,Male,36-45,Budget,Yes,Bengaluru
5981,Female,26-35,Premium,No,Bhubaneswar
5982,Male,60+,Regular,Yes,Indore
5983,Male,36-45,Regular,No,Mumbai
5984,Male,26-35,Budget,No,Bhubaneswar
5985,Male,26-35,Regular,Yes,Lucknow
5986,Female,18-25,Budget,No,Hyderabad
5987,Female,26-35,Regular,Yes,Ahmedabad
5988,Female,26-35,Regular,No,Chennai
5989,Female,26-35,Budget,Yes,Hyderabad
5990,Female,36-45,Regular,No,Ahmedabad
5991,Female,46-60,Regular,No,Jaipur
5992,Male,18-25,Regular,No,Jaipur
5993,Male,46-60,Budget,No,Pune
5994,Female,36-45,Regular,No,Chandigarh
5995,Male,18-25,Budget,No,Indore
5996,Female,26-35,Regular,Yes,Delhi
5997,Male,18-25,Budget,Yes,Nagpur
5998,Female,26-35,Budget,No,Bengaluru
5999,Male,18-25,Regular,No,Jaipur
6000,Female,36-45,Budget,No,Pune
6001,Female,36-45,Budget,Yes,Chandigarh
6002,Female,18-25,Budget,No,Hyderabad
6003,Male,46-60,Regular,No,Mumbai
6004,Female,46-60,Regular,No,Kochi
6005,Female,36-45,Regular,Yes,Ahmedabad
6006,Male,26-35,Regular,No,Kochi
6007,Male,36-45,Budget,Yes,Lucknow
6008,Male,36-45,Budget,Yes,Jaipur
6009,Female,36-45,Budget,No,Lucknow
6010,Male,26-35,Regular,No,Bhubaneswar
6011,Female,36-45,Regular,No,Bengaluru
6012,Female,26-35,Budget,Yes,Ahmedabad
6013,Male,26-35,Business,No,Nagpur
6014,Female,18-25,Budget,No,Surat
6015,Male,46-60,Regular,Yes,Delhi
6016,Female,26-35,Budget,No,Bengaluru
6017,Male,26-35,Business,No,Bhubaneswar
6018,Male,26-35,Budget,No,Jaipur
6019,Male,46-60,Regular,Yes,Mumbai
6020,Female,46-60,Regular,Yes,Bengaluru
6021,Female,60+,Budget,Yes,Bengaluru
6022,Male,26-35,Regular,Yes,Pune
6023,Female,46-60,Budget,Yes,Pune
6024,Female,36-45,Budget,Yes,Nagpur
6025,Male,18-25,Regular,Yes,Bengaluru
6026,Female,26-35,Business,No,Pune
6027,Female,60+,Regular,Yes,Delhi
6028,Male,46-60,Budget,Yes,Bhubaneswar
6029,Male,60+,Premium,No,Jaipur
6030,Male,36-45,Premium,Yes,Pune
6031,Female,26-35,Budget,No,Nagpur
6032,Male,46-60,Regular,No,Chennai
6033,Female,36-45,Budget,No,Ahmedabad
6034,Male,18-25,Budget,Yes,Hyderabad
6035,Female,36-45,Budget,No,Chennai
6036,Female,36-45,Budget,No,Bhubaneswar
6037,Female,18-25,Budget,No,Indore
6038,Female,26-35,Regular,Yes,Bhubaneswar
6039,Male,18-25,Premium,Yes,Delhi
6040,Male,60+,Premium,No,Ahmedabad
6041,Female,36-45,Premium,Yes,Hyderabad
6042,Male,18-25,Regular,Yes,Pune
6043,Female,46-60,Regular,Yes,Surat
6044,Male,36-45,Budget,No,Chennai
6045,Female,26-35,Budget,No,Bengaluru
6046,Male,36-45,Premium,Yes,Mumbai
6047,Male,46-60,Premium,Yes,Chandigarh
6048,Male,26-35,Premium,No,Chandigarh
6049,Male,26-35,Premium,Yes,Surat
6050,Male,26-35,Regular,Yes,Indore
6051,Male,18-25,Budget,No,Kochi
6052,Female,36-45,Budget,Yes,Kochi
6053,Female,36-45,Premium,Yes,Nagpur
6054,Male,26-35,Budget,No,Lucknow
6055,Female,18-25,Business,Yes,Hyderabad
6056,Female,18-25,Regular,Yes,Indore
6057,Female,46-60,Regular,No,Pune
6058,Female,36-45,Regular,Yes,Surat
6059,Female,46-60,Premium,No,Nagpur
6060,Female,26-35,Premium,Yes,Ahmedabad
6061,Female,26-35,Budget,No,Surat
6062,Male,36-45,Business,Yes,Chandigarh
6063,Male,60+,Budget,Yes,Surat
6064,Male,18-25,Regular,Yes,Surat
6065,Male,18-25,Regular,No,Ahmedabad
6066,Female,46-60,Premium,No,Indore
6067,Male,46-60,Regular,No,Indore
6068,Male,60+,Regular,Yes,Mumbai
6069,Male,26-35,Regular,No,Jaipur
6070,Female,26-35,Premium,No,Surat
6071,Male,26-35,Premium,No,Jaipur
6072,Male,46-60,Regular,No,Indore
6073,Female,26-35,Budget,Yes,Mumbai
6074,Female,60+,Business,Yes,Delhi
6075,Male,60+,Regular,No,Pune
6076,Male,60+,Budget,Yes,Surat
6077,Female,46-60,Regular,No,Pune
6078,Male,26-35,Regular,No,Kochi
6079,Female,36-45,Regular,Yes,Delhi
6080,Female,18-25,Premium,No,Nagpur
6081,Male,26-35,Budget,Yes,Lucknow
6082,Female,26-35,Budget,Yes,Jaipur
6083,Female,36-45,Budget,No,Indore
6084,Female,36-45,Budget,Yes,Chennai
6085,Female,18-25,Regular,Yes,Indore
6086,Male,36-45,Premium,No,Delhi
6087,Male,18-25,Budget,No,Nagpur
6088,Female,60+,Regular,No,Bhubaneswar
6089,Male,26-35,Budget,Yes,Indore
6090,Male,18-25,Budget,No,Mumbai
6091,Female,26-35,Regular,Yes,Chandigarh
6092,Female,36-45,Budget,Yes,Hyderabad
6093,Female,26-35,Budget,No,Delhi
6094,Male,26-35,Budget,Yes,Lucknow
6095,Female,18-25,Regular,Yes,Surat
6096,Male,18-25,Regular,Yes,Hyderabad
6097,Female,26-35,Budget,No,Hyderabad
6098,Female,36-45,Budget,Yes,Nagpur
6099,Male,26-35,Premium,Yes,Bhubaneswar
6100,Female,46-60,Regular,No,Jaipur
6101,Male,46-60,Budget,Yes,Indore
6102,Female,26-35,Budget,Yes,Chandigarh
6103,Male,36-45,Regular,No,Hyderabad
6104,Male,46-60,Regular,No,Jaipur
6105,Male,36-45,Budget,No,Jaipur
6106,Female,26-35,Regular,No,Hyderabad
6107,Female,18-25,Business,Yes,Pune
6108,Female,60+,Budget,No,Indore
6109,Male,26-35,Regular,Yes,Bhubaneswar
6110,Female,26-35,Budget,No,Bhubaneswar
6111,Male,26-35,Budget,No,Mumbai
6112,Female,26-35,Regular,No,Surat
6113,Male,18-25,Budget,No,Hyderabad
6114,Male,26-35,Budget,No,Delhi
6115,Male,26-35,Regular,Yes,Nagpur
6116,Male,26-35,Premium,No,Bengaluru
6117,Male,18-25,Budget,Yes,Pune
6118,Male,26-35,Regular,Yes,Pune
6119,Female,26-35,Regular,No,Pune
6120,Male,26-35,Premium,Yes,Nagpur
6121,Male,18-25,Business,Yes,Pune
6122,Female,36-45,Business,No,Bengaluru
6123,Male,18-25,Regular,No,Bhubaneswar
6124,Male,36-45,Regular,Yes,Hyderabad
6125,Female,26-35,Regular,Yes,Hyderabad
6126,Female,46-60,Business,No,Delhi
6127,Male,26-35,Regular,Yes,Chennai
6128,Male,18-25,Premium,No,Bhubaneswar
6129,Female,18-25,Business,Yes,Indore
6130,Male,36-45,Budget,No,Bengaluru
6131,Male,26-35,Business,Yes,Delhi
6132,Female,26-35,Budget,No,Ahmedabad
6133,Female,26-35,Premium,No,Chandigarh
6134,Female,26-35,Budget,Yes,Hyderabad
6135,Male,26-35,Budget,No,Bhubaneswar
6136,Male,26-35,Regular,No,Ahmedabad
6137,Female,26-35,Budget,Yes,Indore
6138,Female,36-45,Budget,Yes,Indore
6139,Male,36-45,Budget,No,Bengaluru
6140,Female,26-35,Regular,Yes,Mumbai
6141,Male,26-35,Budget,Yes,Chennai
6142,Female,46-60,Business,No,Lucknow
6143,Male,26-35,Budget,Yes,Indore
6144,Male,46-60,Budget,Yes,Bengaluru
6145,Male,18-25,Budget,Yes,Delhi
6146,Female,26-35,Business,No,Indore
6147,Female,26-35,Regular,No,Lucknow
6148,Male,26-35,Regular,No,Chennai
6149,Female,26-35,Regular,Yes,Bhubaneswar
6150,Male,46-60,Budget,No,Chandigarh
6151,Male,60+,Business,No,Chennai
6152,Male,36-45,Budget,Yes,Pune
6153,Male,26-35,Premium,Yes,Delhi
6154,Female,46-60,Budget,Yes,Nagpur
6155,Male,26-35,Premium,No,Lucknow
6156,Male,36-45,Budget,No,Lucknow
6157,Female,26-35,Premium,No,Bengaluru
6158,Male,60+,Regular,Yes,Ahmedabad
6159,Male,46-60,Budget,Yes,Bengaluru
6160,Female,26-35,Premium,Yes,Bhubaneswar
6161,Male,26-35,Premium,No,Delhi
6162,Female,36-45,Regular,No,Bengaluru
6163,Female,26-35,Premium,No,Nagpur
6164,Female,26-35,Regular,No,Lucknow
6165,Female,18-25,Budget,Yes,Bengaluru
6166,Male,46-60,Premium,Yes,Chennai
6167,Male,18-25,Budget,No,Kochi
6168,Female,60+,Premium,No,Chandigarh
6169,Male,26-35,Budget,No,Bengaluru
6170,Male,26-35,Regular,Yes,Bengaluru
6171,Male,36-45,Regular,No,Bhubaneswar
6172,Male,36-45,Business,Yes,Jaipur
6173,Male,46-60,Regular,Yes,Pune
6174,Male,46-60,Premium,No,Bengaluru
6175,Male,46-60,Budget,No,Chandigarh
6176,Male,26-35,Regular,Yes,Jaipur
6177,Male,26-35,Business,Yes,Kochi
6178,Male,26-35,Regular,No,Nagpur
6179,Male,36-45,Regular,Yes,Indore
6180,Male,36-45,Regular,Yes,Chandigarh
6181,Male,26-35,Budget,No,Pune
6182,Male,26-35,Regular,No,Surat
6183,Female,36-45,Budget,No,Pune
6184,Female,18-25,Regular,No,Chandigarh
6185,Female,18-25,Regular,No,Pune
6186,Female,46-60,Budget,No,Mumbai
6187,Female,36-45,Budget,No,Pune
6188,Male,46-60,Regular,No,Kochi
6189,Male,36-45,Budget,Yes,Indore
6190,Female,18-25,Budget,Yes,Kochi
6191,Male,46-60,Budget,No,Ahmedabad
6192,Female,26-35,Business,Yes,Kochi
6193,Female,26-35,Budget,Yes,Pune
6194,Female,36-45,Regular,No,Bhubaneswar
6195,Male,18-25,Budget,Yes,Chennai
6196,Female,46-60,Budget,No,Chennai
6197,Male,60+,Premium,No,Bhubaneswar
6198,Male,26-35,Premium,No,Hyderabad
6199,Male,26-35,Regular,Yes,Surat
6200,Male,26-35,Premium,No,Nagpur
6201,Female,46-60,Budget,Yes,Surat
6202,Female,36-45,Budget,No,Surat
6203,Female,46-60,Regular,No,Indore
6204,Male,26-35,Budget,Yes,Hyderabad
6205,Female,18-25,Premium,No,Mumbai
6206,Female,46-60,Budget,Yes,Hyderabad
6207,Male,18-25,Premium,No,Indore
6208,Male,26-35,Business,Yes,Surat
6209,Male,36-45,Budget,No,Ahmedabad
6210,Male,26-35,Budget,Yes,Nagpur
6211,Female,18-25,Budget,No,Kochi
6212,Female,36-45,Budget,Yes,Lucknow
6213,Male,18-25,Regular,No,Jaipur
6214,Female,46-60,Budget,No,Mumbai
6215,Male,26-35,Budget,No,Surat
6216,Male,36-45,Budget,No,Chandigarh
6217,Female,26-35,Budget,Yes,Chennai
6218,Female,18-25,Budget,Yes,Surat
6219,Male,26-35,Regular,Yes,Delhi
6220,Female,18-25,Budget,No,Pune
6221,Male,36-45,Regular,No,Kochi
6222,Female,26-35,Regular,No,Bengaluru
6223,Male,26-35,Business,No,Surat
6224,Female,36-45,Premium,No,Bhubaneswar
6225,Female,26-35,Premium,No,Nagpur
6226,Male,26-35,Business,No,Jaipur
6227,Male,36-45,Regular,Yes,Jaipur
6228,Female,36-45,Regular,No,Mumbai
6229,Female,26-35,Budget,Yes,Bhubaneswar
6230,Female,26-35,Regular,No,Chennai
6231,Male,36-45,Regular,No,Lucknow
6232,Female,18-25,Regular,No,Bhubaneswar
6233,Female,46-60,Premium,Yes,Lucknow
6234,Male,26-35,Regular,Yes,Kochi
6235,Male,46-60,Premium,No,Jaipur
6236,Female,26-35,Premium,No,Mumbai
6237,Female,46-60,Regular,Yes,Ahmedabad
6238,Male,26-35,Budget,Yes,Indore
6239,Female,26-35,Regular,Yes,Chandigarh
6240,Male,18-25,Premium,No,Pune
6241,Male,36-45,Regular,No,Delhi
6242,Male,18-25,Regular,No,Hyderabad
6243,Female,36-45,Budget,No,Nagpur
6244,Female,46-60,Budget,Yes,Bhubaneswar
6245,Female,26-35,Budget,No,Surat
6246,Male,36-45,Business,No,Kochi
6247,Male,36-45,Regular,No,Nagpur
6248,Male,36-45,Regular,No,Delhi
6249,Female,26-35,Business,Yes,Delhi
6250,Female,26-35,Business,No,Mumbai
6251,Male,46-60,Regular,No,Kochi
6252,Female,36-45,Budget,No,Chennai
6253,Female,60+,Regular,No,Ahmedabad
6254,Female,26-35,Business,Yes,Bengaluru
6255,Female,26-35,Budget,Yes,Jaipur
6256,Female,26-35,Premium,No,Mumbai
6257,Female,46-60,Budget,Yes,Delhi
6258,Male,26-35,Budget,Yes,Kochi
6259,Female,46-60,Budget,Yes,Bengaluru
6260,Female,36-45,Business,No,Indore
6261,Male,26-35,Regular,No,Bhubaneswar
6262,Female,26-35,Regular,Yes,Hyderabad
6263,Male,26-35,Premium,No,Indore
6264,Male,26-35,Regular,Yes,Surat
6265,Male,18-25,Budget,No,Lucknow
6266,Male,18-25,Regular,No,Lucknow
6267,Female,46-60,Premium,No,Mumbai
6268,Female,26-35,Regular,Yes,Mumbai
6269,Male,26-35,Premium,No,Mumbai
6270,Male,36-45,Business,No,Hyderabad
6271,Female,26-35,Regular,Yes,Bengaluru
6272,Female,26-35,Premium,No,Surat
6273,Male,26-35,Budget,No,Bengaluru
6274,Male,18-25,Premium,Yes,Mumbai
6275,Male,18-25,Business,Yes,Surat
6276,Female,36-45,Regular,Yes,Delhi
6277,Male,18-25,Budget,Yes,Hyderabad
6278,Female,46-60,Budget,Yes,Chandigarh
6279,Female,46-60,Regular,No,Jaipur
6280,Female,18-25,Budget,Yes,Lucknow
6281,Female,36-45,Regular,No,Surat
6282,Female,36-45,Regular,No,Indore
6283,Female,46-60,Premium,Yes,Ahmedabad
6284,Female,26-35,Budget,Yes,Pune
6285,Female,18-25,Regular,Yes,Bengaluru
6286,Female,60+,Budget,No,Mumbai
6287,Female,36-45,Premium,Yes,Bengaluru
6288,Male,36-45,Budget,Yes,Indore
6289,Male,26-35,Regular,No,Chandigarh
6290,Female,26-35,Budget,No,Delhi
6291,Male,36-45,Regular,No,Surat
6292,Male,26-35,Premium,No,Nagpur
6293,Male,26-35,Premium,Yes,Bhubaneswar
6294,Female,26-35,Regular,No,Chennai
6295,Female,26-35,Premium,Yes,Chennai
6296,Female,46-60,Budget,Yes,Indore
6297,Male,26-35,Regular,Yes,Delhi
6298,Female,26-35,Regular,No,Lucknow
6299,Male,46-60,Premium,No,Pune
6300,Female,36-45,Business,Yes,Surat
6301,Male,18-25,Budget,Yes,Ahmedabad
6302,Female,26-35,Budget,No,Surat
6303,Male,18-25,Regular,No,Pune
6304,Male,18-25,Budget,No,Ahmedabad
6305,Female,36-45,Regular,No,Chandigarh
6306,Male,36-45,Business,Yes,Ahmedabad
6307,Male,26-35,Budget,No,Chennai
6308,Female,26-35,Budget,No,Pune
6309,Female,46-60,Regular,No,Chandigarh
6310,Male,36-45,Regular,No,Bengaluru
6311,Female,36-45,Regular,No,Hyderabad
6312,Female,46-60,Regular,No,Chennai
6313,Female,36-45,Regular,No,Chennai
6314,Male,18-25,Premium,No,Pune
6315,Female,36-45,Budget,Yes,Kochi
6316,Male,26-35,Regular,Yes,Surat
6317,Female,46-60,Premium,No,Bengaluru
6318,Female,46-60,Budget,No,Bengaluru
6319,Female,26-35,Budget,Yes,Nagpur
6320,Female,60+,Budget,Yes,Surat
6321,Female,18-25,Regular,Yes,Chennai
6322,Male,60+,Regular,Yes,Bengaluru
6323,Male,26-35,Regular,No,Delhi
6324,Female,36-45,Budget,No,Indore
6325,Male,26-35,Regular,Yes,Pune
6326,Female,18-25,Premium,No,Nagpur
6327,Male,46-60,Budget,No,Indore
6328,Female,18-25,Premium,No,Hyderabad
6329,Male,36-45,Budget,Yes,Bhubaneswar
6330,Female,18-25,Regular,Yes,Bhubaneswar
6331,Female,36-45,Budget,Yes,Delhi
6332,Female,60+,Budget,No,Mumbai
6333,Female,60+,Regular,No,Kochi
6334,Female,18-25,Premium,Yes,Nagpur
6335,Male,26-35,Regular,Yes,Nagpur
6336,Male,36-45,Regular,No,Delhi
6337,Female,18-25,Budget,No,Hyderabad
6338,Female,46-60,Budget,Yes,Indore
6339,Female,60+,Budget,No,Nagpur
6340,Female,26-35,Business,No,Nagpur
6341,Female,36-45,Premium,No,Delhi
6342,Male,26-35,Regular,No,Pune
6343,Male,26-35,Regular,Yes,Ahmedabad
6344,Female,18-25,Budget,No,Bengaluru
6345,Female,26-35,Business,Yes,Bengaluru
6346,Female,36-45,Regular,No,Hyderabad
6347,Male,46-60,Budget,Yes,Bhubaneswar
6348,Female,46-60,Regular,No,Bhubaneswar
6349,Male,18-25,Regular,Yes,Mumbai
6350,Male,46-60,Budget,No,Hyderabad
6351,Male,26-35,Budget,No,Surat
6352,Female,18-25,Budget,No,Delhi
6353,Female,26-35,Business,Yes,Hyderabad
6354,Female,26-35,Regular,No,Pune
6355,Female,36-45,Budget,No,Lucknow
6356,Female,18-25,Budget,Yes,Mumbai
6357,Female,18-25,Regular,No,Hyderabad
6358,Male,26-35,Regular,No,Bengaluru
6359,Male,26-35,Budget,No,Mumbai
6360,Female,46-60,Budget,No,Nagpur
6361,Female,18-25,Business,Yes,Chandigarh
6362,Male,46-60,Premium,Yes,Jaipur
6363,Female,18-25,Premium,No,Indore
6364,Female,26-35,Premium,No,Bhubaneswar
6365,Female,36-45,Regular,No,Delhi
6366,Female,26-35,Premium,No,Kochi
6367,Male,18-25,Budget,Yes,Jaipur
6368,Male,60+,Premium,Yes,Chandigarh
6369,Male,36-45,Business,No,Chennai
6370,Male,26-35,Regular,No,Jaipur
6371,Male,46-60,Budget,Yes,Delhi
6372,Male,46-60,Regular,Yes,Mumbai
6373,Female,26-35,Business,No,Chennai
6374,Female,36-45,Regular,Yes,Chennai
6375,Female,26-35,Regular,Yes,Hyderabad
6376,Male,36-45,Regular,No,Bhubaneswar
6377,Male,36-45,Business,No,Surat
6378,Female,46-60,Budget,No,Kochi
6379,Female,60+,Budget,Yes,Mumbai
6380,Male,36-45,Budget,Yes,Mumbai
6381,Female,46-60,Regular,No,Pune
6382,Female,18-25,Regular,Yes,Mumbai
6383,Male,46-60,Regular,Yes,Bhubaneswar
6384,Male,26-35,Business,No,Pune
6385,Male,26-35,Budget,No,Indore
6386,Male,46-60,Budget,No,Nagpur
6387,Female,26-35,Budget,Yes,Ahmedabad
6388,Female,46-60,Regular,No,Nagpur
6389,Female,46-60,Regular,No,Bhubaneswar
6390,Female,18-25,Budget,No,Ahmedabad
6391,Female,18-25,Premium,Yes,Chennai
6392,Male,36-45,Premium,No,Delhi
6393,Female,18-25,Regular,Yes,Chandigarh
6394,Female,26-35,Regular,No,Lucknow
6395,Male,46-60,Regular,Yes,Nagpur
6396,Female,46-60,Regular,No,Nagpur
6397,Female,26-35,Budget,No,Kochi
6398,Female,26-35,Budget,No,Lucknow
6399,Male,36-45,Budget,No,Chennai
6400,Female,18-25,Budget,No,Chennai
6401,Male,18-25,Regular,No,Hyderabad
6402,Male,18-25,Budget,No,Bengaluru
6403,Male,26-35,Premium,Yes,Indore
6404,Female,46-60,Regular,Yes,Bengaluru
6405,Female,46-60,Business,Yes,Chennai
6406,Female,18-25,Budget,No,Jaipur
6407,Male,26-35,Regular,Yes,Jaipur
6408,Male,46-60,Regular,No,Ahmedabad
6409,Female,26-35,Regular,No,Ahmedabad
6410,Female,36-45,Regular,No,Ahmedabad
6411,Female,26-35,Business,No,Ahmedabad
6412,Male,36-45,Budget,No,Surat
6413,Female,46-60,Budget,No,Bengaluru
6414,Female,46-60,Regular,Yes,Bengaluru
6415,Female,26-35,Regular,Yes,Mumbai
6416,Male,26-35,Regular,No,Indore
6417,Male,26-35,Regular,Yes,Chennai
6418,Male,26-35,Regular,Yes,Chandigarh
6419,Female,46-60,Budget,No,Indore
6420,Female,18-25,Regular,Yes,Hyderabad
6421,Female,46-60,Premium,Yes,Ahmedabad
6422,Male,46-60,Budget,Yes,Ahmedabad
6423,Male,26-35,Budget,Yes,Mumbai
6424,Male,26-35,Business,No,Hyderabad
6425,Male,46-60,Premium,Yes,Delhi
6426,Female,26-35,Budget,Yes,Lucknow
6427,Female,26-35,Budget,No,Lucknow
6428,Female,18-25,Budget,Yes,Kochi
6429,Female,46-60,Budget,Yes,Mumbai
6430,Male,26-35,Regular,No,Pune
6431,Male,36-45,Regular,No,Nagpur
6432,Male,26-35,Regular,Yes,Jaipur
6433,Female,60+,Business,No,Ahmedabad
6434,Female,36-45,Regular,Yes,Hyderabad
6435,Male,26-35,Regular,No,Kochi
6436,Female,46-60,Business,Yes,Lucknow
6437,Male,46-60,Budget,No,Kochi
6438,Female,46-60,Regular,Yes,Nagpur
6439,Male,36-45,Regular,Yes,Chennai
6440,Female,18-25,Premium,No,Ahmedabad
6441,Female,60+,Premium,No,Lucknow
6442,Male,18-25,Budget,No,Jaipur
6443,Female,46-60,Budget,No,Nagpur
6444,Female,46-60,Premium,No,Indore
6445,Male,18-25,Regular,Yes,Kochi
6446,Male,18-25,Regular,Yes,Chandigarh
6447,Male,36-45,Premium,No,Surat
6448,Male,46-60,Regular,No,Nagpur
6449,Male,18-25,Business,Yes,Surat
6450,Male,36-45,Regular,Yes,Mumbai
6451,Female,18-25,Regular,No,Hyderabad
6452,Female,18-25,Budget,No,Bengaluru
6453,Female,18-25,Regular,Yes,Hyderabad
6454,Female,18-25,Regular,Yes,Delhi
6455,Female,26-35,Premium,Yes,Chennai
6456,Female,26-35,Premium,Yes,Hyderabad
6457,Male,36-45,Premium,No,Delhi
6458,Female,18-25,Business,No,Hyderabad
6459,Male,18-25,Budget,Yes,Chennai
6460,Male,36-45,Regular,No,Nagpur
6461,Male,46-60,Budget,Yes,Bengaluru
6462,Male,26-35,Premium,No,Bengaluru
6463,Male,26-35,Budget,Yes,Pune
6464,Female,26-35,Regular,No,Jaipur
6465,Male,18-25,Business,Yes,Lucknow
6466,Male,36-45,Regular,Yes,Ahmedabad
6467,Male,36-45,Premium,No,Bhubaneswar
6468,Male,60+,Regular,Yes,Bengaluru
6469,Male,46-60,Budget,No,Pune
6470,Male,26-35,Premium,No,Surat
6471,Female,26-35,Regular,No,Jaipur
6472,Male,26-35,Budget,Yes,Nagpur
6473,Male,36-45,Premium,Yes,Nagpur
6474,Male,36-45,Premium,Yes,Indore
6475,Male,36-45,Budget,Yes,Mumbai
6476,Male,46-60,Regular,No,Bhubaneswar
6477,Male,26-35,Budget,No,Bhubaneswar
6478,Female,46-60,Budget,Yes,Chandigarh
6479,Male,18-25,Regular,No,Kochi
6480,Female,46-60,Premium,Yes,Chennai
6481,Male,36-45,Budget,Yes,Ahmedabad
6482,Male,26-35,Premium,Yes,Indore
6483,Male,36-45,Regular,No,Bengaluru
6484,Female,26-35,Regular,Yes,Jaipur
6485,Male,46-60,Budget,Yes,Lucknow
6486,Female,36-45,Business,No,Lucknow
6487,Male,26-35,Budget,No,Mumbai
6488,Male,46-60,Budget,Yes,Pune
6489,Male,26-35,Regular,No,Chandigarh
6490,Female,46-60,Premium,No,Kochi
6491,Female,18-25,Budget,Yes,Nagpur
6492,Female,36-45,Regular,Yes,Bengaluru
6493,Male,26-35,Budget,No,Hyderabad
6494,Female,46-60,Budget,Yes,Kochi
6495,Male,26-35,Budget,No,Lucknow
6496,Male,26-35,Regular,Yes,Kochi
6497,Male,46-60,Budget,No,Jaipur
6498,Female,26-35,Regular,No,Lucknow
6499,Female,46-60,Regular,No,Chandigarh
6500,Male,46-60,Budget,Yes,Ahmedabad
6501,Male,36-45,Business,No,Chandigarh
6502,Female,36-45,Regular,Yes,Jaipur
6503,Male,36-45,Budget,Yes,Lucknow
6504,Male,36-45,Business,Yes,Bengaluru
6505,Female,46-60,Regular,No,Pune
6506,Female,26-35,Regular,Yes,Hyderabad
6507,Female,26-35,Budget,Yes,Delhi
6508,Male,26-35,Budget,No,Delhi
6509,Male,18-25,Premium,Yes,Hyderabad
6510,Male,26-35,Premium,Yes,Indore
6511,Female,18-25,Budget,Yes,Chandigarh
6512,Female,36-45,Business,No,Kochi
6513,Female,46-60,Budget,Yes,Nagpur
6514,Female,18-25,Regular,No,Chandigarh
6515,Male,36-45,Business,No,Delhi
6516,Female,36-45,Budget,No,Chandigarh
6517,Male,26-35,Budget,No,Delhi
6518,Female,36-45,Regular,Yes,Ahmedabad
6519,Male,36-45,Regular,No,Hyderabad
6520,Female,26-35,Regular,Yes,Indore
6521,Male,26-35,Regular,Yes,Nagpur
6522,Female,18-25,Regular,Yes,Pune
6523,Male,26-35,Premium,Yes,Jaipur
6524,Male,26-35,Premium,Yes,Nagpur
6525,Female,46-60,Business,No,Chandigarh
6526,Female,60+,Regular,No,Surat
6527,Male,46-60,Regular,No,Kochi
6528,Female,26-35,Budget,No,Chandigarh
6529,Female,36-45,Budget,Yes,Mumbai
6530,Female,46-60,Regular,No,Kochi
6531,Female,36-45,Budget,No,Ahmedabad
6532,Female,46-60,Regular,No,Kochi
6533,Female,36-45,Business,Yes,Indore
6534,Female,18-25,Premium,No,Chennai
6535,Male,26-35,Regular,Yes,Ahmedabad
6536,Male,36-45,Budget,No,Chennai
6537,Male,18-25,Premium,No,Hyderabad
6538,Female,36-45,Regular,Yes,Indore
6539,Male,26-35,Budget,No,Bhubaneswar
6540,Male,18-25,Regular,No,Jaipur
6541,Male,18-25,Premium,Yes,Chandigarh
6542,Male,18-25,Budget,No,Hyderabad
6543,Female,18-25,Budget,No,Chandigarh
6544,Female,36-45,Business,Yes,Mumbai
6545,Male,36-45,Budget,Yes,Chandigarh
6546,Male,26-35,Budget,No,Bengaluru
6547,Male,18-25,Regular,Yes,Lucknow
6548,Male,46-60,Budget,Yes,Mumbai
6549,Female,36-45,Budget,No,Hyderabad
6550,Male,18-25,Business,No,Ahmedabad
6551,Male,60+,Regular,No,Delhi
6552,Male,46-60,Premium,No,Ahmedabad
6553,Male,26-35,Business,No,Bengaluru
6554,Female,18-25,Premium,No,Hyderabad
6555,Female,26-35,Budget,Yes,Nagpur
6556,Male,46-60,Budget,No,Indore
6557,Female,18-25,Regular,Yes,Kochi
6558,Male,18-25,Business,No,Bengaluru
6559,Male,46-60,Regular,No,Hyderabad
6560,Male,18-25,Business,Yes,Lucknow
6561,Male,18-25,Budget,Yes,Hyderabad
6562,Male,26-35,Regular,No,Surat
6563,Female,18-25,Regular,Yes,Mumbai
6564,Male,46-60,Regular,Yes,Jaipur
6565,Female,36-45,Budget,Yes,Mumbai
6566,Male,18-25,Budget,No,Kochi
6567,Male,26-35,Regular,Yes,Ahmedabad
6568,Female,46-60,Budget,No,Lucknow
6569,Male,18-25,Regular,No,Kochi
6570,Female,36-45,Budget,No,Mumbai
6571,Male,18-25,Regular,No,Ahmedabad
6572,Female,26-35,Regular,Yes,Indore
6573,Male,26-35,Budget,No,Surat
6574,Male,18-25,Budget,No,Hyderabad
6575,Female,18-25,Budget,Yes,Pune
6576,Female,26-35,Regular,Yes,Chennai
6577,Female,26-35,Regular,Yes,Jaipur
6578,Male,36-45,Regular,No,Ahmedabad
6579,Female,26-35,Budget,Yes,Kochi
6580,Male,26-35,Budget,Yes,Chandigarh
6581,Male,26-35,Premium,Yes,Kochi
6582,Male,46-60,Regular,No,Jaipur
6583,Male,46-60,Regular,No,Bengaluru
6584,Female,18-25,Business,Yes,Lucknow
6585,Female,18-25,Budget,No,Bhubaneswar
6586,Male,18-25,Budget,Yes,Nagpur
6587,Male,26-35,Regular,Yes,Indore
6588,Female,36-45,Budget,Yes,Ahmedabad
6589,Male,36-45,Budget,No,Surat
6590,Female,46-60,Budget,Yes,Jaipur
6591,Female,60+,Regular,Yes,Surat
6592,Female,46-60,Regular,Yes,Chandigarh
6593,Female,36-45,Regular,No,Jaipur
6594,Male,36-45,Regular,No,Lucknow
6595,Female,46-60,Budget,No,Nagpur
6596,Female,26-35,Regular,No,Pune
6597,Female,18-25,Business,No,Ahmedabad
6598,Female,18-25,Regular,Yes,Indore
6599,Female,26-35,Premium,Yes,Bengaluru
6600,Female,36-45,Premium,No,Nagpur
6601,Male,36-45,Budget,Yes,Delhi
6602,Male,26-35,Regular,Yes,Chennai
6603,Male,26-35,Premium,Yes,Lucknow
6604,Female,36-45,Regular,Yes,Hyderabad
6605,Female,46-60,Regular,No,Chandigarh
6606,Female,60+,Regular,No,Pune
6607,Male,36-45,Regular,No,Indore
6608,Male,18-25,Regular,No,Pune
6609,Male,36-45,Budget,No,Nagpur
6610,Female,36-45,Regular,Yes,Ahmedabad
6611,Female,26-35,Regular,Yes,Chennai
6612,Female,46-60,Budget,No,Lucknow
6613,Male,36-45,Budget,Yes,Pune
6614,Male,46-60,Regular,No,Lucknow
6615,Male,46-60,Regular,Yes,Bengaluru
6616,Female,36-45,Budget,Yes,Surat
6617,Male,26-35,Premium,Yes,Delhi
6618,Male,18-25,Budget,Yes,Bhubaneswar
6619,Female,18-25,Regular,Yes,Ahmedabad
6620,Female,18-25,Regular,Yes,Surat
6621,Female,26-35,Budget,No,Hyderabad
6622,Female,26-35,Regular,No,Pune
6623,Male,18-25,Budget,Yes,Surat
6624,Female,60+,Budget,No,Pune
6625,Male,36-45,Regular,Yes,Pune
6626,Female,26-35,Regular,Yes,Lucknow
6627,Male,36-45,Budget,Yes,Lucknow
6628,Female,36-45,Business,Yes,Mumbai
6629,Female,18-25,Business,No,Bengaluru
6630,Male,26-35,Premium,No,Indore
6631,Female,26-35,Budget,Yes,Kochi
6632,Male,46-60,Regular,Yes,Chandigarh
6633,Female,26-35,Regular,No,Delhi
6634,Female,26-35,Budget,No,Chandigarh
6635,Male,18-25,Budget,No,Indore
6636,Female,26-35,Premium,No,Jaipur
6637,Male,18-25,Business,Yes,Hyderabad
6638,Male,36-45,Business,No,Ahmedabad
6639,Female,46-60,Regular,No,Lucknow
6640,Male,46-60,Budget,Yes,Chennai
6641,Female,18-25,Regular,Yes,Chandigarh
6642,Female,26-35,Regular,No,Delhi
6643,Male,46-60,Business,No,Jaipur
6644,Male,26-35,Budget,No,Bhubaneswar
6645,Female,26-35,Regular,No,Delhi
6646,Male,26-35,Regular,Yes,Pune
6647,Female,18-25,Regular,Yes,Bengaluru
6648,Female,18-25,Budget,Yes,Nagpur
6649,Male,36-45,Premium,No,Nagpur
6650,Female,46-60,Business,Yes,Mumbai
6651,Female,18-25,Regular,No,Chennai
6652,Female,36-45,Premium,No,Delhi
6653,Female,18-25,Regular,No,Surat
6654,Male,26-35,Budget,Yes,Nagpur
6655,Female,26-35,Budget,Yes,Chennai
6656,Female,18-25,Budget,No,Jaipur
6657,Female,36-45,Regular,Yes,Pune
6658,Female,36-45,Premium,Yes,Kochi
6659,Female,36-45,Regular,No,Kochi
6660,Male,26-35,Regular,No,Indore
6661,Male,26-35,Regular,No,Jaipur
6662,Male,18-25,Budget,Yes,Ahmedabad
6663,Male,26-35,Budget,Yes,Indore
6664,Male,60+,Budget,No,Bhubaneswar
6665,Male,46-60,Business,Yes,Pune
6666,Female,36-45,Regular,No,Lucknow
6667,Female,26-35,Regular,Yes,Ahmedabad
6668,Female,18-25,Regular,No,Chennai
6669,Male,18-25,Budget,Yes,Jaipur
6670,Male,36-45,Regular,Yes,Mumbai
6671,Male,26-35,Budget,No,Ahmedabad
6672,Female,36-45,Premium,No,Nagpur
6673,Male,26-35,Regular,No,Delhi
6674,Female,36-45,Budget,Yes,Pune
6675,Female,18-25,Premium,No,Jaipur
6676,Female,46-60,Regular,Yes,Jaipur
6677,Female,36-45,Regular,Yes,Pune
6678,Male,26-35,Premium,Yes,Kochi
6679,Female,26-35,Budget,Yes,Bengaluru
6680,Male,36-45,Regular,No,Bhubaneswar
6681,Male,46-60,Budget,Yes,Bhubaneswar
6682,Female,36-45,Premium,No,Indore
6683,Male,26-35,Premium,Yes,Bhubaneswar
6684,Male,18-25,Regular,Yes,Indore
6685,Female,18-25,Budget,No,Surat
6686,Male,26-35,Budget,Yes,Delhi
6687,Male,26-35,Budget,Yes,Kochi
6688,Male,46-60,Budget,No,Kochi
6689,Male,36-45,Budget,No,Lucknow
6690,Male,26-35,Premium,Yes,Indore
6691,Male,36-45,Budget,Yes,Indore
6692,Female,18-25,Budget,Yes,Kochi
6693,Female,18-25,Premium,Yes,Ahmedabad
6694,Male,26-35,Regular,No,Lucknow
6695,Female,60+,Budget,Yes,Lucknow
6696,Male,26-35,Premium,No,Nagpur
6697,Male,46-60,Business,Yes,Kochi
6698,Male,60+,Regular,No,Bhubaneswar
6699,Female,26-35,Premium,Yes,Kochi
6700,Female,36-45,Regular,Yes,Mumbai
6701,Male,36-45,Regular,No,Surat
6702,Male,36-45,Budget,Yes,Nagpur
6703,Male,46-60,Business,Yes,Chandigarh
6704,Female,26-35,Regular,No,Jaipur
6705,Female,26-35,Premium,No,Jaipur
6706,Female,26-35,Regular,Yes,Jaipur
6707,Male,36-45,Budget,Yes,Nagpur
6708,Female,46-60,Premium,Yes,Bhubaneswar
6709,Male,26-35,Budget,No,Kochi
6710,Male,46-60,Regular,Yes,Hyderabad
6711,Male,36-45,Regular,No,Lucknow
6712,Male,26-35,Regular,No,Hyderabad
6713,Female,26-35,Business,Yes,Kochi
6714,Female,26-35,Budget,Yes,Bhubaneswar
6715,Male,26-35,Budget,No,Ahmedabad
6716,Male,36-45,Regular,Yes,Chennai
6717,Female,18-25,Budget,No,Chennai
6718,Female,36-45,Business,No,Nagpur
6719,Male,26-35,Regular,Yes,Hyderabad
6720,Male,18-25,Premium,No,Nagpur
6721,Female,46-60,Budget,Yes,Indore
6722,Male,18-25,Budget,Yes,Nagpur
6723,Male,26-35,Premium,No,Kochi
6724,Male,26-35,Budget,Yes,Bhubaneswar
6725,Male,36-45,Business,No,Lucknow
6726,Female,46-60,Premium,No,Nagpur
6727,Female,36-45,Business,Yes,Pune
6728,Female,26-35,Regular,No,Mumbai
6729,Female,26-35,Regular,No,Surat
6730,Male,18-25,Budget,Yes,Bhubaneswar
6731,Male,60+,Business,Yes,Mumbai
6732,Female,26-35,Premium,No,Nagpur
6733,Male,26-35,Budget,No,Pune
6734,Female,36-45,Premium,No,Jaipur
6735,Female,46-60,Premium,Yes,Mumbai
6736,Male,26-35,Business,No,Kochi
6737,Male,36-45,Premium,No,Bengaluru
6738,Female,36-45,Regular,Yes,Nagpur
6739,Female,26-35,Regular,No,Jaipur
6740,Male,18-25,Premium,Yes,Kochi
6741,Female,36-45,Budget,Yes,Mumbai
6742,Female,46-60,Premium,No,Bengaluru
6743,Female,26-35,Regular,No,Pune
6744,Male,46-60,Budget,No,Chandigarh
6745,Female,46-60,Regular,Yes,Bhubaneswar
6746,Female,26-35,Regular,Yes,Pune
6747,Female,18-25,Budget,Yes,Lucknow
6748,Female,18-25,Regular,Yes,Pune
6749,Female,60+,Regular,No,Ahmedabad
6750,Male,26-35,Budget,No,Indore
6751,Female,26-35,Regular,Yes,Ahmedabad
6752,Male,26-35,Regular,No,Kochi
6753,Male,18-25,Budget,No,Indore
6754,Male,26-35,Regular,Yes,Nagpur
6755,Male,46-60,Regular,No,Indore
6756,Female,46-60,Regular,No,Chandigarh
6757,Female,36-45,Budget,No,Nagpur
6758,Female,36-45,Budget,No,Lucknow
6759,Male,26-35,Regular,No,Mumbai
6760,Male,26-35,Regular,Yes,Jaipur
6761,Female,46-60,Premium,Yes,Nagpur
6762,Male,18-25,Budget,Yes,Kochi
6763,Male,18-25,Budget,Yes,Mumbai
6764,Male,36-45,Budget,Yes,Ahmedabad
6765,Male,46-60,Premium,Yes,Lucknow
6766,Female,18-25,Regular,Yes,Pune
6767,Female,18-25,Budget,Yes,Bhubaneswar
6768,Female,26-35,Regular,No,Ahmedabad
6769,Male,36-45,Regular,No,Pune
6770,Female,46-60,Budget,Yes,Lucknow
6771,Male,26-35,Business,Yes,Surat
6772,Male,36-45,Budget,Yes,Delhi
6773,Male,36-45,Premium,No,Chennai
6774,Female,46-60,Budget,No,Pune
6775,Male,18-25,Budget,No,Mumbai
6776,Female,46-60,Premium,No,Hyderabad
6777,Female,60+,Regular,No,Chandigarh
6778,Male,36-45,Budget,Yes,Chandigarh
6779,Male,26-35,Regular,Yes,Mumbai
6780,Male,36-45,Regular,No,Bhubaneswar
6781,Female,26-35,Regular,Yes,Ahmedabad
6782,Female,60+,Budget,Yes,Lucknow
6783,Male,18-25,Regular,Yes,Pune
6784,Male,36-45,Regular,Yes,Chandigarh
6785,Male,26-35,Budget,No,Indore
6786,Male,36-45,Budget,No,Hyderabad
6787,Male,46-60,Regular,No,Bengaluru
6788,Female,46-60,Business,Yes,Jaipur
6789,Male,18-25,Regular,Yes,Indore
6790,Female,46-60,Regular,No,Ahmedabad
6791,Female,18-25,Regular,No,Bengaluru
6792,Male,26-35,Premium,Yes,Surat
6793,Male,26-35,Premium,No,Bengaluru
6794,Male,26-35,Budget,Yes,Nagpur
6795,Female,26-35,Regular,Yes,Chennai
6796,Female,46-60,Budget,No,Mumbai
6797,Male,60+,Regular,Yes,Jaipur
6798,Male,46-60,Business,No,Kochi
6799,Male,46-60,Budget,Yes,Chandigarh
6800,Female,36-45,Regular,No,Bengaluru
6801,Female,36-45,Budget,No,Chennai
6802,Female,46-60,Regular,No,Pune
6803,Female,26-35,Regular,Yes,Mumbai
6804,Male,36-45,Budget,No,Pune
6805,Female,36-45,Premium,No,Indore
6806,Male,36-45,Regular,Yes,Kochi
6807,Female,60+,Business,No,Chandigarh
6808,Male,46-60,Regular,Yes,Bhubaneswar
6809,Female,18-25,Premium,Yes,Indore
6810,Male,26-35,Budget,No,Ahmedabad
6811,Female,18-25,Regular,No,Kochi
6812,Male,46-60,Budget,No,Chandigarh
6813,Male,46-60,Budget,No,Kochi
6814,Female,26-35,Budget,No,Bengaluru
6815,Male,46-60,Regular,Yes,Jaipur
6816,Female,26-35,Regular,Yes,Hyderabad
6817,Male,26-35,Regular,Yes,Nagpur
6818,Female,26-35,Regular,No,Mumbai
6819,Male,36-45,Budget,No,Surat
6820,Female,46-60,Regular,Yes,Jaipur
6821,Female,36-45,Regular,Yes,Hyderabad
6822,Female,26-35,Regular,No,Delhi
6823,Female,36-45,Premium,No,Ahmedabad
6824,Female,26-35,Regular,Yes,Hyderabad
6825,Male,26-35,Regular,Yes,Lucknow
6826,Male,26-35,Budget,No,Mumbai
6827,Female,46-60,Regular,Yes,Nagpur
6828,Female,26-35,Budget,Yes,Nagpur
6829,Female,26-35,Budget,Yes,Chennai
6830,Male,18-25,Budget,No,Surat
6831,Male,26-35,Business,No,Mumbai
6832,Female,26-35,Regular,Yes,Lucknow
6833,Female,26-35,Regular,No,Bhubaneswar
6834,Male,36-45,Regular,No,Surat
6835,Female,46-60,Budget,Yes,Chennai
6836,Male,18-25,Regular,No,Ahmedabad
6837,Female,36-45,Regular,Yes,Delhi
6838,Male,18-25,Budget,No,Kochi
6839,Female,36-45,Regular,Yes,Nagpur
6840,Male,36-45,Regular,No,Surat
6841,Female,36-45,Budget,Yes,Chennai
6842,Male,36-45,Premium,Yes,Kochi
6843,Female,36-45,Budget,No,Bengaluru
6844,Female,46-60,Regular,Yes,Jaipur
6845,Female,46-60,Regular,No,Surat
6846,Female,18-25,Budget,Yes,Surat
6847,Female,36-45,Regular,No,Hyderabad
6848,Male,18-25,Regular,Yes,Lucknow
6849,Male,36-45,Regular,Yes,Mumbai
6850,Female,36-45,Regular,No,Indore
6851,Male,46-60,Regular,Yes,Bengaluru
6852,Male,36-45,Budget,No,Jaipur
6853,Male,18-25,Budget,No,Mumbai
6854,Female,46-60,Regular,Yes,Jaipur
6855,Male,60+,Premium,No,Ahmedabad
6856,Male,36-45,Premium,No,Bhubaneswar
6857,Female,26-35,Budget,No,Surat
6858,Male,26-35,Budget,Yes,Jaipur
6859,Female,26-35,Budget,Yes,Surat
6860,Male,26-35,Regular,No,Lucknow
6861,Female,26-35,Regular,No,Indore
6862,Female,26-35,Premium,Yes,Bhubaneswar
6863,Female,18-25,Regular,No,Surat
6864,Female,36-45,Budget,Yes,Kochi
6865,Female,36-45,Regular,Yes,Pune
6866,Female,18-25,Regular,Yes,Surat
6867,Male,36-45,Regular,No,Ahmedabad
6868,Male,46-60,Regular,No,Surat
6869,Male,46-60,Regular,No,Pune
6870,Female,26-35,Premium,Yes,Lucknow
6871,Female,18-25,Regular,No,Kochi
6872,Male,60+,Premium,No,Ahmedabad
6873,Male,46-60,Budget,No,Lucknow
6874,Male,18-25,Budget,Yes,Hyderabad
6875,Male,26-35,Budget,No,Jaipur
6876,Female,26-35,Budget,No,Chandigarh
6877,Male,26-35,Budget,Yes,Kochi
6878,Female,36-45,Business,Yes,Indore
6879,Female,36-45,Budget,Yes,Jaipur
6880,Male,26-35,Regular,No,Surat
6881,Male,46-60,Regular,No,Lucknow
6882,Male,26-35,Business,No,Chennai
6883,Female,46-60,Budget,No,Ahmedabad
6884,Female,36-45,Business,No,Kochi
6885,Female,36-45,Business,Yes,Jaipur
6886,Female,18-25,Business,No,Bengaluru
6887,Female,26-35,Regular,No,Chandigarh
6888,Male,26-35,Regular,No,Bhubaneswar
6889,Male,46-60,Regular,No,Mumbai
6890,Female,18-25,Budget,No,Bengaluru
6891,Male,18-25,Regular,Yes,Bhubaneswar
6892,Female,18-25,Regular,No,Bhubaneswar
6893,Male,46-60,Regular,Yes,Hyderabad
6894,Male,46-60,Budget,Yes,Pune
6895,Male,18-25,Budget,No,Indore
6896,Female,26-35,Budget,No,Bhubaneswar
6897,Male,26-35,Budget,No,Delhi
6898,Male,26-35,Budget,Yes,Hyderabad
6899,Female,26-35,Regular,No,Jaipur
6900,Female,36-45,Regular,No,Mumbai
6901,Female,18-25,Budget,No,Mumbai
6902,Female,26-35,Budget,No,Ahmedabad
6903,Male,36-45,Budget,Yes,Chandigarh
6904,Male,26-35,Premium,No,Lucknow
6905,Female,18-25,Budget,Yes,Indore
6906,Female,26-35,Premium,No,Indore
6907,Male,26-35,Regular,Yes,Nagpur
6908,Female,18-25,Budget,No,Hyderabad
6909,Male,26-35,Budget,Yes,Jaipur
6910,Female,26-35,Budget,Yes,Delhi
6911,Female,26-35,Regular,No,Delhi
6912,Male,26-35,Regular,Yes,Mumbai
6913,Male,26-35,Regular,No,Chandigarh
6914,Male,26-35,Budget,No,Mumbai
6915,Male,26-35,Premium,Yes,Hyderabad
6916,Female,36-45,Premium,Yes,Pune
6917,Female,18-25,Regular,No,Lucknow
6918,Male,36-45,Regular,Yes,Nagpur
6919,Male,26-35,Budget,Yes,Lucknow
6920,Male,18-25,Regular,Yes,Bhubaneswar
6921,Male,36-45,Premium,Yes,Ahmedabad
6922,Male,26-35,Budget,No,Jaipur
6923,Female,46-60,Regular,No,Chandigarh
6924,Male,26-35,Business,Yes,Bengaluru
6925,Female,60+,Regular,No,Chandigarh
6926,Male,46-60,Business,No,Surat
6927,Female,18-25,Budget,No,Ahmedabad
6928,Female,26-35,Premium,No,Hyderabad
6929,Male,46-60,Premium,Yes,Chennai
6930,Male,36-45,Business,No,Chandigarh
6931,Male,60+,Budget,Yes,Pune
6932,Female,26-35,Business,Yes,Chandigarh
6933,Male,36-45,Budget,Yes,Mumbai
6934,Female,26-35,Budget,No,Bhubaneswar
6935,Male,18-25,Budget,Yes,Bhubaneswar
6936,Male,26-35,Premium,No,Nagpur
6937,Male,26-35,Regular,Yes,Bhubaneswar
6938,Male,18-25,Business,Yes,Chandigarh
6939,Male,18-25,Premium,No,Indore
6940,Male,60+,Premium,No,Jaipur
6941,Female,60+,Regular,Yes,Bengaluru
6942,Male,60+,Budget,Yes,Surat
6943,Male,26-35,Budget,No,Bengaluru
6944,Male,26-35,Budget,Yes,Indore
6945,Female,46-60,Premium,No,Kochi
6946,Female,26-35,Business,No,Bhubaneswar
6947,Male,26-35,Business,No,Bhubaneswar
6948,Female,18-25,Regular,Yes,Ahmedabad
6949,Male,18-25,Regular,Yes,Kochi
6950,Male,26-35,Regular,No,Delhi
6951,Male,26-35,Regular,No,Ahmedabad
6952,Female,46-60,Budget,No,Bhubaneswar
6953,Female,36-45,Premium,No,Lucknow
6954,Male,26-35,Budget,No,Surat
6955,Female,26-35,Budget,No,Bengaluru
6956,Male,36-45,Regular,No,Chennai
6957,Male,18-25,Budget,No,Jaipur
6958,Female,46-60,Budget,Yes,Kochi
6959,Female,36-45,Regular,No,Lucknow
6960,Female,26-35,Budget,Yes,Jaipur
6961,Female,36-45,Regular,Yes,Delhi
6962,Female,26-35,Budget,No,Bhubaneswar
6963,Male,18-25,Budget,Yes,Bengaluru
6964,Male,26-35,Regular,No,Lucknow
6965,Female,18-25,Budget,No,Surat
6966,Male,26-35,Regular,No,Hyderabad
6967,Female,26-35,Regular,No,Bengaluru
6968,Female,26-35,Regular,No,Jaipur
6969,Male,36-45,Business,No,Chennai
6970,Male,26-35,Regular,Yes,Mumbai
6971,Male,26-35,Budget,No,Bengaluru
6972,Male,36-45,Regular,No,Hyderabad
6973,Male,18-25,Business,Yes,Nagpur
6974,Female,18-25,Premium,Yes,Indore
6975,Female,18-25,Premium,Yes,Kochi
6976,Male,26-35,Premium,No,Indore
6977,Female,46-60,Budget,Yes,Surat
6978,Female,26-35,Regular,Yes,Chennai
6979,Male,26-35,Regular,No,Surat
6980,Female,26-35,Business,Yes,Indore
6981,Female,60+,Regular,Yes,Mumbai
6982,Male,36-45,Regular,No,Pune
6983,Male,46-60,Premium,Yes,Mumbai
6984,Female,26-35,Budget,No,Chennai
6985,Male,26-35,Regular,Yes,Surat
6986,Female,60+,Budget,No,Kochi
6987,Male,18-25,Regular,No,Pune
6988,Male,46-60,Regular,Yes,Surat
6989,Female,46-60,Regular,No,Lucknow
6990,Male,26-35,Regular,No,Chandigarh
6991,Male,26-35,Regular,Yes,Lucknow
6992,Female,26-35,Budget,Yes,Mumbai
6993,Male,46-60,Business,Yes,Lucknow
6994,Male,26-35,Budget,No,Ahmedabad
6995,Male,18-25,Regular,Yes,Mumbai
6996,Female,46-60,Premium,No,Jaipur
6997,Male,36-45,Budget,No,Bengaluru
6998,Male,36-45,Budget,No,Ahmedabad
6999,Female,46-60,Regular,No,Pune
7000,Female,26-35,Regular,Yes,Hyderabad
7001,Female,26-35,Regular,Yes,Nagpur
7002,Male,26-35,Business,Yes,Ahmedabad
7003,Male,26-35,Premium,Yes,Indore
7004,Female,18-25,Budget,Yes,Chennai
7005,Male,46-60,Regular,Yes,Jaipur
7006,Male,26-35,Budget,Yes,Mumbai
7007,Male,18-25,Regular,No,Indore
7008,Female,18-25,Regular,No,Lucknow
7009,Female,36-45,Budget,Yes,Nagpur
7010,Female,18-25,Regular,No,Kochi
7011,Male,46-60,Regular,No,Surat
7012,Female,26-35,Regular,No,Ahmedabad
7013,Male,60+,Regular,No,Pune
7014,Female,18-25,Business,No,Jaipur
7015,Male,46-60,Regular,Yes,Indore
7016,Female,18-25,Premium,No,Kochi
7017,Female,26-35,Budget,No,Ahmedabad
7018,Male,26-35,Regular,Yes,Hyderabad
7019,Male,46-60,Budget,Yes,Bhubaneswar
7020,Female,26-35,Regular,No,Ahmedabad
7021,Male,60+,Premium,Yes,Jaipur
7022,Female,18-25,Regular,No,Nagpur
7023,Male,26-35,Budget,No,Ahmedabad
7024,Female,18-25,Premium,Yes,Bhubaneswar
7025,Female,26-35,Regular,Yes,Kochi
7026,Female,26-35,Regular,No,Lucknow
7027,Female,18-25,Business,Yes,Bengaluru
7028,Male,26-35,Budget,Yes,Kochi
7029,Female,60+,Regular,Yes,Hyderabad
7030,Female,18-25,Premium,Yes,Chennai
7031,Male,60+,Regular,No,Chennai
7032,Male,26-35,Regular,Yes,Delhi
7033,Female,18-25,Budget,No,Nagpur
7034,Male,26-35,Budget,No,Surat
7035,Male,18-25,Regular,No,Kochi
7036,Male,46-60,Budget,No,Bengaluru
7037,Female,60+,Regular,Yes,Kochi
7038,Male,26-35,Regular,Yes,Chennai
7039,Female,60+,Business,Yes,Chandigarh
7040,Male,46-60,Budget,Yes,Chennai
7041,Female,36-45,Regular,No,Lucknow
7042,Male,60+,Regular,No,Delhi
7043,Male,18-25,Budget,Yes,Lucknow
7044,Female,26-35,Regular,No,Hyderabad
7045,Male,26-35,Premium,Yes,Pune
7046,Female,36-45,Regular,No,Delhi
7047,Male,36-45,Budget,No,Jaipur
7048,Female,46-60,Budget,Yes,Pune
7049,Male,26-35,Budget,Yes,Chennai
7050,Female,36-45,Regular,No,Chandigarh
7051,Male,46-60,Business,No,Nagpur
7052,Female,36-45,Budget,Yes,Hyderabad
7053,Male,26-35,Regular,Yes,Pune
7054,Female,36-45,Business,No,Bhubaneswar
7055,Female,46-60,Budget,No,Pune
7056,Male,26-35,Regular,Yes,Chennai
7057,Female,26-35,Budget,No,Hyderabad
7058,Female,26-35,Regular,No,Delhi
7059,Female,36-45,Budget,No,Bengaluru
7060,Female,18-25,Budget,Yes,Ahmedabad
7061,Female,26-35,Premium,Yes,Kochi
7062,Female,46-60,Budget,No,Bhubaneswar
7063,Male,60+,Regular,No,Bhubaneswar
7064,Male,18-25,Budget,No,Delhi
7065,Female,18-25,Regular,No,Kochi
7066,Female,26-35,Regular,No,Surat
7067,Male,46-60,Premium,Yes,Bhubaneswar
7068,Male,18-25,Regular,Yes,Nagpur
7069,Male,26-35,Regular,Yes,Delhi
7070,Male,26-35,Business,No,Chandigarh
7071,Male,26-35,Budget,No,Hyderabad
7072,Male,26-35,Regular,No,Delhi
7073,Female,46-60,Budget,No,Kochi
7074,Male,46-60,Regular,No,Indore
7075,Female,26-35,Budget,No,Mumbai
7076,Male,46-60,Budget,No,Nagpur
7077,Female,46-60,Budget,Yes,Nagpur
7078,Male,36-45,Budget,No,Bhubaneswar
7079,Male,26-35,Regular,No,Kochi
7080,Female,36-45,Budget,No,Bengaluru
7081,Female,36-45,Regular,No,Surat
7082,Male,18-25,Budget,Yes,Surat
7083,Female,26-35,Budget,No,Hyderabad
7084,Male,36-45,Regular,No,Chandigarh
7085,Male,26-35,Regular,No,Ahmedabad
7086,Male,26-35,Business,No,Chennai
7087,Female,26-35,Regular,No,Nagpur
7088,Female,18-25,Regular,Yes,Mumbai
7089,Female,18-25,Regular,No,Kochi
7090,Male,18-25,Budget,Yes,Nagpur
7091,Female,26-35,Business,No,Bengaluru
7092,Male,36-45,Business,Yes,Mumbai
7093,Female,26-35,Regular,No,Indore
7094,Male,36-45,Regular,Yes,Pune
7095,Female,46-60,Regular,No,Surat
7096,Female,46-60,Regular,Yes,Delhi
7097,Female,36-45,Regular,No,Chandigarh
7098,Male,26-35,Regular,No,Nagpur
7099,Male,26-35,Regular,No,Ahmedabad
7100,Female,26-35,Regular,No,Nagpur
7101,Male,18-25,Budget,Yes,Bengaluru
7102,Female,18-25,Regular,Yes,Bengaluru
7103,Female,60+,Regular,No,Hyderabad
7104,Male,18-25,Business,No,Chandigarh
7105,Male,46-60,Business,No,Bhubaneswar
7106,Male,36-45,Budget,No,Delhi
7107,Female,46-60,Regular,No,Delhi
7108,Female,26-35,Budget,Yes,Delhi
7109,Female,18-25,Premium,No,Hyderabad
7110,Male,36-45,Premium,Yes,Nagpur
7111,Male,36-45,Regular,Yes,Delhi
7112,Female,60+,Premium,Yes,Mumbai
7113,Female,26-35,Regular,Yes,Surat
7114,Female,36-45,Business,Yes,Jaipur
7115,Male,18-25,Premium,No,Bengaluru
7116,Male,26-35,Budget,Yes,Surat
7117,Male,26-35,Regular,No,Hyderabad
7118,Female,36-45,Budget,No,Bhubaneswar
7119,Male,18-25,Regular,Yes,Bhubaneswar
7120,Male,26-35,Regular,Yes,Nagpur
7121,Male,26-35,Budget,No,Indore
7122,Female,36-45,Premium,No,Pune
7123,Female,18-25,Regular,Yes,Jaipur
7124,Female,18-25,Regular,No,Mumbai
7125,Female,26-35,Business,Yes,Mumbai
7126,Male,36-45,Budget,Yes,Delhi
7127,Female,18-25,Regular,No,Ahmedabad
7128,Female,26-35,Budget,No,Bhubaneswar
7129,Male,26-35,Regular,No,Nagpur
7130,Female,18-25,Premium,Yes,Lucknow
7131,Male,36-45,Regular,No,Ahmedabad
7132,Male,18-25,Regular,Yes,Bengaluru
7133,Female,36-45,Budget,Yes,Nagpur
7134,Female,26-35,Regular,No,Kochi
7135,Male,26-35,Regular,No,Jaipur
7136,Male,36-45,Regular,No,Bhubaneswar
7137,Female,36-45,Business,No,Kochi
7138,Male,36-45,Premium,Yes,Chennai
7139,Female,18-25,Budget,No,Mumbai
7140,Male,36-45,Budget,No,Chandigarh
7141,Female,18-25,Budget,No,Jaipur
7142,Female,46-60,Budget,No,Chandigarh
7143,Female,36-45,Budget,No,Pune
7144,Male,46-60,Budget,No,Indore
7145,Male,18-25,Budget,Yes,Bhubaneswar
7146,Female,36-45,Budget,Yes,Delhi
7147,Male,26-35,Budget,Yes,Indore
7148,Male,36-45,Regular,Yes,Pune
7149,Male,36-45,Regular,No,Ahmedabad
7150,Female,26-35,Budget,Yes,Delhi
7151,Male,26-35,Business,Yes,Jaipur
7152,Female,26-35,Premium,Yes,Chandigarh
7153,Male,46-60,Regular,No,Kochi
7154,Female,18-25,Budget,Yes,Pune
7155,Female,26-35,Budget,No,Pune
7156,Female,26-35,Budget,No,Hyderabad
7157,Male,26-35,Regular,No,Jaipur
7158,Female,26-35,Premium,Yes,Kochi
7159,Male,18-25,Budget,Yes,Jaipur
7160,Male,26-35,Regular,Yes,Kochi
7161,Male,46-60,Business,Yes,Jaipur
7162,Male,26-35,Business,Yes,Delhi
7163,Female,36-45,Business,Yes,Chennai
7164,Male,46-60,Premium,Yes,Jaipur
7165,Male,36-45,Business,Yes,Nagpur
7166,Female,26-35,Budget,Yes,Bengaluru
7167,Male,26-35,Premium,No,Chandigarh
7168,Female,36-45,Premium,Yes,Pune
7169,Female,26-35,Regular,No,Nagpur
7170,Male,36-45,Regular,No,Pune
7171,Male,36-45,Regular,No,Chandigarh
7172,Female,46-60,Premium,No,Chennai
7173,Male,18-25,Regular,No,Ahmedabad
7174,Male,36-45,Budget,No,Ahmedabad
7175,Female,18-25,Business,Yes,Chandigarh
7176,Female,26-35,Regular,Yes,Nagpur
7177,Female,18-25,Premium,Yes,Indore
7178,Female,26-35,Premium,Yes,Indore
7179,Female,18-25,Budget,Yes,Delhi
7180,Female,36-45,Budget,No,Nagpur
7181,Female,46-60,Budget,Yes,Ahmedabad
7182,Female,46-60,Regular,No,Bhubaneswar
7183,Female,36-45,Budget,Yes,Lucknow
7184,Female,36-45,Premium,No,Nagpur
7185,Female,46-60,Regular,No,Chandigarh
7186,Female,36-45,Business,No,Jaipur
7187,Male,26-35,Regular,No,Lucknow
7188,Male,26-35,Regular,No,Chennai
7189,Female,36-45,Regular,No,Bengaluru
7190,Male,60+,Business,Yes,Indore
7191,Male,26-35,Budget,No,Jaipur
7192,Male,26-35,Premium,Yes,Kochi
7193,Female,18-25,Budget,No,Indore
7194,Female,18-25,Budget,No,Mumbai
7195,Male,26-35,Regular,No,Jaipur
7196,Male,36-45,Regular,No,Bengaluru
7197,Female,26-35,Premium,No,Pune
7198,Male,18-25,Regular,No,Nagpur
7199,Female,36-45,Regular,No,Kochi
7200,Female,18-25,Budget,No,Chandigarh
7201,Male,36-45,Regular,No,Bhubaneswar
7202,Male,26-35,Premium,Yes,Hyderabad
7203,Female,36-45,Regular,No,Jaipur
7204,Female,26-35,Regular,No,Hyderabad
7205,Female,26-35,Regular,No,Bengaluru
7206,Female,36-45,Regular,Yes,Chennai
7207,Male,46-60,Regular,Yes,Nagpur
7208,Male,26-35,Business,No,Mumbai
7209,Female,36-45,Business,No,Delhi
7210,Male,36-45,Business,Yes,Surat
7211,Female,26-35,Regular,No,Pune
7212,Female,26-35,Budget,No,Mumbai
7213,Female,26-35,Premium,Yes,Jaipur
7214,Female,26-35,Budget,No,Indore
7215,Female,36-45,Regular,No,Surat
7216,Female,26-35,Business,Yes,Hyderabad
7217,Male,60+,Regular,No,Kochi
7218,Female,46-60,Premium,Yes,Indore
7219,Male,26-35,Regular,No,Bengaluru
7220,Female,26-35,Budget,Yes,Bengaluru
7221,Male,36-45,Budget,No,Pune
7222,Female,26-35,Budget,No,Delhi
7223,Female,18-25,Regular,No,Bhubaneswar
7224,Female,26-35,Budget,No,Mumbai
7225,Female,36-45,Regular,No,Ahmedabad
7226,Female,26-35,Regular,Yes,Indore
7227,Male,36-45,Budget,Yes,Kochi
7228,Female,46-60,Regular,Yes,Chandigarh
7229,Female,46-60,Regular,No,Lucknow
7230,Male,46-60,Regular,Yes,Surat
7231,Female,60+,Regular,No,Indore
7232,Female,26-35,Regular,Yes,Kochi
7233,Female,26-35,Budget,Yes,Indore
7234,Male,18-25,Budget,Yes,Jaipur
7235,Female,26-35,Regular,No,Hyderabad
7236,Male,46-60,Premium,No,Nagpur
7237,Female,26-35,Regular,No,Bhubaneswar
7238,Male,18-25,Premium,No,Indore
7239,Male,46-60,Premium,Yes,Bengaluru
7240,Female,36-45,Regular,Yes,Pune
7241,Female,26-35,Budget,Yes,Jaipur
7242,Male,26-35,Regular,Yes,Pune
7243,Female,18-25,Budget,Yes,Nagpur
7244,Male,46-60,Budget,Yes,Bengaluru
7245,Female,46-60,Regular,Yes,Bhubaneswar
7246,Female,26-35,Premium,Yes,Hyderabad
7247,Male,36-45,Premium,No,Nagpur
7248,Male,36-45,Budget,Yes,Bhubaneswar
7249,Female,36-45,Budget,No,Nagpur
7250,Male,46-60,Regular,No,Pune
7251,Female,26-35,Regular,Yes,Bhubaneswar
7252,Male,46-60,Business,No,Indore
7253,Female,36-45,Regular,Yes,Surat
7254,Female,60+,Regular,Yes,Jaipur
7255,Female,26-35,Premium,Yes,Bhubaneswar
7256,Male,36-45,Regular,Yes,Pune
7257,Male,36-45,Business,No,Bengaluru
7258,Male,36-45,Business,No,Delhi
7259,Male,26-35,Regular,Yes,Bengaluru
7260,Female,36-45,Budget,Yes,Ahmedabad
7261,Male,26-35,Regular,No,Kochi
7262,Female,18-25,Budget,No,Pune
7263,Female,36-45,Regular,No,Bhubaneswar
7264,Female,26-35,Regular,Yes,Lucknow
7265,Male,26-35,Premium,No,Pune
7266,Female,18-25,Regular,No,Kochi
7267,Female,18-25,Budget,No,Lucknow
7268,Female,18-25,Regular,No,Jaipur
7269,Female,26-35,Premium,Yes,Hyderabad
7270,Female,26-35,Premium,No,Mumbai
7271,Male,26-35,Regular,No,Hyderabad
7272,Male,18-25,Business,Yes,Lucknow
7273,Male,26-35,Regular,Yes,Kochi
7274,Female,36-45,Budget,No,Jaipur
7275,Female,26-35,Budget,No,Indore
7276,Male,60+,Regular,Yes,Delhi
7277,Male,26-35,Premium,No,Ahmedabad
7278,Female,36-45,Budget,Yes,Bengaluru
7279,Female,60+,Business,No,Delhi
7280,Male,36-45,Regular,Yes,Pune
7281,Male,26-35,Premium,Yes,Bhubaneswar
7282,Female,26-35,Premium,No,Kochi
7283,Female,18-25,Budget,No,Chandigarh
7284,Male,18-25,Regular,No,Pune
7285,Female,18-25,Business,No,Lucknow
7286,Female,46-60,Regular,Yes,Pune
7287,Male,26-35,Budget,No,Chandigarh
7288,Female,18-25,Budget,Yes,Mumbai
7289,Female,36-45,Regular,No,Jaipur
7290,Male,26-35,Regular,Yes,Mumbai
7291,Female,36-45,Premium,Yes,Chandigarh
7292,Male,36-45,Budget,No,Ahmedabad
7293,Male,18-25,Regular,Yes,Jaipur
7294,Male,46-60,Budget,No,Surat
7295,Female,18-25,Regular,Yes,Lucknow
7296,Male,46-60,Premium,No,Surat
7297,Male,26-35,Budget,No,Ahmedabad
7298,Male,46-60,Budget,No,Chandigarh
7299,Male,26-35,Premium,Yes,Hyderabad
7300,Female,26-35,Budget,Yes,Jaipur
7301,Male,26-35,Business,Yes,Lucknow
7302,Female,46-60,Budget,Yes,Hyderabad
7303,Female,26-35,Budget,Yes,Chandigarh
7304,Male,36-45,Regular,Yes,Hyderabad
7305,Male,26-35,Regular,No,Chennai
7306,Female,26-35,Business,No,Surat
7307,Male,36-45,Premium,Yes,Bengaluru
7308,Female,26-35,Budget,Yes,Ahmedabad
7309,Male,46-60,Premium,No,Jaipur
7310,Male,26-35,Business,No,Ahmedabad
7311,Female,26-35,Budget,No,Delhi
7312,Female,18-25,Regular,No,Mumbai
7313,Female,26-35,Budget,Yes,Ahmedabad
7314,Male,46-60,Regular,Yes,Bengaluru
7315,Female,36-45,Regular,Yes,Hyderabad
7316,Male,46-60,Regular,No,Jaipur
7317,Female,26-35,Regular,No,Nagpur
7318,Female,18-25,Budget,Yes,Pune
7319,Female,46-60,Budget,Yes,Nagpur
7320,Female,18-25,Business,Yes,Mumbai
7321,Female,26-35,Budget,No,Surat
7322,Female,26-35,Regular,Yes,Nagpur
7323,Female,60+,Regular,Yes,Mumbai
7324,Male,36-45,Regular,No,Chandigarh
7325,Female,26-35,Regular,No,Bhubaneswar
7326,Male,46-60,Regular,No,Chandigarh
7327,Male,26-35,Regular,No,Nagpur
7328,Male,36-45,Regular,Yes,Lucknow
7329,Male,36-45,Regular,Yes,Bhubaneswar
7330,Male,46-60,Budget,Yes,Nagpur
7331,Female,26-35,Regular,No,Chandigarh
7332,Female,18-25,Budget,Yes,Chandigarh
7333,Female,18-25,Regular,Yes,Bengaluru
7334,Male,36-45,Budget,Yes,Bengaluru
7335,Male,46-60,Premium,Yes,Bengaluru
7336,Female,26-35,Regular,No,Hyderabad
7337,Female,46-60,Budget,No,Surat
7338,Male,46-60,Business,Yes,Surat
7339,Male,26-35,Budget,Yes,Pune
7340,Male,36-45,Regular,No,Chennai
7341,Female,18-25,Budget,Yes,Jaipur
7342,Male,26-35,Budget,No,Chennai
7343,Male,26-35,Budget,No,Nagpur
7344,Female,18-25,Regular,Yes,Bengaluru
7345,Female,26-35,Business,Yes,Jaipur
7346,Male,36-45,Budget,No,Indore
7347,Female,36-45,Budget,Yes,Surat
7348,Male,60+,Premium,No,Jaipur
7349,Male,26-35,Budget,No,Chennai
7350,Male,60+,Budget,No,Jaipur
7351,Female,26-35,Regular,No,Surat
7352,Male,46-60,Premium,No,Kochi
7353,Female,36-45,Budget,No,Pune
7354,Male,26-35,Premium,Yes,Hyderabad
7355,Male,26-35,Regular,No,Nagpur
7356,Male,46-60,Budget,Yes,Indore
7357,Male,18-25,Regular,Yes,Lucknow
7358,Male,26-35,Premium,No,Pune
7359,Male,18-25,Regular,Yes,Mumbai
7360,Male,46-60,Budget,Yes,Ahmedabad
7361,Female,60+,Regular,No,Hyderabad
7362,Male,36-45,Budget,Yes,Mumbai
7363,Male,26-35,Business,Yes,Lucknow
7364,Male,18-25,Premium,No,Mumbai
7365,Female,46-60,Premium,Yes,Ahmedabad
7366,Female,26-35,Regular,Yes,Hyderabad
7367,Male,46-60,Regular,No,Bengaluru
7368,Male,18-25,Premium,No,Chennai
7369,Male,46-60,Business,Yes,Nagpur
7370,Male,26-35,Regular,No,Nagpur
7371,Female,18-25,Budget,Yes,Ahmedabad
7372,Female,46-60,Premium,No,Pune
7373,Male,18-25,Regular,No,Delhi
7374,Female,26-35,Regular,Yes,Indore
7375,Male,26-35,Business,Yes,Ahmedabad
7376,Male,18-25,Premium,No,Mumbai
7377,Male,18-25,Regular,Yes,Delhi
7378,Female,36-45,Business,Yes,Chandigarh
7379,Male,18-25,Budget,No,Indore
7380,Female,18-25,Budget,No,Delhi
7381,Male,60+,Budget,Yes,Bhubaneswar
7382,Female,46-60,Budget,Yes,Nagpur
7383,Male,18-25,Regular,No,Jaipur
7384,Female,46-60,Regular,No,Bengaluru
7385,Male,18-25,Regular,No,Bengaluru
7386,Female,26-35,Regular,Yes,Jaipur
7387,Male,36-45,Budget,No,Mumbai
7388,Female,26-35,Premium,No,Surat
7389,Female,26-35,Budget,No,Chandigarh
7390,Female,46-60,Regular,Yes,Chennai
7391,Female,36-45,Premium,Yes,Surat
7392,Male,26-35,Regular,No,Hyderabad
7393,Female,36-45,Regular,No,Pune
7394,Male,26-35,Premium,Yes,Chennai
7395,Female,36-45,Budget,No,Pune
7396,Male,18-25,Regular,Yes,Delhi
7397,Male,46-60,Budget,No,Bhubaneswar
7398,Male,26-35,Regular,No,Bhubaneswar
7399,Female,36-45,Budget,No,Hyderabad
7400,Male,18-25,Regular,Yes,Indore
7401,Male,60+,Budget,No,Ahmedabad
7402,Female,18-25,Budget,Yes,Nagpur
7403,Male,18-25,Premium,Yes,Bengaluru
7404,Female,26-35,Regular,Yes,Ahmedabad
7405,Male,26-35,Budget,Yes,Nagpur
7406,Male,18-25,Regular,Yes,Nagpur
7407,Female,26-35,Budget,Yes,Jaipur
7408,Male,36-45,Regular,Yes,Nagpur
7409,Male,36-45,Regular,Yes,Chandigarh
7410,Female,26-35,Budget,No,Kochi
7411,Female,18-25,Premium,Yes,Jaipur
7412,Female,18-25,Business,Yes,Ahmedabad
7413,Female,18-25,Regular,Yes,Bhubaneswar
7414,Male,46-60,Business,Yes,Chandigarh
7415,Male,18-25,Premium,Yes,Lucknow
7416,Male,26-35,Budget,Yes,Ahmedabad
7417,Female,26-35,Business,Yes,Bengaluru
7418,Male,26-35,Budget,Yes,Chennai
7419,Male,36-45,Regular,Yes,Mumbai
7420,Female,36-45,Regular,No,Surat
7421,Male,26-35,Premium,Yes,Chandigarh
7422,Male,26-35,Business,No,Jaipur
7423,Female,60+,Regular,Yes,Kochi
7424,Male,26-35,Premium,Yes,Pune
7425,Female,60+,Budget,Yes,Kochi
7426,Male,18-25,Budget,Yes,Nagpur
7427,Female,46-60,Business,Yes,Chandigarh
7428,Male,36-45,Regular,Yes,Nagpur
7429,Female,36-45,Regular,Yes,Ahmedabad
7430,Male,18-25,Regular,No,Lucknow
7431,Male,46-60,Premium,No,Delhi
7432,Male,26-35,Premium,Yes,Ahmedabad
7433,Male,36-45,Regular,Yes,Hyderabad
7434,Male,36-45,Budget,Yes,Jaipur
7435,Female,18-25,Regular,No,Lucknow
7436,Female,26-35,Business,No,Hyderabad
7437,Male,36-45,Regular,Yes,Surat
7438,Female,26-35,Premium,No,Chandigarh
7439,Female,36-45,Premium,No,Bengaluru
7440,Female,46-60,Premium,Yes,Bengaluru
7441,Female,60+,Budget,No,Hyderabad
7442,Male,26-35,Business,Yes,Kochi
7443,Female,46-60,Budget,Yes,Jaipur
7444,Male,18-25,Budget,No,Bengaluru
7445,Female,18-25,Budget,Yes,Surat
7446,Female,26-35,Premium,Yes,Mumbai
7447,Female,18-25,Regular,No,Hyderabad
7448,Female,46-60,Budget,Yes,Kochi
7449,Female,26-35,Regular,Yes,Ahmedabad
7450,Male,18-25,Budget,No,Chennai
7451,Female,18-25,Premium,Yes,Ahmedabad
7452,Female,18-25,Premium,No,Delhi
7453,Male,46-60,Premium,No,Kochi
7454,Male,36-45,Regular,No,Chandigarh
7455,Male,36-45,Regular,No,Bhubaneswar
7456,Female,26-35,Regular,No,Lucknow
7457,Male,60+,Budget,No,Ahmedabad
7458,Female,36-45,Budget,No,Chennai
7459,Male,26-35,Budget,No,Jaipur
7460,Female,26-35,Regular,No,Hyderabad
7461,Female,26-35,Regular,Yes,Bhubaneswar
7462,Male,18-25,Budget,No,Pune
7463,Female,18-25,Premium,No,Bhubaneswar
7464,Male,18-25,Premium,Yes,Delhi
7465,Female,36-45,Budget,Yes,Kochi
7466,Female,18-25,Regular,No,Kochi
7467,Female,18-25,Budget,No,Delhi
7468,Male,26-35,Regular,No,Pune
7469,Male,26-35,Regular,Yes,Jaipur
7470,Male,26-35,Regular,No,Hyderabad
7471,Female,46-60,Business,Yes,Ahmedabad
7472,Female,18-25,Premium,No,Delhi
7473,Male,26-35,Regular,No,Jaipur
7474,Male,26-35,Business,No,Lucknow
7475,Male,60+,Budget,No,Bhubaneswar
7476,Female,36-45,Budget,No,Surat
7477,Male,26-35,Regular,No,Nagpur
7478,Female,18-25,Budget,Yes,Mumbai
7479,Male,26-35,Premium,No,Delhi
7480,Male,26-35,Business,No,Pune
7481,Female,18-25,Regular,Yes,Kochi
7482,Female,18-25,Premium,No,Chennai
7483,Female,46-60,Budget,No,Hyderabad
7484,Female,36-45,Business,Yes,Bengaluru
7485,Female,36-45,Regular,Yes,Delhi
7486,Female,18-25,Regular,Yes,Nagpur
7487,Male,60+,Regular,Yes,Kochi
7488,Female,26-35,Budget,No,Chandigarh
7489,Male,46-60,Business,No,Surat
7490,Female,26-35,Regular,No,Indore
7491,Female,26-35,Business,No,Bhubaneswar
7492,Female,26-35,Budget,Yes,Bhubaneswar
7493,Female,60+,Regular,No,Hyderabad
7494,Male,18-25,Business,Yes,Bhubaneswar
7495,Male,26-35,Budget,No,Pune
7496,Female,18-25,Budget,Yes,Hyderabad
7497,Female,26-35,Regular,Yes,Bhubaneswar
7498,Female,36-45,Budget,No,Indore
7499,Male,18-25,Budget,Yes,Nagpur
7500,Female,46-60,Budget,Yes,Surat
7501,Female,18-25,Premium,No,Lucknow
7502,Female,26-35,Premium,No,Bhubaneswar
7503,Male,60+,Premium,Yes,Surat
7504,Male,26-35,Regular,Yes,Pune
7505,Male,26-35,Budget,No,Bengaluru
7506,Male,26-35,Regular,Yes,Kochi
7507,Female,18-25,Business,No,Indore
7508,Female,46-60,Regular,Yes,Mumbai
7509,Male,26-35,Budget,No,Chennai
7510,Female,46-60,Regular,Yes,Hyderabad
7511,Male,46-60,Budget,Yes,Bhubaneswar
7512,Female,26-35,Budget,Yes,Jaipur
7513,Male,26-35,Premium,Yes,Chennai
7514,Female,46-60,Premium,Yes,Jaipur
7515,Male,46-60,Regular,No,Nagpur
7516,Male,46-60,Budget,No,Nagpur
7517,Male,26-35,Regular,No,Delhi
7518,Female,26-35,Budget,No,Pune
7519,Female,26-35,Business,No,Indore
7520,Female,26-35,Regular,No,Kochi
7521,Male,26-35,Budget,No,Chennai
7522,Female,26-35,Regular,Yes,Delhi
7523,Female,26-35,Regular,No,Nagpur
7524,Male,36-45,Budget,Yes,Nagpur
7525,Female,26-35,Budget,Yes,Kochi
7526,Male,36-45,Budget,Yes,Hyderabad
7527,Male,26-35,Budget,No,Surat
7528,Male,26-35,Budget,No,Indore
7529,Male,46-60,Regular,Yes,Chandigarh
7530,Male,26-35,Budget,Yes,Indore
7531,Female,18-25,Regular,Yes,Nagpur
7532,Female,60+,Regular,No,Mumbai
7533,Female,46-60,Budget,Yes,Chennai
7534,Female,18-25,Budget,No,Hyderabad
7535,Male,26-35,Business,No,Ahmedabad
7536,Female,36-45,Budget,No,Nagpur
7537,Male,46-60,Budget,No,Mumbai
7538,Female,26-35,Regular,No,Kochi
7539,Male,26-35,Business,Yes,Chandigarh
7540,Male,36-45,Budget,No,Kochi
7541,Female,26-35,Premium,No,Bhubaneswar
7542,Female,26-35,Business,No,Bhubaneswar
7543,Male,46-60,Business,Yes,Pune
7544,Male,60+,Budget,No,Jaipur
7545,Female,46-60,Budget,No,Chennai
7546,Female,26-35,Business,No,Nagpur
7547,Male,18-25,Business,Yes,Bhubaneswar
7548,Female,36-45,Regular,No,Kochi
7549,Male,18-25,Regular,Yes,Indore
7550,Female,46-60,Budget,No,Nagpur
7551,Female,36-45,Regular,No,Pune
7552,Female,60+,Regular,No,Delhi
7553,Male,18-25,Budget,Yes,Pune
7554,Female,26-35,Budget,Yes,Nagpur
7555,Male,26-35,Budget,No,Pune
7556,Female,26-35,Premium,Yes,Lucknow
7557,Male,46-60,Business,No,Chennai
7558,Female,18-25,Regular,Yes,Ahmedabad
7559,Female,36-45,Regular,No,Hyderabad
7560,Male,46-60,Business,Yes,Mumbai
7561,Female,18-25,Regular,No,Ahmedabad
7562,Male,26-35,Budget,No,Chandigarh
7563,Male,46-60,Budget,Yes,Mumbai
7564,Female,26-35,Budget,Yes,Chennai
7565,Female,46-60,Regular,No,Bhubaneswar
7566,Male,36-45,Premium,No,Surat
7567,Male,18-25,Budget,No,Nagpur
7568,Female,26-35,Regular,Yes,Jaipur
7569,Female,26-35,Budget,No,Ahmedabad
7570,Male,26-35,Regular,Yes,Indore
7571,Male,18-25,Budget,No,Chennai
7572,Male,46-60,Premium,No,Nagpur
7573,Female,36-45,Budget,No,Chandigarh
7574,Male,46-60,Regular,No,Nagpur
7575,Male,36-45,Regular,Yes,Jaipur
7576,Female,18-25,Business,Yes,Chennai
7577,Female,46-60,Regular,Yes,Delhi
7578,Male,46-60,Regular,No,Surat
7579,Female,36-45,Regular,No,Bhubaneswar
7580,Male,36-45,Premium,No,Surat
7581,Female,26-35,Premium,No,Jaipur
7582,Male,26-35,Premium,No,Chennai
7583,Male,26-35,Budget,Yes,Delhi
7584,Male,26-35,Budget,No,Indore
7585,Female,26-35,Regular,Yes,Surat
7586,Female,36-45,Regular,No,Jaipur
7587,Male,46-60,Regular,No,Kochi
7588,Female,36-45,Regular,Yes,Bengaluru
7589,Female,46-60,Regular,Yes,Chandigarh
7590,Female,26-35,Premium,No,Jaipur
7591,Male,36-45,Regular,No,Surat
7592,Male,46-60,Regular,No,Surat
7593,Female,26-35,Regular,No,Kochi
7594,Female,26-35,Budget,Yes,Chandigarh
7595,Female,18-25,Business,No,Jaipur
7596,Male,18-25,Regular,No,Bhubaneswar
7597,Male,26-35,Business,No,Pune
7598,Female,26-35,Budget,Yes,Chennai
7599,Male,26-35,Budget,Yes,Pune
7600,Female,26-35,Budget,No,Nagpur
7601,Female,26-35,Budget,No,Kochi
7602,Male,26-35,Business,No,Surat
7603,Male,36-45,Regular,No,Pune
7604,Female,60+,Budget,No,Pune
7605,Female,46-60,Budget,Yes,Bhubaneswar
7606,Male,26-35,Budget,No,Jaipur
7607,Female,18-25,Budget,No,Indore
7608,Male,36-45,Regular,No,Kochi
7609,Male,26-35,Business,No,Chandigarh
7610,Male,46-60,Regular,No,Nagpur
7611,Female,26-35,Premium,Yes,Bengaluru
7612,Female,18-25,Regular,No,Bengaluru
7613,Female,46-60,Budget,No,Pune
7614,Female,36-45,Regular,No,Ahmedabad
7615,Female,60+,Budget,No,Chennai
7616,Female,18-25,Business,No,Indore
7617,Female,46-60,Regular,Yes,Chandigarh
7618,Male,26-35,Regular,Yes,Pune
7619,Male,26-35,Budget,No,Mumbai
7620,Male,18-25,Budget,Yes,Lucknow
7621,Female,46-60,Budget,No,Mumbai
7622,Female,26-35,Budget,Yes,Indore
7623,Male,36-45,Premium,Yes,Bengaluru
7624,Male,18-25,Regular,Yes,Chennai
7625,Male,18-25,Regular,No,Ahmedabad
7626,Female,46-60,Budget,No,Kochi
7627,Male,36-45,Budget,No,Delhi
7628,Female,36-45,Business,Yes,Indore
7629,Male,46-60,Business,No,Mumbai
7630,Male,60+,Budget,No,Surat
7631,Female,36-45,Business,No,Indore
7632,Female,46-60,Budget,No,Chennai
7633,Female,46-60,Regular,No,Lucknow
7634,Male,26-35,Regular,No,Chandigarh
7635,Female,26-35,Regular,No,Chennai
7636,Male,36-45,Regular,No,Chandigarh
7637,Female,26-35,Premium,No,Delhi
7638,Female,36-45,Regular,Yes,Bengaluru
7639,Male,46-60,Budget,Yes,Surat
7640,Female,36-45,Regular,Yes,Pune
7641,Female,36-45,Budget,No,Bengaluru
7642,Male,26-35,Regular,No,Kochi
7643,Female,36-45,Regular,No,Lucknow
7644,Female,46-60,Regular,No,Hyderabad
7645,Female,26-35,Premium,No,Mumbai
7646,Female,46-60,Regular,Yes,Lucknow
7647,Female,36-45,Budget,Yes,Mumbai
7648,Female,26-35,Premium,No,Surat
7649,Female,26-35,Regular,Yes,Surat
7650,Male,26-35,Regular,Yes,Mumbai
7651,Female,46-60,Budget,No,Chennai
7652,Female,26-35,Budget,No,Indore
7653,Male,26-35,Budget,Yes,Kochi
7654,Female,26-35,Regular,Yes,Jaipur
7655,Male,26-35,Budget,Yes,Pune
7656,Male,36-45,Budget,Yes,Nagpur
7657,Male,60+,Budget,Yes,Lucknow
7658,Male,36-45,Premium,No,Mumbai
7659,Female,26-35,Budget,No,Kochi
7660,Female,26-35,Budget,No,Hyderabad
7661,Male,18-25,Premium,No,Delhi
7662,Female,26-35,Regular,No,Mumbai
7663,Male,18-25,Budget,No,Hyderabad
7664,Female,36-45,Premium,Yes,Nagpur
7665,Male,46-60,Budget,No,Ahmedabad
7666,Female,18-25,Business,No,Bengaluru
7667,Female,26-35,Regular,Yes,Delhi
7668,Female,18-25,Regular,Yes,Surat
7669,Female,26-35,Regular,No,Nagpur
7670,Female,18-25,Regular,No,Lucknow
7671,Male,60+,Regular,No,Surat
7672,Male,46-60,Budget,No,Pune
7673,Female,18-25,Budget,No,Kochi
7674,Male,46-60,Regular,No,Bengaluru
7675,Female,60+,Premium,No,Kochi
7676,Female,26-35,Regular,Yes,Indore
7677,Male,26-35,Premium,Yes,Lucknow
7678,Male,26-35,Budget,Yes,Pune
7679,Female,36-45,Budget,Yes,Surat
7680,Female,26-35,Regular,No,Kochi
7681,Male,26-35,Premium,No,Chennai
7682,Male,26-35,Budget,Yes,Jaipur
7683,Male,36-45,Business,Yes,Pune
7684,Female,18-25,Premium,Yes,Chandigarh
7685,Female,46-60,Regular,No,Bengaluru
7686,Female,18-25,Premium,Yes,Pune
7687,Male,36-45,Business,Yes,Chennai
7688,Female,26-35,Budget,Yes,Nagpur
7689,Female,46-60,Budget,No,Chandigarh
7690,Female,36-45,Budget,Yes,Mumbai
7691,Male,26-35,Regular,No,Chandigarh
7692,Female,18-25,Premium,No,Chennai
7693,Male,26-35,Budget,Yes,Bengaluru
7694,Female,36-45,Business,Yes,Surat
7695,Female,26-35,Regular,Yes,Mumbai
7696,Female,18-25,Budget,Yes,Nagpur
7697,Female,26-35,Budget,No,Nagpur
7698,Female,18-25,Budget,Yes,Kochi
7699,Male,46-60,Premium,Yes,Jaipur
7700,Female,26-35,Budget,No,Ahmedabad
7701,Male,18-25,Regular,No,Mumbai
7702,Male,26-35,Business,No,Jaipur
7703,Female,46-60,Regular,Yes,Pune
7704,Female,18-25,Premium,Yes,Jaipur
7705,Male,36-45,Regular,Yes,Mumbai
7706,Female,26-35,Budget,No,Hyderabad
7707,Female,18-25,Regular,Yes,Chandigarh
7708,Male,18-25,Regular,No,Bengaluru
7709,Male,46-60,Regular,No,Surat
7710,Male,26-35,Regular,Yes,Chandigarh
7711,Female,36-45,Premium,No,Indore
7712,Male,18-25,Regular,No,Bhubaneswar
7713,Female,46-60,Premium,Yes,Chandigarh
7714,Male,46-60,Regular,Yes,Delhi
7715,Male,46-60,Budget,Yes,Lucknow
7716,Male,36-45,Regular,No,Surat
7717,Male,46-60,Regular,No,Ahmedabad
7718,Male,26-35,Budget,Yes,Nagpur
7719,Male,26-35,Regular,Yes,Ahmedabad
7720,Female,26-35,Budget,No,Ahmedabad
7721,Female,46-60,Business,No,Ahmedabad
7722,Female,26-35,Budget,Yes,Delhi
7723,Male,18-25,Business,No,Hyderabad
7724,Male,26-35,Budget,Yes,Surat
7725,Female,46-60,Budget,Yes,Chennai
7726,Female,46-60,Business,No,Surat
7727,Female,46-60,Premium,No,Surat
7728,Male,26-35,Budget,Yes,Bhubaneswar
7729,Male,46-60,Regular,No,Pune
7730,Male,36-45,Premium,No,Bhubaneswar
7731,Female,46-60,Regular,Yes,Chennai
7732,Female,46-60,Regular,No,Kochi
7733,Male,26-35,Budget,No,Ahmedabad
7734,Female,46-60,Premium,Yes,Indore
7735,Male,18-25,Regular,No,Delhi
7736,Male,18-25,Budget,No,Jaipur
7737,Male,18-25,Regular,Yes,Jaipur
7738,Male,46-60,Budget,No,Bhubaneswar
7739,Female,46-60,Premium,No,Mumbai
7740,Male,26-35,Budget,Yes,Pune
7741,Male,26-35,Regular,Yes,Bengaluru
7742,Male,26-35,Budget,Yes,Lucknow
7743,Male,60+,Budget,Yes,Hyderabad
7744,Male,18-25,Budget,No,Pune
7745,Male,46-60,Budget,No,Pune
7746,Female,18-25,Regular,No,Lucknow
7747,Male,46-60,Budget,No,Pune
7748,Female,36-45,Budget,No,Chandigarh
7749,Male,26-35,Budget,Yes,Surat
7750,Female,18-25,Business,No,Chandigarh
7751,Male,26-35,Regular,No,Ahmedabad
7752,Male,46-60,Budget,Yes,Bhubaneswar
7753,Female,26-35,Regular,No,Ahmedabad
7754,Male,36-45,Regular,No,Lucknow
7755,Male,36-45,Regular,Yes,Bengaluru
7756,Male,26-35,Business,Yes,Ahmedabad
7757,Male,26-35,Regular,Yes,Delhi
7758,Male,18-25,Regular,Yes,Hyderabad
7759,Male,46-60,Regular,No,Pune
7760,Female,26-35,Regular,No,Ahmedabad
7761,Male,36-45,Budget,No,Ahmedabad
7762,Female,26-35,Regular,Yes,Nagpur
7763,Male,36-45,Regular,Yes,Ahmedabad
7764,Female,26-35,Budget,Yes,Indore
7765,Male,26-35,Premium,No,Hyderabad
7766,Female,46-60,Regular,No,Indore
7767,Male,18-25,Business,No,Hyderabad
7768,Male,46-60,Budget,No,Chennai
7769,Male,18-25,Regular,No,Kochi
7770,Female,18-25,Regular,No,Indore
7771,Male,26-35,Regular,Yes,Kochi
7772,Female,46-60,Premium,Yes,Delhi
7773,Female,36-45,Regular,No,Ahmedabad
7774,Female,26-35,Budget,Yes,Ahmedabad
7775,Male,26-35,Regular,No,Lucknow
7776,Female,18-25,Regular,No,Delhi
7777,Male,26-35,Premium,No,Delhi
7778,Male,18-25,Premium,No,Nagpur
7779,Female,26-35,Business,No,Bhubaneswar
7780,Male,26-35,Regular,No,Delhi
7781,Female,46-60,Regular,Yes,Nagpur
7782,Male,26-35,Regular,No,Ahmedabad
7783,Female,18-25,Budget,Yes,Chandigarh
7784,Male,46-60,Premium,No,Ahmedabad
7785,Male,26-35,Regular,Yes,Bengaluru
7786,Male,26-35,Regular,Yes,Lucknow
7787,Male,18-25,Budget,Yes,Bhubaneswar
7788,Female,60+,Budget,No,Chennai
7789,Male,26-35,Budget,Yes,Jaipur
7790,Female,46-60,Regular,Yes,Chennai
7791,Female,36-45,Budget,No,Chennai
7792,Female,46-60,Business,No,Delhi
7793,Female,26-35,Budget,Yes,Lucknow
7794,Male,26-35,Regular,No,Nagpur
7795,Male,26-35,Budget,Yes,Bengaluru
7796,Male,26-35,Regular,Yes,Ahmedabad
7797,Female,26-35,Regular,No,Chandigarh
7798,Male,46-60,Regular,No,Delhi
7799,Female,36-45,Regular,Yes,Hyderabad
7800,Female,36-45,Budget,Yes,Surat
7801,Female,60+,Regular,No,Surat
7802,Female,26-35,Budget,No,Mumbai
7803,Female,26-35,Budget,No,Chandigarh
7804,Male,46-60,Budget,Yes,Mumbai
7805,Female,26-35,Budget,No,Chandigarh
7806,Male,18-25,Budget,No,Indore
7807,Female,26-35,Regular,No,Mumbai
7808,Female,26-35,Budget,No,Bhubaneswar
7809,Male,46-60,Budget,Yes,Bengaluru
7810,Female,26-35,Regular,No,Jaipur
7811,Female,26-35,Premium,Yes,Delhi
7812,Female,26-35,Budget,No,Ahmedabad
7813,Male,26-35,Premium,Yes,Pune
7814,Female,26-35,Regular,Yes,Pune
7815,Male,36-45,Regular,No,Bhubaneswar
7816,Female,26-35,Business,Yes,Delhi
7817,Male,26-35,Budget,No,Chennai
7818,Male,26-35,Budget,Yes,Bhubaneswar
7819,Male,60+,Business,No,Nagpur
7820,Female,18-25,Budget,Yes,Indore
7821,Female,18-25,Regular,Yes,Pune
7822,Male,26-35,Premium,No,Ahmedabad
7823,Male,36-45,Regular,Yes,Ahmedabad
7824,Male,36-45,Budget,No,Chennai
7825,Male,26-35,Premium,Yes,Surat
7826,Male,18-25,Regular,No,Chandigarh
7827,Female,46-60,Budget,Yes,Mumbai
7828,Female,18-25,Premium,No,Chandigarh
7829,Male,18-25,Premium,No,Indore
7830,Female,26-35,Budget,Yes,Indore
7831,Male,18-25,Business,Yes,Chennai
7832,Female,18-25,Regular,Yes,Nagpur
7833,Male,46-60,Premium,No,Kochi
7834,Male,26-35,Business,Yes,Delhi
7835,Female,36-45,Regular,No,Chandigarh
7836,Male,18-25,Budget,No,Surat
7837,Female,36-45,Business,Yes,Ahmedabad
7838,Female,36-45,Budget,Yes,Mumbai
7839,Male,26-35,Premium,No,Mumbai
7840,Female,18-25,Budget,No,Nagpur
7841,Female,60+,Regular,Yes,Delhi
7842,Female,36-45,Premium,Yes,Nagpur
7843,Female,18-25,Budget,No,Ahmedabad
7844,Female,36-45,Business,Yes,Pune
7845,Male,18-25,Budget,No,Chennai
7846,Male,36-45,Regular,No,Pune
7847,Female,26-35,Business,No,Nagpur
7848,Female,36-45,Regular,No,Indore
7849,Male,36-45,Budget,Yes,Kochi
7850,Male,36-45,Budget,No,Nagpur
7851,Female,36-45,Premium,Yes,Delhi
7852,Male,36-45,Business,Yes,Delhi
7853,Female,26-35,Regular,Yes,Jaipur
7854,Female,26-35,Regular,Yes,Bhubaneswar
7855,Female,36-45,Regular,No,Jaipur
7856,Female,60+,Budget,No,Kochi
7857,Female,36-45,Regular,No,Nagpur
7858,Female,18-25,Regular,Yes,Bhubaneswar
7859,Male,36-45,Premium,No,Surat
7860,Female,26-35,Budget,No,Chennai
7861,Male,18-25,Premium,No,Nagpur
7862,Male,36-45,Regular,Yes,Indore
7863,Female,36-45,Regular,Yes,Bengaluru
7864,Female,26-35,Budget,No,Bengaluru
7865,Male,60+,Business,No,Pune
7866,Male,18-25,Premium,Yes,Surat
7867,Male,26-35,Regular,No,Chandigarh
7868,Male,26-35,Premium,No,Surat
7869,Male,36-45,Premium,Yes,Pune
7870,Female,26-35,Budget,Yes,Bhubaneswar
7871,Male,26-35,Premium,No,Kochi
7872,Male,36-45,Budget,No,Chandigarh
7873,Female,26-35,Regular,Yes,Indore
7874,Female,36-45,Regular,Yes,Bhubaneswar
7875,Male,18-25,Regular,No,Kochi
7876,Male,18-25,Budget,Yes,Bengaluru
7877,Male,26-35,Regular,Yes,Chennai
7878,Male,36-45,Premium,No,Chennai
7879,Male,26-35,Business,Yes,Chandigarh
7880,Male,36-45,Regular,No,Delhi
7881,Male,26-35,Budget,No,Nagpur
7882,Male,18-25,Business,No,Bengaluru
7883,Female,36-45,Regular,Yes,Pune
7884,Female,26-35,Budget,No,Delhi
7885,Female,36-45,Regular,No,Bhubaneswar
7886,Male,36-45,Regular,No,Lucknow
7887,Female,46-60,Budget,No,Chandigarh
7888,Female,26-35,Regular,No,Hyderabad
7889,Male,60+,Budget,No,Chennai
7890,Male,26-35,Regular,No,Nagpur
7891,Male,18-25,Premium,No,Ahmedabad
7892,Female,18-25,Business,Yes,Bhubaneswar
7893,Female,60+,Budget,No,Nagpur
7894,Male,60+,Regular,No,Pune
7895,Male,18-25,Business,Yes,Mumbai
7896,Female,26-35,Budget,Yes,Chandigarh
7897,Female,36-45,Premium,No,Ahmedabad
7898,Male,18-25,Regular,Yes,Surat
7899,Male,18-25,Budget,Yes,Bhubaneswar
7900,Female,46-60,Regular,No,Lucknow
7901,Female,18-25,Regular,No,Surat
7902,Female,26-35,Regular,No,Delhi
7903,Female,18-25,Regular,No,Nagpur
7904,Male,46-60,Regular,Yes,Indore
7905,Male,18-25,Premium,No,Surat
7906,Male,36-45,Regular,No,Lucknow
7907,Female,46-60,Business,Yes,Nagpur
7908,Female,26-35,Regular,No,Bengaluru
7909,Male,36-45,Budget,No,Mumbai
7910,Male,46-60,Premium,No,Bhubaneswar
7911,Male,36-45,Regular,Yes,Delhi
7912,Female,46-60,Premium,Yes,Chennai
7913,Female,36-45,Budget,No,Bhubaneswar
7914,Female,18-25,Business,No,Pune
7915,Male,60+,Regular,No,Chennai
7916,Female,26-35,Regular,Yes,Nagpur
7917,Male,36-45,Budget,Yes,Chandigarh
7918,Female,18-25,Regular,Yes,Ahmedabad
7919,Female,18-25,Budget,No,Chandigarh
7920,Male,18-25,Budget,Yes,Nagpur
7921,Male,26-35,Regular,Yes,Lucknow
7922,Female,26-35,Budget,Yes,Indore
7923,Female,36-45,Budget,Yes,Nagpur
7924,Male,36-45,Regular,Yes,Chandigarh
7925,Male,36-45,Regular,Yes,Delhi
7926,Female,26-35,Business,Yes,Delhi
7927,Female,46-60,Regular,No,Ahmedabad
7928,Female,36-45,Premium,No,Surat
7929,Female,26-35,Budget,Yes,Nagpur
7930,Male,26-35,Budget,Yes,Chennai
7931,Male,26-35,Regular,No,Pune
7932,Female,36-45,Regular,Yes,Delhi
7933,Male,46-60,Budget,No,Bengaluru
7934,Female,26-35,Budget,Yes,Surat
7935,Male,26-35,Premium,Yes,Surat
7936,Male,60+,Premium,Yes,Bhubaneswar
7937,Female,18-25,Regular,No,Kochi
7938,Female,18-25,Budget,No,Hyderabad
7939,Male,26-35,Budget,Yes,Surat
7940,Female,46-60,Regular,Yes,Mumbai
7941,Female,18-25,Budget,No,Jaipur
7942,Female,26-35,Regular,No,Jaipur
7943,Female,26-35,Regular,Yes,Ahmedabad
7944,Male,26-35,Regular,No,Delhi
7945,Male,18-25,Regular,No,Chennai
7946,Female,26-35,Business,Yes,Surat
7947,Male,26-35,Regular,No,Chennai
7948,Female,26-35,Regular,No,Hyderabad
7949,Female,46-60,Business,Yes,Ahmedabad
7950,Male,36-45,Business,Yes,Bengaluru
7951,Female,46-60,Budget,Yes,Jaipur
7952,Male,46-60,Business,Yes,Indore
7953,Male,36-45,Business,Yes,Bhubaneswar
7954,Female,36-45,Budget,Yes,Mumbai
7955,Male,46-60,Business,Yes,Lucknow
7956,Female,26-35,Business,No,Bengaluru
7957,Male,36-45,Regular,No,Indore
7958,Male,36-45,Budget,No,Jaipur
7959,Male,36-45,Regular,No,Chandigarh
7960,Male,26-35,Business,Yes,Pune
7961,Male,26-35,Budget,Yes,Lucknow
7962,Female,46-60,Regular,No,Lucknow
7963,Female,36-45,Budget,Yes,Bhubaneswar
7964,Female,18-25,Regular,Yes,Chennai
7965,Female,18-25,Regular,No,Pune
7966,Male,26-35,Budget,Yes,Bhubaneswar
7967,Male,36-45,Premium,No,Indore
7968,Male,18-25,Budget,No,Chandigarh
7969,Male,36-45,Premium,Yes,Lucknow
7970,Female,26-35,Business,Yes,Surat
7971,Female,18-25,Regular,No,Mumbai
7972,Female,18-25,Premium,No,Jaipur
7973,Male,36-45,Regular,No,Delhi
7974,Female,36-45,Budget,No,Delhi
7975,Female,26-35,Business,Yes,Chennai
7976,Female,18-25,Regular,No,Chandigarh
7977,Male,26-35,Budget,Yes,Delhi
7978,Male,26-35,Premium,No,Kochi
7979,Male,36-45,Regular,Yes,Indore
7980,Female,26-35,Budget,No,Indore
7981,Female,46-60,Regular,No,Mumbai
7982,Male,36-45,Budget,No,Nagpur
7983,Female,26-35,Budget,Yes,Delhi
7984,Male,26-35,Business,No,Chennai
7985,Male,26-35,Regular,No,Bhubaneswar
7986,Female,26-35,Budget,No,Indore
7987,Female,26-35,Regular,No,Hyderabad
7988,Male,18-25,Budget,No,Kochi
7989,Female,36-45,Regular,Yes,Lucknow
7990,Male,36-45,Regular,No,Pune
7991,Female,60+,Premium,Yes,Pune
7992,Male,26-35,Business,Yes,Bhubaneswar
7993,Female,26-35,Regular,Yes,Delhi
7994,Female,18-25,Budget,Yes,Jaipur
7995,Female,36-45,Budget,Yes,Kochi
7996,Female,46-60,Regular,No,Mumbai
7997,Male,36-45,Regular,No,Nagpur
7998,Male,18-25,Budget,Yes,Jaipur
7999,Female,36-45,Budget,No,Kochi
8000,Male,36-45,Business,Yes,Delhi
8001,Male,26-35,Budget,No,Chennai
8002,Female,36-45,Regular,Yes,Bengaluru
8003,Female,18-25,Budget,No,Indore
8004,Female,46-60,Premium,Yes,Ahmedabad
8005,Male,26-35,Regular,Yes,Jaipur
8006,Female,18-25,Budget,No,Lucknow
8007,Female,60+,Business,No,Hyderabad
8008,Female,18-25,Premium,Yes,Pune
8009,Male,60+,Regular,Yes,Bengaluru
8010,Female,46-60,Premium,No,Hyderabad
8011,Female,46-60,Regular,Yes,Jaipur
8012,Male,36-45,Regular,No,Lucknow
8013,Female,18-25,Budget,Yes,Mumbai
8014,Female,26-35,Premium,No,Delhi
8015,Male,46-60,Regular,No,Bengaluru
8016,Male,60+,Budget,No,Kochi
8017,Female,26-35,Regular,No,Surat
8018,Female,46-60,Regular,Yes,Kochi
8019,Male,18-25,Budget,Yes,Ahmedabad
8020,Male,18-25,Business,Yes,Pune
8021,Female,46-60,Business,No,Lucknow
8022,Male,36-45,Budget,Yes,Surat
8023,Male,26-35,Regular,Yes,Chandigarh
8024,Male,46-60,Regular,No,Lucknow
8025,Male,36-45,Regular,No,Ahmedabad
8026,Female,36-45,Budget,Yes,Chennai
8027,Male,18-25,Budget,No,Lucknow
8028,Female,18-25,Business,No,Bengaluru
8029,Female,46-60,Budget,No,Kochi
8030,Male,36-45,Premium,Yes,Mumbai
8031,Female,46-60,Regular,Yes,Pune
8032,Female,36-45,Regular,No,Pune
8033,Male,36-45,Budget,Yes,Mumbai
8034,Female,36-45,Premium,No,Lucknow
8035,Male,26-35,Budget,No,Lucknow
8036,Male,36-45,Regular,Yes,Chennai
8037,Male,26-35,Budget,No,Delhi
8038,Female,26-35,Business,No,Pune
8039,Female,18-25,Budget,No,Bhubaneswar
8040,Female,60+,Premium,Yes,Mumbai
8041,Male,46-60,Regular,No,Surat
8042,Male,46-60,Regular,Yes,Mumbai
8043,Male,18-25,Regular,Yes,Hyderabad
8044,Female,26-35,Business,No,Indore
8045,Female,18-25,Regular,No,Bhubaneswar
8046,Male,18-25,Budget,No,Lucknow
8047,Female,18-25,Premium,No,Lucknow
8048,Male,18-25,Regular,No,Mumbai
8049,Female,26-35,Business,Yes,Bengaluru
8050,Male,18-25,Budget,Yes,Delhi
8051,Male,26-35,Regular,Yes,Mumbai
8052,Female,26-35,Budget,Yes,Kochi
8053,Female,36-45,Budget,Yes,Lucknow
8054,Female,18-25,Budget,Yes,Bengaluru
8055,Female,18-25,Budget,No,Pune
8056,Female,26-35,Regular,Yes,Nagpur
8057,Male,26-35,Budget,No,Nagpur
8058,Male,26-35,Premium,No,Chandigarh
8059,Male,18-25,Regular,Yes,Surat
8060,Male,46-60,Regular,Yes,Chandigarh
8061,Male,46-60,Premium,No,Chandigarh
8062,Female,26-35,Budget,No,Chennai
8063,Female,18-25,Budget,No,Ahmedabad
8064,Male,18-25,Regular,No,Jaipur
8065,Male,26-35,Budget,Yes,Kochi
8066,Female,26-35,Premium,No,Surat
8067,Female,36-45,Regular,Yes,Hyderabad
8068,Male,26-35,Budget,No,Ahmedabad
8069,Male,26-35,Regular,Yes,Surat
8070,Male,46-60,Premium,Yes,Delhi
8071,Male,18-25,Budget,Yes,Pune
8072,Male,26-35,Regular,Yes,Ahmedabad
8073,Male,26-35,Regular,Yes,Delhi
8074,Male,26-35,Regular,Yes,Chandigarh
8075,Female,26-35,Budget,Yes,Delhi
8076,Female,46-60,Budget,Yes,Hyderabad
8077,Female,18-25,Regular,Yes,Delhi
8078,Male,18-25,Regular,No,Bengaluru
8079,Male,26-35,Regular,Yes,Chennai
8080,Male,26-35,Budget,No,Pune
8081,Female,46-60,Premium,No,Chennai
8082,Female,26-35,Regular,No,Pune
8083,Male,26-35,Budget,Yes,Kochi
8084,Male,26-35,Regular,No,Bhubaneswar
8085,Male,36-45,Budget,No,Delhi
8086,Male,46-60,Business,Yes,Lucknow
8087,Male,26-35,Premium,No,Mumbai
8088,Male,26-35,Budget,No,Pune
8089,Male,26-35,Regular,No,Nagpur
8090,Male,36-45,Premium,No,Mumbai
8091,Male,36-45,Regular,No,Nagpur
8092,Female,46-60,Regular,Yes,Chandigarh
8093,Female,46-60,Budget,No,Bengaluru
8094,Male,46-60,Business,Yes,Lucknow
8095,Female,26-35,Premium,Yes,Ahmedabad
8096,Male,36-45,Budget,Yes,Bhubaneswar
8097,Female,46-60,Premium,No,Kochi
8098,Female,36-45,Budget,No,Pune
8099,Male,18-25,Budget,No,Pune
8100,Female,36-45,Regular,Yes,Chandigarh
8101,Female,26-35,Budget,Yes,Pune
8102,Male,36-45,Budget,No,Nagpur
8103,Male,36-45,Regular,Yes,Hyderabad
8104,Male,26-35,Budget,Yes,Bengaluru
8105,Male,46-60,Regular,Yes,Ahmedabad
8106,Female,18-25,Budget,Yes,Ahmedabad
8107,Male,26-35,Budget,Yes,Ahmedabad
8108,Male,18-25,Business,No,Nagpur
8109,Male,26-35,Budget,Yes,Kochi
8110,Male,26-35,Regular,Yes,Nagpur
8111,Male,60+,Regular,Yes,Chennai
8112,Female,36-45,Regular,Yes,Jaipur
8113,Male,26-35,Budget,Yes,Lucknow
8114,Male,18-25,Regular,Yes,Surat
8115,Male,46-60,Business,No,Nagpur
8116,Female,60+,Regular,No,Ahmedabad
8117,Female,26-35,Premium,No,Bengaluru
8118,Female,26-35,Regular,No,Chennai
8119,Male,26-35,Regular,Yes,Jaipur
8120,Male,36-45,Regular,No,Delhi
8121,Female,26-35,Regular,No,Mumbai
8122,Male,26-35,Business,No,Surat
8123,Male,26-35,Budget,No,Nagpur
8124,Female,36-45,Budget,No,Mumbai
8125,Male,26-35,Budget,No,Mumbai
8126,Female,26-35,Budget,Yes,Pune
8127,Male,46-60,Budget,No,Indore
8128,Female,18-25,Premium,No,Indore
8129,Male,46-60,Budget,No,Surat
8130,Female,26-35,Budget,No,Pune
8131,Male,26-35,Regular,No,Delhi
8132,Female,36-45,Regular,Yes,Nagpur
8133,Male,36-45,Premium,No,Jaipur
8134,Male,46-60,Budget,Yes,Chandigarh
8135,Female,60+,Budget,No,Nagpur
8136,Female,46-60,Business,No,Chennai
8137,Male,46-60,Budget,Yes,Chennai
8138,Female,26-35,Regular,No,Hyderabad
8139,Female,36-45,Budget,Yes,Chandigarh
8140,Female,36-45,Regular,Yes,Pune
8141,Male,36-45,Regular,No,Jaipur
8142,Male,60+,Budget,No,Hyderabad
8143,Male,36-45,Regular,Yes,Hyderabad
8144,Female,36-45,Budget,Yes,Delhi
8145,Male,26-35,Business,Yes,Mumbai
8146,Male,18-25,Premium,Yes,Delhi
8147,Male,36-45,Premium,Yes,Indore
8148,Male,36-45,Regular,No,Kochi
8149,Female,18-25,Premium,Yes,Jaipur
8150,Female,36-45,Regular,Yes,Hyderabad
8151,Male,26-35,Regular,No,Hyderabad
8152,Female,18-25,Regular,Yes,Mumbai
8153,Male,46-60,Premium,No,Pune
8154,Male,18-25,Regular,Yes,Kochi
8155,Male,18-25,Regular,No,Chennai
8156,Male,36-45,Budget,No,Hyderabad
8157,Female,46-60,Budget,No,Chennai
8158,Female,46-60,Business,No,Bhubaneswar
8159,Female,26-35,Budget,Yes,Hyderabad
8160,Male,26-35,Regular,Yes,Pune
8161,Female,26-35,Budget,No,Kochi
8162,Female,26-35,Budget,Yes,Hyderabad
8163,Female,46-60,Business,Yes,Kochi
8164,Female,46-60,Regular,No,Delhi
8165,Male,26-35,Regular,Yes,Lucknow
8166,Male,26-35,Premium,Yes,Ahmedabad
8167,Male,46-60,Budget,No,Jaipur
8168,Female,46-60,Regular,Yes,Bhubaneswar
8169,Male,26-35,Budget,Yes,Mumbai
8170,Male,36-45,Regular,Yes,Hyderabad
8171,Female,26-35,Regular,No,Hyderabad
8172,Male,26-35,Budget,No,Chandigarh
8173,Female,26-35,Regular,Yes,Mumbai
8174,Female,36-45,Budget,No,Indore
8175,Female,36-45,Budget,Yes,Mumbai
8176,Male,36-45,Regular,No,Nagpur
8177,Male,26-35,Budget,Yes,Pune
8178,Male,18-25,Regular,Yes,Lucknow
8179,Male,26-35,Regular,Yes,Ahmedabad
8180,Female,26-35,Budget,No,Chennai
8181,Male,26-35,Regular,Yes,Bengaluru
8182,Male,18-25,Business,No,Ahmedabad
8183,Female,26-35,Budget,No,Kochi
8184,Male,26-35,Budget,No,Mumbai
8185,Female,46-60,Budget,No,Chandigarh
8186,Male,46-60,Budget,No,Indore
8187,Male,46-60,Budget,No,Nagpur
8188,Female,36-45,Business,Yes,Chandigarh
8189,Female,36-45,Regular,Yes,Hyderabad
8190,Male,18-25,Budget,No,Kochi
8191,Female,18-25,Regular,No,Bengaluru
8192,Male,26-35,Budget,Yes,Chandigarh
8193,Male,18-25,Premium,Yes,Delhi
8194,Male,26-35,Budget,No,Indore
8195,Male,26-35,Premium,No,Mumbai
8196,Male,18-25,Budget,No,Jaipur
8197,Female,26-35,Budget,Yes,Lucknow
8198,Male,46-60,Regular,Yes,Chennai
8199,Male,26-35,Regular,No,Lucknow
8200,Female,26-35,Premium,Yes,Hyderabad
8201,Male,36-45,Budget,Yes,Ahmedabad
8202,Male,26-35,Regular,No,Chandigarh
8203,Female,46-60,Premium,Yes,Indore
8204,Female,36-45,Budget,Yes,Chennai
8205,Male,36-45,Regular,No,Nagpur
8206,Female,46-60,Regular,No,Jaipur
8207,Male,26-35,Premium,Yes,Nagpur
8208,Female,36-45,Regular,No,Jaipur
8209,Male,26-35,Regular,No,Kochi
8210,Male,26-35,Business,No,Lucknow
8211,Male,18-25,Regular,No,Chennai
8212,Female,18-25,Premium,Yes,Indore
8213,Female,26-35,Budget,Yes,Chennai
8214,Male,36-45,Budget,No,Delhi
8215,Male,46-60,Business,No,Bhubaneswar
8216,Male,26-35,Budget,Yes,Bhubaneswar
8217,Female,18-25,Budget,Yes,Ahmedabad
8218,Male,26-35,Premium,No,Surat
8219,Female,36-45,Budget,No,Jaipur
8220,Female,26-35,Regular,Yes,Surat
8221,Male,36-45,Budget,No,Surat
8222,Female,46-60,Regular,No,Indore
8223,Male,36-45,Regular,No,Kochi
8224,Male,36-45,Budget,Yes,Hyderabad
8225,Female,46-60,Regular,Yes,Bhubaneswar
8226,Female,26-35,Premium,Yes,Mumbai
8227,Male,36-45,Regular,No,Pune
8228,Female,36-45,Budget,Yes,Lucknow
8229,Male,46-60,Budget,Yes,Bhubaneswar
8230,Female,18-25,Business,No,Pune
8231,Female,46-60,Regular,No,Indore
8232,Male,36-45,Budget,No,Surat
8233,Female,18-25,Business,Yes,Hyderabad
8234,Female,26-35,Budget,Yes,Kochi
8235,Male,26-35,Regular,Yes,Jaipur
8236,Female,46-60,Premium,No,Hyderabad
8237,Female,26-35,Budget,Yes,Jaipur
8238,Female,46-60,Budget,No,Bhubaneswar
8239,Male,46-60,Regular,Yes,Bengaluru
8240,Female,36-45,Budget,No,Lucknow
8241,Male,26-35,Regular,No,Ahmedabad
8242,Female,18-25,Budget,No,Bhubaneswar
8243,Male,46-60,Budget,Yes,Chandigarh
8244,Male,46-60,Regular,Yes,Lucknow
8245,Male,46-60,Budget,No,Ahmedabad
8246,Male,46-60,Budget,Yes,Indore
8247,Male,46-60,Regular,Yes,Indore
8248,Male,26-35,Regular,Yes,Mumbai
8249,Female,36-45,Regular,Yes,Surat
8250,Male,26-35,Budget,Yes,Indore
8251,Female,18-25,Premium,No,Ahmedabad
8252,Female,26-35,Budget,No,Hyderabad
8253,Male,36-45,Regular,Yes,Surat
8254,Female,18-25,Budget,No,Pune
8255,Female,60+,Regular,No,Ahmedabad
8256,Male,36-45,Regular,No,Indore
8257,Female,26-35,Business,Yes,Kochi
8258,Female,26-35,Budget,Yes,Jaipur
8259,Male,18-25,Regular,Yes,Jaipur
8260,Male,46-60,Budget,Yes,Indore
8261,Female,46-60,Regular,No,Lucknow
8262,Male,26-35,Regular,No,Hyderabad
8263,Male,26-35,Regular,No,Indore
8264,Female,46-60,Regular,Yes,Ahmedabad
8265,Male,26-35,Business,Yes,Indore
8266,Male,60+,Regular,Yes,Jaipur
8267,Female,36-45,Budget,No,Chennai
8268,Male,36-45,Regular,No,Kochi
8269,Male,26-35,Budget,No,Bhubaneswar
8270,Female,36-45,Budget,Yes,Jaipur
8271,Female,26-35,Regular,Yes,Jaipur
8272,Female,46-60,Regular,No,Surat
8273,Male,36-45,Budget,Yes,Jaipur
8274,Male,26-35,Budget,No,Nagpur
8275,Male,26-35,Business,No,Bengaluru
8276,Male,36-45,Regular,No,Ahmedabad
8277,Female,26-35,Regular,No,Delhi
8278,Male,18-25,Premium,No,Delhi
8279,Male,60+,Regular,No,Indore
8280,Female,36-45,Business,No,Ahmedabad
8281,Male,18-25,Premium,No,Chennai
8282,Female,18-25,Premium,Yes,Jaipur
8283,Female,18-25,Regular,No,Ahmedabad
8284,Female,26-35,Budget,Yes,Nagpur
8285,Male,18-25,Budget,Yes,Lucknow
8286,Female,26-35,Regular,Yes,Bhubaneswar
8287,Female,36-45,Budget,Yes,Indore
8288,Female,26-35,Budget,Yes,Jaipur
8289,Female,26-35,Budget,Yes,Bhubaneswar
8290,Male,18-25,Budget,No,Bengaluru
8291,Male,46-60,Regular,No,Lucknow
8292,Male,26-35,Budget,Yes,Indore
8293,Male,46-60,Budget,No,Nagpur
8294,Male,26-35,Budget,Yes,Pune
8295,Female,36-45,Regular,Yes,Pune
8296,Male,18-25,Business,No,Delhi
8297,Female,18-25,Business,Yes,Bhubaneswar
8298,Female,36-45,Premium,Yes,Chennai
8299,Male,26-35,Regular,Yes,Pune
8300,Male,26-35,Regular,No,Lucknow
8301,Male,46-60,Business,No,Surat
8302,Female,46-60,Budget,Yes,Hyderabad
8303,Female,26-35,Budget,Yes,Delhi
8304,Male,46-60,Budget,No,Ahmedabad
8305,Female,18-25,Premium,No,Surat
8306,Male,26-35,Budget,Yes,Ahmedabad
8307,Female,46-60,Regular,No,Mumbai
8308,Male,26-35,Budget,Yes,Chandigarh
8309,Female,26-35,Business,Yes,Chandigarh
8310,Male,26-35,Budget,No,Kochi
8311,Female,26-35,Regular,No,Bhubaneswar
8312,Male,18-25,Regular,Yes,Bengaluru
8313,Male,36-45,Business,No,Indore
8314,Female,36-45,Premium,Yes,Lucknow
8315,Female,46-60,Budget,Yes,Surat
8316,Female,18-25,Regular,No,Pune
8317,Male,26-35,Regular,Yes,Lucknow
8318,Female,60+,Budget,No,Lucknow
8319,Male,36-45,Premium,No,Jaipur
8320,Female,36-45,Premium,No,Chennai
8321,Female,36-45,Premium,Yes,Lucknow
8322,Female,18-25,Premium,Yes,Lucknow
8323,Female,26-35,Regular,Yes,Pune
8324,Male,36-45,Budget,Yes,Pune
8325,Female,46-60,Regular,Yes,Chandigarh
8326,Female,26-35,Budget,Yes,Jaipur
8327,Female,26-35,Budget,Yes,Delhi
8328,Female,26-35,Business,No,Hyderabad
8329,Female,26-35,Premium,No,Surat
8330,Male,18-25,Budget,No,Delhi
8331,Female,36-45,Business,Yes,Pune
8332,Male,36-45,Budget,No,Hyderabad
8333,Male,46-60,Budget,No,Surat
8334,Male,18-25,Regular,No,Kochi
8335,Female,36-45,Regular,No,Pune
8336,Male,46-60,Regular,Yes,Nagpur
8337,Female,36-45,Regular,Yes,Chennai
8338,Male,36-45,Regular,Yes,Jaipur
8339,Male,18-25,Regular,Yes,Indore
8340,Female,36-45,Regular,No,Chandigarh
8341,Male,36-45,Regular,No,Lucknow
8342,Male,36-45,Budget,Yes,Indore
8343,Male,36-45,Budget,No,Lucknow
8344,Female,26-35,Regular,Yes,Lucknow
8345,Female,36-45,Regular,No,Bhubaneswar
8346,Female,36-45,Premium,Yes,Pune
8347,Male,46-60,Regular,Yes,Ahmedabad
8348,Female,26-35,Budget,No,Jaipur
8349,Male,36-45,Premium,Yes,Jaipur
8350,Male,18-25,Regular,No,Delhi
8351,Male,46-60,Premium,No,Ahmedabad
8352,Female,46-60,Budget,Yes,Chennai
8353,Female,18-25,Regular,No,Nagpur
8354,Female,46-60,Budget,Yes,Bengaluru
8355,Male,36-45,Budget,No,Bhubaneswar
8356,Male,18-25,Regular,No,Indore
8357,Female,26-35,Budget,Yes,Bengaluru
8358,Male,36-45,Regular,No,Bengaluru
8359,Male,46-60,Premium,Yes,Indore
8360,Female,26-35,Business,No,Mumbai
8361,Male,26-35,Budget,Yes,Ahmedabad
8362,Female,26-35,Budget,Yes,Indore
8363,Male,18-25,Business,No,Bengaluru
8364,Male,18-25,Business,No,Chandigarh
8365,Male,18-25,Budget,Yes,Delhi
8366,Male,18-25,Budget,No,Pune
8367,Female,46-60,Budget,No,Jaipur
8368,Male,26-35,Regular,Yes,Kochi
8369,Male,18-25,Premium,Yes,Delhi
8370,Female,26-35,Budget,Yes,Jaipur
8371,Male,18-25,Budget,Yes,Kochi
8372,Female,60+,Premium,Yes,Delhi
8373,Male,18-25,Regular,No,Hyderabad
8374,Female,18-25,Regular,Yes,Mumbai
8375,Female,36-45,Budget,No,Indore
8376,Male,36-45,Regular,Yes,Surat
8377,Female,26-35,Budget,Yes,Jaipur
8378,Female,26-35,Premium,Yes,Chandigarh
8379,Male,46-60,Regular,Yes,Pune
8380,Female,46-60,Regular,Yes,Bhubaneswar
8381,Female,36-45,Regular,No,Pune
8382,Male,46-60,Regular,Yes,Nagpur
8383,Male,36-45,Regular,No,Bhubaneswar
8384,Female,26-35,Regular,No,Jaipur
8385,Female,26-35,Premium,No,Hyderabad
8386,Male,26-35,Budget,No,Hyderabad
8387,Female,46-60,Regular,Yes,Surat
8388,Female,26-35,Budget,Yes,Delhi
8389,Female,46-60,Regular,Yes,Chennai
8390,Male,26-35,Regular,No,Bhubaneswar
8391,Male,46-60,Budget,No,Pune
8392,Female,26-35,Budget,Yes,Chandigarh
8393,Female,60+,Regular,No,Mumbai
8394,Male,46-60,Budget,Yes,Chandigarh
8395,Male,26-35,Business,No,Kochi
8396,Male,18-25,Regular,Yes,Kochi
8397,Female,36-45,Regular,Yes,Bhubaneswar
8398,Female,46-60,Budget,No,Hyderabad
8399,Male,36-45,Budget,Yes,Bengaluru
8400,Male,60+,Budget,No,Lucknow
8401,Female,46-60,Regular,No,Surat
8402,Female,18-25,Business,Yes,Hyderabad
8403,Female,18-25,Regular,No,Ahmedabad
8404,Female,26-35,Regular,Yes,Delhi
8405,Female,18-25,Regular,Yes,Lucknow
8406,Female,26-35,Premium,Yes,Jaipur
8407,Female,60+,Budget,No,Indore
8408,Female,26-35,Budget,No,Pune
8409,Female,46-60,Regular,No,Surat
8410,Male,26-35,Regular,No,Hyderabad
8411,Male,60+,Regular,Yes,Nagpur
8412,Male,18-25,Budget,No,Chandigarh
8413,Female,36-45,Regular,No,Chandigarh
8414,Male,26-35,Regular,No,Delhi
8415,Female,36-45,Budget,No,Bhubaneswar
8416,Male,36-45,Regular,Yes,Chandigarh
8417,Female,18-25,Business,Yes,Jaipur
8418,Female,36-45,Regular,No,Mumbai
8419,Female,18-25,Premium,Yes,Chandigarh
8420,Male,26-35,Business,No,Bengaluru
8421,Female,36-45,Regular,No,Lucknow
8422,Male,18-25,Regular,Yes,Kochi
8423,Male,36-45,Regular,Yes,Nagpur
8424,Male,26-35,Budget,Yes,Hyderabad
8425,Female,26-35,Regular,Yes,Pune
8426,Male,26-35,Business,No,Chandigarh
8427,Male,36-45,Budget,No,Bengaluru
8428,Female,36-45,Regular,Yes,Jaipur
8429,Female,26-35,Budget,Yes,Hyderabad
8430,Male,36-45,Regular,Yes,Indore
8431,Male,36-45,Regular,No,Lucknow
8432,Male,36-45,Budget,No,Pune
8433,Female,18-25,Budget,No,Pune
8434,Male,26-35,Business,Yes,Jaipur
8435,Female,26-35,Budget,No,Mumbai
8436,Male,36-45,Budget,Yes,Ahmedabad
8437,Female,26-35,Regular,Yes,Surat
8438,Female,26-35,Budget,No,Kochi
8439,Male,26-35,Regular,No,Indore
8440,Female,18-25,Budget,Yes,Bengaluru
8441,Female,26-35,Regular,Yes,Pune
8442,Female,18-25,Regular,No,Chandigarh
8443,Female,36-45,Regular,No,Delhi
8444,Female,26-35,Regular,Yes,Kochi
8445,Male,26-35,Regular,Yes,Lucknow
8446,Male,26-35,Budget,No,Hyderabad
8447,Female,26-35,Budget,Yes,Bhubaneswar
8448,Female,26-35,Business,No,Chandigarh
8449,Male,26-35,Premium,No,Chennai
8450,Male,26-35,Regular,No,Delhi
8451,Female,26-35,Regular,No,Jaipur
8452,Male,18-25,Budget,Yes,Bhubaneswar
8453,Male,36-45,Budget,No,Mumbai
8454,Male,46-60,Regular,Yes,Chandigarh
8455,Female,26-35,Premium,Yes,Lucknow
8456,Male,36-45,Regular,No,Chennai
8457,Female,60+,Regular,Yes,Bengaluru
8458,Female,18-25,Budget,Yes,Kochi
8459,Male,36-45,Regular,No,Surat
8460,Female,18-25,Budget,No,Chennai
8461,Male,18-25,Budget,Yes,Lucknow
8462,Male,36-45,Budget,Yes,Chandigarh
8463,Female,18-25,Regular,No,Bhubaneswar
8464,Female,26-35,Regular,No,Kochi
8465,Female,60+,Regular,Yes,Surat
8466,Female,26-35,Budget,Yes,Lucknow
8467,Male,36-45,Business,Yes,Bengaluru
8468,Male,46-60,Regular,Yes,Pune
8469,Male,18-25,Regular,Yes,Bhubaneswar
8470,Male,26-35,Business,No,Pune
8471,Male,46-60,Premium,No,Ahmedabad
8472,Male,18-25,Premium,Yes,Chandigarh
8473,Male,46-60,Budget,No,Mumbai
8474,Male,26-35,Regular,Yes,Ahmedabad
8475,Female,18-25,Regular,Yes,Kochi
8476,Male,60+,Budget,Yes,Pune
8477,Male,26-35,Budget,Yes,Lucknow
8478,Female,46-60,Regular,Yes,Bengaluru
8479,Male,26-35,Budget,No,Nagpur
8480,Male,36-45,Premium,Yes,Bhubaneswar
8481,Female,36-45,Budget,No,Ahmedabad
8482,Male,18-25,Regular,Yes,Chennai
8483,Male,26-35,Premium,No,Bengaluru
8484,Male,46-60,Regular,Yes,Surat
8485,Male,36-45,Budget,Yes,Chandigarh
8486,Male,36-45,Regular,No,Surat
8487,Female,26-35,Regular,No,Delhi
8488,Female,18-25,Regular,Yes,Delhi
8489,Male,60+,Regular,No,Kochi
8490,Female,18-25,Regular,No,Nagpur
8491,Male,36-45,Regular,No,Jaipur
8492,Male,26-35,Regular,No,Bengaluru
8493,Male,36-45,Budget,No,Surat
8494,Male,26-35,Business,No,Indore
8495,Female,26-35,Premium,Yes,Pune
8496,Male,26-35,Budget,Yes,Chennai
8497,Female,26-35,Business,No,Lucknow
8498,Female,36-45,Premium,No,Lucknow
8499,Male,26-35,Premium,No,Delhi
8500,Female,26-35,Budget,No,Bhubaneswar
8501,Female,26-35,Business,No,Hyderabad
8502,Male,26-35,Budget,No,Chandigarh
8503,Female,26-35,Business,No,Surat
8504,Male,18-25,Regular,Yes,Kochi
8505,Male,46-60,Regular,No,Pune
8506,Male,26-35,Premium,Yes,Ahmedabad
8507,Female,36-45,Business,Yes,Chandigarh
8508,Male,36-45,Budget,No,Delhi
8509,Male,26-35,Regular,No,Delhi
8510,Female,46-60,Premium,Yes,Chennai
8511,Female,26-35,Regular,No,Jaipur
8512,Male,46-60,Budget,Yes,Jaipur
8513,Male,46-60,Budget,Yes,Lucknow
8514,Male,36-45,Premium,No,Mumbai
8515,Female,26-35,Regular,Yes,Surat
8516,Female,46-60,Regular,No,Bhubaneswar
8517,Male,18-25,Budget,Yes,Bengaluru
8518,Female,26-35,Premium,No,Bhubaneswar
8519,Male,46-60,Business,No,Hyderabad
8520,Female,26-35,Regular,Yes,Surat
8521,Female,36-45,Budget,Yes,Pune
8522,Female,36-45,Premium,Yes,Ahmedabad
8523,Male,36-45,Business,No,Chennai
8524,Male,26-35,Premium,No,Chennai
8525,Female,26-35,Budget,Yes,Delhi
8526,Female,26-35,Budget,Yes,Chennai
8527,Female,26-35,Budget,No,Lucknow
8528,Female,26-35,Budget,Yes,Delhi
8529,Male,26-35,Regular,Yes,Pune
8530,Male,46-60,Regular,Yes,Ahmedabad
8531,Male,18-25,Budget,Yes,Lucknow
8532,Female,26-35,Regular,No,Chandigarh
8533,Male,36-45,Budget,No,Chennai
8534,Female,18-25,Premium,No,Hyderabad
8535,Female,36-45,Regular,No,Chandigarh
8536,Female,26-35,Regular,No,Mumbai
8537,Male,26-35,Regular,No,Bhubaneswar
8538,Male,46-60,Budget,No,Surat
8539,Male,60+,Budget,Yes,Lucknow
8540,Female,26-35,Regular,No,Hyderabad
8541,Female,26-35,Budget,No,Indore
8542,Female,18-25,Regular,Yes,Lucknow
8543,Female,46-60,Regular,No,Chandigarh
8544,Male,26-35,Budget,No,Ahmedabad
8545,Female,18-25,Budget,No,Hyderabad
8546,Male,36-45,Business,Yes,Mumbai
8547,Male,18-25,Premium,Yes,Delhi
8548,Female,26-35,Budget,Yes,Ahmedabad
8549,Female,46-60,Business,No,Bengaluru
8550,Female,26-35,Regular,No,Indore
8551,Male,36-45,Regular,No,Pune
8552,Female,26-35,Regular,Yes,Ahmedabad
8553,Male,26-35,Premium,Yes,Jaipur
8554,Male,36-45,Budget,Yes,Nagpur
8555,Male,18-25,Budget,No,Chennai
8556,Male,26-35,Regular,Yes,Pune
8557,Male,36-45,Premium,Yes,Pune
8558,Male,26-35,Premium,No,Bengaluru
8559,Female,26-35,Premium,No,Nagpur
8560,Male,26-35,Regular,Yes,Jaipur
8561,Male,18-25,Business,Yes,Chandigarh
8562,Female,26-35,Budget,No,Ahmedabad
8563,Female,36-45,Budget,Yes,Surat
8564,Female,60+,Budget,No,Delhi
8565,Female,18-25,Budget,Yes,Hyderabad
8566,Female,18-25,Regular,No,Ahmedabad
8567,Male,26-35,Budget,Yes,Bengaluru
8568,Female,46-60,Business,Yes,Chandigarh
8569,Female,46-60,Regular,No,Mumbai
8570,Female,26-35,Budget,No,Pune
8571,Male,46-60,Regular,No,Bengaluru
8572,Male,46-60,Budget,No,Hyderabad
8573,Female,46-60,Budget,Yes,Chennai
8574,Male,60+,Budget,No,Nagpur
8575,Female,36-45,Regular,Yes,Hyderabad
8576,Male,18-25,Regular,No,Nagpur
8577,Female,26-35,Regular,Yes,Delhi
8578,Male,26-35,Business,No,Bhubaneswar
8579,Female,36-45,Business,Yes,Pune
8580,Female,46-60,Regular,Yes,Mumbai
8581,Female,36-45,Regular,Yes,Indore
8582,Female,26-35,Budget,Yes,Delhi
8583,Male,26-35,Premium,No,Hyderabad
8584,Female,18-25,Business,Yes,Kochi
8585,Female,46-60,Budget,Yes,Chandigarh
8586,Female,18-25,Budget,No,Pune
8587,Female,26-35,Regular,Yes,Ahmedabad
8588,Male,36-45,Regular,No,Bhubaneswar
8589,Female,46-60,Regular,Yes,Pune
8590,Male,18-25,Regular,Yes,Kochi
8591,Male,26-35,Budget,Yes,Bengaluru
8592,Male,46-60,Budget,Yes,Kochi
8593,Male,36-45,Regular,No,Surat
8594,Male,36-45,Regular,Yes,Hyderabad
8595,Male,46-60,Premium,No,Bhubaneswar
8596,Male,46-60,Budget,Yes,Surat
8597,Male,26-35,Budget,Yes,Hyderabad
8598,Female,26-35,Premium,No,Kochi
8599,Male,26-35,Budget,No,Bengaluru
8600,Male,18-25,Budget,No,Delhi
8601,Male,26-35,Budget,Yes,Mumbai
8602,Female,18-25,Budget,No,Chandigarh
8603,Male,26-35,Premium,No,Indore
8604,Female,18-25,Budget,Yes,Bhubaneswar
8605,Female,46-60,Business,Yes,Jaipur
8606,Female,46-60,Regular,Yes,Kochi
8607,Female,26-35,Budget,No,Chennai
8608,Female,18-25,Regular,Yes,Nagpur
8609,Male,26-35,Budget,No,Hyderabad
8610,Male,26-35,Business,Yes,Nagpur
8611,Female,26-35,Business,No,Hyderabad
8612,Female,36-45,Regular,Yes,Surat
8613,Male,26-35,Premium,Yes,Nagpur
8614,Female,36-45,Regular,No,Bhubaneswar
8615,Male,36-45,Regular,No,Surat
8616,Female,26-35,Business,Yes,Hyderabad
8617,Male,46-60,Budget,Yes,Indore
8618,Male,18-25,Budget,No,Surat
8619,Male,26-35,Budget,No,Nagpur
8620,Male,46-60,Regular,No,Delhi
8621,Male,46-60,Regular,No,Surat
8622,Male,18-25,Budget,Yes,Chandigarh
8623,Male,26-35,Business,Yes,Pune
8624,Male,36-45,Regular,No,Pune
8625,Female,18-25,Business,No,Hyderabad
8626,Male,18-25,Business,No,Ahmedabad
8627,Male,46-60,Budget,Yes,Jaipur
8628,Male,26-35,Premium,No,Lucknow
8629,Female,46-60,Regular,No,Lucknow
8630,Male,26-35,Regular,No,Mumbai
8631,Female,26-35,Budget,No,Bhubaneswar
8632,Male,26-35,Regular,Yes,Jaipur
8633,Male,18-25,Regular,Yes,Nagpur
8634,Male,36-45,Budget,Yes,Jaipur
8635,Female,26-35,Premium,No,Indore
8636,Female,18-25,Budget,No,Jaipur
8637,Female,60+,Budget,No,Indore
8638,Female,36-45,Premium,Yes,Ahmedabad
8639,Male,36-45,Premium,No,Chandigarh
8640,Female,46-60,Premium,No,Pune
8641,Male,46-60,Regular,Yes,Chandigarh
8642,Female,26-35,Regular,No,Kochi
8643,Male,18-25,Budget,Yes,Ahmedabad
8644,Male,46-60,Regular,Yes,Chandigarh
8645,Male,36-45,Regular,Yes,Nagpur
8646,Male,26-35,Regular,No,Indore
8647,Female,36-45,Budget,No,Surat
8648,Female,46-60,Budget,Yes,Kochi
8649,Male,26-35,Budget,No,Kochi
8650,Male,26-35,Budget,Yes,Hyderabad
8651,Female,18-25,Budget,No,Pune
8652,Female,26-35,Budget,Yes,Mumbai
8653,Female,26-35,Business,No,Chandigarh
8654,Female,18-25,Regular,Yes,Mumbai
8655,Female,26-35,Premium,Yes,Surat
8656,Female,26-35,Regular,Yes,Lucknow
8657,Male,18-25,Regular,No,Bengaluru
8658,Male,36-45,Regular,No,Chandigarh
8659,Male,26-35,Budget,Yes,Kochi
8660,Male,26-35,Business,No,Surat
8661,Male,18-25,Regular,No,Indore
8662,Male,18-25,Regular,No,Lucknow
8663,Male,26-35,Regular,No,Chennai
8664,Female,46-60,Budget,Yes,Kochi
8665,Male,18-25,Business,Yes,Bengaluru
8666,Male,18-25,Budget,No,Ahmedabad
8667,Female,36-45,Regular,No,Delhi
8668,Female,46-60,Budget,No,Hyderabad
8669,Female,26-35,Budget,No,Hyderabad
8670,Female,26-35,Regular,Yes,Delhi
8671,Male,26-35,Regular,Yes,Bhubaneswar
8672,Female,18-25,Budget,Yes,Hyderabad
8673,Female,26-35,Budget,No,Pune
8674,Male,26-35,Budget,Yes,Chandigarh
8675,Male,18-25,Budget,Yes,Mumbai
8676,Female,46-60,Regular,No,Kochi
8677,Male,26-35,Budget,Yes,Chennai
8678,Female,60+,Regular,No,Delhi
8679,Female,18-25,Regular,No,Delhi
8680,Male,26-35,Budget,Yes,Pune
8681,Male,26-35,Premium,Yes,Jaipur
8682,Female,26-35,Regular,No,Pune
8683,Male,26-35,Regular,Yes,Kochi
8684,Female,36-45,Regular,Yes,Ahmedabad
8685,Male,26-35,Budget,No,Bengaluru
8686,Male,46-60,Regular,No,Mumbai
8687,Female,46-60,Premium,No,Surat
8688,Male,18-25,Premium,No,Delhi
8689,Male,60+,Premium,No,Kochi
8690,Male,26-35,Budget,No,Indore
8691,Male,26-35,Premium,Yes,Jaipur
8692,Male,46-60,Premium,Yes,Indore
8693,Female,46-60,Regular,Yes,Chennai
8694,Male,26-35,Regular,Yes,Bengaluru
8695,Female,46-60,Business,Yes,Lucknow
8696,Male,18-25,Budget,Yes,Nagpur
8697,Male,36-45,Business,Yes,Mumbai
8698,Male,36-45,Budget,Yes,Jaipur
8699,Male,36-45,Regular,No,Jaipur
8700,Female,18-25,Regular,Yes,Jaipur
8701,Male,26-35,Premium,Yes,Kochi
8702,Male,18-25,Budget,Yes,Bhubaneswar
8703,Male,18-25,Budget,Yes,Bhubaneswar
8704,Female,18-25,Regular,No,Bengaluru
8705,Male,26-35,Regular,Yes,Kochi
8706,Female,36-45,Budget,No,Nagpur
8707,Female,18-25,Budget,No,Chandigarh
8708,Female,46-60,Regular,No,Chandigarh
8709,Female,18-25,Premium,Yes,Mumbai
8710,Male,36-45,Regular,No,Hyderabad
8711,Female,26-35,Business,No,Chandigarh
8712,Male,46-60,Budget,No,Ahmedabad
8713,Female,18-25,Budget,No,Hyderabad
8714,Female,26-35,Regular,No,Ahmedabad
8715,Male,36-45,Regular,Yes,Bhubaneswar
8716,Male,26-35,Premium,Yes,Pune
8717,Female,18-25,Regular,No,Delhi
8718,Male,26-35,Regular,No,Kochi
8719,Female,46-60,Premium,No,Pune
8720,Male,46-60,Regular,Yes,Indore
8721,Male,26-35,Budget,Yes,Chennai
8722,Male,26-35,Budget,No,Kochi
8723,Male,36-45,Regular,No,Mumbai
8724,Male,26-35,Budget,No,Nagpur
8725,Male,46-60,Budget,Yes,Lucknow
8726,Male,60+,Regular,Yes,Mumbai
8727,Female,18-25,Regular,Yes,Bhubaneswar
8728,Female,18-25,Business,No,Kochi
8729,Male,26-35,Budget,No,Jaipur
8730,Male,46-60,Regular,No,Jaipur
8731,Male,46-60,Budget,No,Indore
8732,Male,26-35,Budget,Yes,Ahmedabad
8733,Female,46-60,Budget,Yes,Jaipur
8734,Female,46-60,Business,No,Jaipur
8735,Female,26-35,Budget,Yes,Nagpur
8736,Male,18-25,Business,No,Indore
8737,Male,26-35,Regular,No,Jaipur
8738,Male,26-35,Budget,Yes,Lucknow
8739,Male,46-60,Premium,Yes,Bengaluru
8740,Female,18-25,Business,No,Chennai
8741,Female,26-35,Regular,No,Chandigarh
8742,Male,46-60,Regular,No,Lucknow
8743,Female,26-35,Budget,Yes,Ahmedabad
8744,Male,46-60,Premium,Yes,Chennai
8745,Female,36-45,Regular,No,Chennai
8746,Male,60+,Business,Yes,Ahmedabad
8747,Female,18-25,Premium,Yes,Kochi
8748,Male,18-25,Budget,No,Pune
8749,Female,46-60,Budget,No,Ahmedabad
8750,Male,46-60,Regular,Yes,Ahmedabad
8751,Female,46-60,Regular,Yes,Kochi
8752,Male,46-60,Business,No,Surat
8753,Female,18-25,Regular,No,Chandigarh
8754,Male,26-35,Business,No,Indore
8755,Female,26-35,Regular,Yes,Chennai
8756,Female,46-60,Regular,No,Hyderabad
8757,Male,26-35,Premium,No,Ahmedabad
8758,Female,36-45,Budget,No,Jaipur
8759,Male,36-45,Regular,Yes,Jaipur
8760,Male,26-35,Regular,Yes,Bengaluru
8761,Female,18-25,Budget,No,Indore
8762,Male,26-35,Budget,No,Hyderabad
8763,Male,36-45,Business,No,Bhubaneswar
8764,Female,18-25,Regular,No,Ahmedabad
8765,Female,26-35,Regular,No,Delhi
8766,Female,18-25,Regular,No,Indore
8767,Male,36-45,Premium,Yes,Pune
8768,Male,36-45,Regular,Yes,Hyderabad
8769,Male,36-45,Regular,No,Chennai
8770,Male,36-45,Regular,Yes,Nagpur
8771,Male,26-35,Business,No,Ahmedabad
8772,Male,18-25,Budget,No,Chennai
8773,Male,18-25,Regular,Yes,Kochi
8774,Male,26-35,Regular,Yes,Lucknow
8775,Female,46-60,Budget,No,Nagpur
8776,Female,36-45,Business,No,Bhubaneswar
8777,Male,18-25,Regular,Yes,Kochi
8778,Male,46-60,Regular,No,Delhi
8779,Female,18-25,Business,Yes,Hyderabad
8780,Female,26-35,Regular,No,Indore
8781,Female,36-45,Budget,Yes,Bhubaneswar
8782,Female,18-25,Budget,No,Mumbai
8783,Female,26-35,Budget,No,Pune
8784,Female,46-60,Budget,No,Surat
8785,Female,26-35,Regular,No,Delhi
8786,Male,18-25,Regular,Yes,Jaipur
8787,Female,46-60,Budget,No,Pune
8788,Female,36-45,Regular,No,Surat
8789,Male,26-35,Budget,No,Chandigarh
8790,Female,26-35,Budget,Yes,Ahmedabad
8791,Male,46-60,Business,No,Mumbai
8792,Female,26-35,Budget,No,Kochi
8793,Male,60+,Regular,No,Mumbai
8794,Female,18-25,Regular,Yes,Chennai
8795,Female,36-45,Budget,Yes,Lucknow
8796,Male,26-35,Budget,No,Jaipur
8797,Female,36-45,Regular,Yes,Nagpur
8798,Male,18-25,Regular,Yes,Indore
8799,Male,46-60,Regular,Yes,Kochi
8800,Female,46-60,Budget,No,Chandigarh
8801,Female,26-35,Regular,No,Jaipur
8802,Male,26-35,Budget,Yes,Ahmedabad
8803,Male,46-60,Premium,Yes,Jaipur
8804,Male,26-35,Budget,No,Jaipur
8805,Female,60+,Budget,No,Bhubaneswar
8806,Female,26-35,Regular,No,Bengaluru
8807,Female,26-35,Budget,Yes,Ahmedabad
8808,Female,36-45,Budget,Yes,Surat
8809,Male,36-45,Premium,No,Lucknow
8810,Female,36-45,Regular,Yes,Pune
8811,Male,46-60,Business,Yes,Chandigarh
8812,Female,26-35,Regular,Yes,Chennai
8813,Male,36-45,Regular,No,Ahmedabad
8814,Male,46-60,Regular,No,Bhubaneswar
8815,Male,46-60,Regular,Yes,Kochi
8816,Female,46-60,Budget,Yes,Delhi
8817,Male,46-60,Premium,No,Bengaluru
8818,Female,36-45,Premium,No,Pune
8819,Male,46-60,Premium,Yes,Chandigarh
8820,Male,26-35,Regular,No,Indore
8821,Female,18-25,Budget,No,Chennai
8822,Male,26-35,Premium,No,Indore
8823,Male,26-35,Regular,Yes,Ahmedabad
8824,Female,46-60,Regular,No,Jaipur
8825,Female,18-25,Regular,Yes,Bengaluru
8826,Female,46-60,Regular,No,Pune
8827,Male,46-60,Budget,No,Lucknow
8828,Male,26-35,Budget,No,Ahmedabad
8829,Female,18-25,Premium,Yes,Jaipur
8830,Male,46-60,Budget,No,Chennai
8831,Female,26-35,Regular,Yes,Indore
8832,Female,36-45,Regular,Yes,Bhubaneswar
8833,Female,26-35,Regular,No,Chandigarh
8834,Male,26-35,Regular,No,Nagpur
8835,Male,18-25,Budget,No,Bengaluru
8836,Female,26-35,Regular,No,Jaipur
8837,Female,18-25,Regular,Yes,Chandigarh
8838,Female,36-45,Regular,No,Chennai
8839,Male,18-25,Regular,Yes,Pune
8840,Male,60+,Business,No,Pune
8841,Male,26-35,Premium,Yes,Delhi
8842,Male,60+,Budget,Yes,Jaipur
8843,Male,60+,Premium,No,Jaipur
8844,Male,46-60,Premium,No,Pune
8845,Female,18-25,Regular,No,Mumbai
8846,Female,46-60,Premium,No,Mumbai
8847,Male,46-60,Regular,No,Ahmedabad
8848,Female,46-60,Budget,No,Mumbai
8849,Male,26-35,Budget,No,Chennai
8850,Male,46-60,Budget,Yes,Chennai
8851,Male,46-60,Budget,No,Pune
8852,Female,36-45,Budget,Yes,Mumbai
8853,Male,26-35,Budget,No,Jaipur
8854,Female,26-35,Regular,Yes,Indore
8855,Male,26-35,Budget,No,Hyderabad
8856,Male,18-25,Regular,Yes,Lucknow
8857,Male,26-35,Premium,No,Mumbai
8858,Male,46-60,Regular,No,Pune
8859,Male,26-35,Regular,No,Surat
8860,Female,60+,Budget,No,Ahmedabad
8861,Male,18-25,Regular,No,Chennai
8862,Male,46-60,Business,Yes,Ahmedabad
8863,Male,36-45,Regular,Yes,Surat
8864,Female,18-25,Premium,No,Ahmedabad
8865,Male,36-45,Budget,No,Indore
8866,Female,26-35,Regular,Yes,Mumbai
8867,Female,18-25,Regular,No,Hyderabad
8868,Male,18-25,Regular,No,Indore
8869,Male,46-60,Regular,No,Indore
8870,Male,36-45,Budget,Yes,Mumbai
8871,Male,18-25,Regular,No,Indore
8872,Female,36-45,Budget,No,Nagpur
8873,Female,36-45,Regular,Yes,Chennai
8874,Female,26-35,Budget,No,Bhubaneswar
8875,Male,18-25,Budget,No,Hyderabad
8876,Female,26-35,Regular,No,Pune
8877,Male,46-60,Premium,No,Mumbai
8878,Female,18-25,Budget,No,Nagpur
8879,Male,36-45,Regular,Yes,Pune
8880,Female,36-45,Budget,No,Mumbai
8881,Male,36-45,Regular,No,Indore
8882,Male,36-45,Regular,No,Bhubaneswar
8883,Male,36-45,Business,No,Surat
8884,Female,36-45,Budget,Yes,Mumbai
8885,Male,46-60,Business,No,Pune
8886,Male,46-60,Regular,No,Surat
8887,Male,26-35,Business,No,Delhi
8888,Female,46-60,Budget,No,Lucknow
8889,Female,18-25,Regular,No,Surat
8890,Female,36-45,Budget,No,Ahmedabad
8891,Female,26-35,Regular,No,Hyderabad
8892,Male,46-60,Budget,No,Delhi
8893,Male,26-35,Budget,Yes,Pune
8894,Female,36-45,Premium,Yes,Bengaluru
8895,Male,46-60,Budget,No,Nagpur
8896,Female,26-35,Business,No,Chennai
8897,Female,60+,Premium,Yes,Lucknow
8898,Male,18-25,Regular,No,Mumbai
8899,Female,36-45,Budget,Yes,Chennai
8900,Male,46-60,Business,Yes,Chandigarh
8901,Male,36-45,Budget,Yes,Indore
8902,Male,36-45,Regular,No,Hyderabad
8903,Male,36-45,Premium,No,Surat
8904,Female,36-45,Business,Yes,Chandigarh
8905,Male,26-35,Business,No,Surat
8906,Male,18-25,Regular,Yes,Hyderabad
8907,Male,26-35,Regular,No,Bhubaneswar
8908,Female,26-35,Premium,No,Nagpur
8909,Male,18-25,Budget,No,Bhubaneswar
8910,Male,18-25,Budget,No,Delhi
8911,Female,36-45,Business,No,Pune
8912,Male,26-35,Budget,Yes,Kochi
8913,Male,26-35,Regular,No,Lucknow
8914,Male,46-60,Regular,Yes,Delhi
8915,Male,26-35,Budget,No,Delhi
8916,Male,18-25,Regular,Yes,Surat
8917,Male,36-45,Regular,Yes,Chennai
8918,Male,36-45,Business,Yes,Bhubaneswar
8919,Female,36-45,Business,Yes,Lucknow
8920,Female,18-25,Budget,No,Bengaluru
8921,Female,18-25,Regular,Yes,Surat
8922,Female,18-25,Regular,No,Bengaluru
8923,Male,18-25,Premium,No,Nagpur
8924,Female,18-25,Regular,Yes,Bengaluru
8925,Male,18-25,Premium,Yes,Mumbai
8926,Female,46-60,Regular,No,Bhubaneswar
8927,Male,18-25,Business,Yes,Bengaluru
8928,Female,26-35,Premium,Yes,Ahmedabad
8929,Male,18-25,Regular,No,Nagpur
8930,Male,18-25,Regular,Yes,Bengaluru
8931,Female,36-45,Regular,Yes,Jaipur
8932,Male,26-35,Regular,No,Ahmedabad
8933,Male,26-35,Regular,No,Kochi
8934,Female,26-35,Budget,Yes,Chennai
8935,Female,26-35,Budget,No,Bengaluru
8936,Male,26-35,Regular,Yes,Indore
8937,Male,26-35,Regular,No,Surat
8938,Female,18-25,Regular,No,Indore
8939,Female,18-25,Budget,No,Chandigarh
8940,Female,18-25,Regular,Yes,Jaipur
8941,Male,46-60,Business,Yes,Chennai
8942,Female,36-45,Regular,No,Pune
8943,Male,26-35,Premium,No,Nagpur
8944,Female,36-45,Budget,Yes,Pune
8945,Female,26-35,Regular,No,Bhubaneswar
8946,Male,18-25,Budget,Yes,Pune
8947,Female,46-60,Budget,No,Chennai
8948,Male,18-25,Budget,No,Chandigarh
8949,Female,60+,Regular,No,Bengaluru
8950,Male,36-45,Budget,Yes,Ahmedabad
8951,Female,26-35,Budget,No,Bengaluru
8952,Female,26-35,Business,Yes,Mumbai
8953,Female,26-35,Premium,Yes,Bhubaneswar
8954,Male,26-35,Budget,Yes,Hyderabad
8955,Female,26-35,Budget,Yes,Delhi
8956,Male,26-35,Budget,Yes,Surat
8957,Male,60+,Regular,No,Jaipur
8958,Male,36-45,Budget,No,Pune
8959,Male,26-35,Regular,No,Nagpur
8960,Female,36-45,Budget,No,Kochi
8961,Male,26-35,Business,No,Kochi
8962,Female,18-25,Regular,No,Chandigarh
8963,Female,46-60,Budget,No,Hyderabad
8964,Female,36-45,Regular,No,Indore
8965,Male,46-60,Budget,Yes,Hyderabad
8966,Female,26-35,Budget,Yes,Jaipur
8967,Male,18-25,Regular,No,Delhi
8968,Female,46-60,Budget,No,Mumbai
8969,Female,46-60,Regular,Yes,Delhi
8970,Male,26-35,Budget,No,Kochi
8971,Male,18-25,Budget,Yes,Lucknow
8972,Female,36-45,Business,Yes,Nagpur
8973,Female,46-60,Premium,No,Indore
8974,Male,18-25,Regular,Yes,Ahmedabad
8975,Male,46-60,Premium,No,Lucknow
8976,Female,18-25,Regular,No,Mumbai
8977,Male,26-35,Budget,Yes,Indore
8978,Male,18-25,Business,No,Pune
8979,Male,36-45,Budget,Yes,Chennai
8980,Female,36-45,Budget,No,Chennai
8981,Male,46-60,Regular,Yes,Kochi
8982,Male,26-35,Regular,No,Jaipur
8983,Male,18-25,Regular,No,Delhi
8984,Female,26-35,Premium,No,Surat
8985,Female,46-60,Budget,No,Delhi
8986,Male,26-35,Budget,Yes,Indore
8987,Male,26-35,Budget,Yes,Surat
8988,Female,18-25,Premium,No,Lucknow
8989,Male,36-45,Regular,Yes,Lucknow
8990,Female,26-35,Regular,Yes,Kochi
8991,Female,26-35,Regular,No,Indore
8992,Male,36-45,Regular,Yes,Bengaluru
8993,Male,26-35,Budget,No,Chandigarh
8994,Male,46-60,Budget,Yes,Jaipur
8995,Female,26-35,Regular,No,Chennai
8996,Male,36-45,Regular,No,Jaipur
8997,Female,36-45,Premium,Yes,Indore
8998,Female,60+,Budget,No,Surat
8999,Male,18-25,Business,Yes,Delhi
9000,Male,60+,Budget,Yes,Nagpur
9001,Female,26-35,Budget,No,Indore
9002,Female,26-35,Budget,Yes,Kochi
9003,Male,26-35,Business,Yes,Chandigarh
9004,Female,18-25,Regular,Yes,Chennai
9005,Female,26-35,Regular,No,Chandigarh
9006,Male,18-25,Budget,No,Chennai
9007,Female,26-35,Budget,Yes,Bengaluru
9008,Female,26-35,Regular,No,Indore
9009,Male,36-45,Budget,No,Kochi
9010,Female,26-35,Regular,Yes,Lucknow
9011,Male,36-45,Regular,Yes,Hyderabad
9012,Female,26-35,Business,No,Bengaluru
9013,Male,18-25,Business,Yes,Surat
9014,Male,26-35,Budget,No,Kochi
9015,Female,46-60,Regular,No,Indore
9016,Male,26-35,Budget,No,Lucknow
9017,Male,46-60,Regular,Yes,Chennai
9018,Male,18-25,Premium,No,Delhi
9019,Male,26-35,Regular,Yes,Indore
9020,Male,18-25,Regular,Yes,Bhubaneswar
9021,Female,26-35,Budget,No,Pune
9022,Male,46-60,Regular,No,Indore
9023,Female,26-35,Budget,No,Ahmedabad
9024,Male,18-25,Regular,Yes,Chennai
9025,Male,18-25,Premium,No,Jaipur
9026,Male,18-25,Budget,No,Chandigarh
9027,Female,46-60,Regular,No,Lucknow
9028,Female,18-25,Budget,Yes,Indore
9029,Female,60+,Regular,Yes,Kochi
9030,Female,60+,Regular,No,Kochi
9031,Male,18-25,Regular,No,Nagpur
9032,Female,18-25,Premium,Yes,Mumbai
9033,Male,26-35,Regular,No,Nagpur
9034,Female,18-25,Budget,No,Bengaluru
9035,Female,36-45,Premium,No,Chennai
9036,Female,26-35,Budget,Yes,Chandigarh
9037,Male,26-35,Budget,No,Ahmedabad
9038,Female,18-25,Regular,Yes,Ahmedabad
9039,Female,18-25,Budget,No,Indore
9040,Female,18-25,Premium,Yes,Mumbai
9041,Male,26-35,Regular,No,Ahmedabad
9042,Female,36-45,Regular,Yes,Chandigarh
9043,Female,18-25,Regular,Yes,Chandigarh
9044,Male,26-35,Budget,No,Kochi
9045,Female,26-35,Budget,No,Surat
9046,Female,26-35,Budget,Yes,Nagpur
9047,Female,46-60,Premium,Yes,Surat
9048,Female,60+,Budget,No,Bhubaneswar
9049,Female,46-60,Regular,Yes,Bhubaneswar
9050,Female,26-35,Regular,Yes,Mumbai
9051,Male,36-45,Regular,Yes,Ahmedabad
9052,Male,46-60,Regular,No,Jaipur
9053,Male,36-45,Budget,Yes,Lucknow
9054,Female,36-45,Premium,No,Bengaluru
9055,Male,46-60,Premium,Yes,Bengaluru
9056,Female,26-35,Regular,Yes,Hyderabad
9057,Male,26-35,Regular,No,Surat
9058,Female,46-60,Regular,Yes,Pune
9059,Male,26-35,Regular,No,Nagpur
9060,Male,60+,Regular,No,Delhi
9061,Male,26-35,Budget,Yes,Chennai
9062,Female,46-60,Regular,No,Hyderabad
9063,Female,26-35,Budget,Yes,Indore
9064,Female,36-45,Budget,No,Lucknow
9065,Male,18-25,Budget,Yes,Ahmedabad
9066,Male,36-45,Regular,Yes,Bengaluru
9067,Male,36-45,Premium,Yes,Chandigarh
9068,Female,46-60,Budget,No,Lucknow
9069,Female,26-35,Budget,Yes,Chennai
9070,Male,36-45,Budget,No,Surat
9071,Female,46-60,Budget,Yes,Chandigarh
9072,Female,36-45,Budget,No,Pune
9073,Male,46-60,Regular,No,Bengaluru
9074,Male,18-25,Regular,No,Kochi
9075,Male,46-60,Budget,No,Chennai
9076,Male,36-45,Premium,No,Indore
9077,Male,36-45,Regular,Yes,Chandigarh
9078,Male,26-35,Premium,Yes,Lucknow
9079,Male,26-35,Budget,Yes,Indore
9080,Male,18-25,Premium,Yes,Chennai
9081,Female,26-35,Regular,Yes,Pune
9082,Female,18-25,Regular,No,Bengaluru
9083,Female,26-35,Budget,No,Nagpur
9084,Male,46-60,Budget,Yes,Pune
9085,Female,26-35,Regular,No,Bengaluru
9086,Male,26-35,Regular,Yes,Mumbai
9087,Female,46-60,Regular,No,Lucknow
9088,Male,36-45,Budget,Yes,Bhubaneswar
9089,Female,46-60,Premium,Yes,Ahmedabad
9090,Female,26-35,Premium,No,Pune
9091,Male,26-35,Business,No,Chennai
9092,Male,26-35,Business,Yes,Hyderabad
9093,Male,26-35,Regular,Yes,Hyderabad
9094,Male,46-60,Budget,Yes,Ahmedabad
9095,Female,60+,Budget,No,Nagpur
9096,Female,36-45,Budget,Yes,Bhubaneswar
9097,Male,46-60,Regular,No,Pune
9098,Female,26-35,Regular,No,Indore
9099,Female,60+,Budget,Yes,Kochi
9100,Female,36-45,Regular,No,Indore
9101,Male,36-45,Budget,No,Surat
9102,Male,26-35,Premium,Yes,Hyderabad
9103,Male,18-25,Premium,Yes,Mumbai
9104,Female,18-25,Regular,Yes,Jaipur
9105,Female,18-25,Budget,Yes,Bengaluru
9106,Female,18-25,Budget,No,Chandigarh
9107,Male,46-60,Budget,No,Lucknow
9108,Female,18-25,Regular,Yes,Chennai
9109,Male,36-45,Budget,No,Chandigarh
9110,Male,18-25,Budget,No,Pune
9111,Female,18-25,Budget,Yes,Mumbai
9112,Male,60+,Budget,Yes,Hyderabad
9113,Female,60+,Budget,Yes,Kochi
9114,Male,46-60,Regular,No,Indore
9115,Female,26-35,Budget,No,Ahmedabad
9116,Female,46-60,Budget,Yes,Chandigarh
9117,Male,26-35,Budget,No,Hyderabad
9118,Male,36-45,Regular,Yes,Mumbai
9119,Male,36-45,Budget,No,Bengaluru
9120,Female,46-60,Regular,No,Chandigarh
9121,Female,26-35,Budget,No,Kochi
9122,Male,36-45,Regular,Yes,Mumbai
9123,Female,36-45,Regular,No,Chandigarh
9124,Male,18-25,Business,No,Pune
9125,Female,18-25,Budget,No,Chennai
9126,Male,46-60,Business,No,Hyderabad
9127,Female,18-25,Regular,Yes,Ahmedabad
9128,Female,26-35,Regular,Yes,Mumbai
9129,Male,26-35,Regular,No,Jaipur
9130,Female,18-25,Budget,No,Mumbai
9131,Male,46-60,Premium,No,Indore
9132,Female,46-60,Budget,No,Bengaluru
9133,Female,18-25,Regular,No,Chandigarh
9134,Male,26-35,Regular,No,Indore
9135,Male,36-45,Regular,No,Lucknow
9136,Female,26-35,Regular,No,Mumbai
9137,Female,26-35,Business,Yes,Kochi
9138,Male,36-45,Budget,No,Chennai
9139,Male,26-35,Regular,Yes,Bengaluru
9140,Female,46-60,Budget,Yes,Pune
9141,Female,18-25,Budget,No,Ahmedabad
9142,Female,26-35,Premium,Yes,Indore
9143,Male,36-45,Budget,Yes,Chennai
9144,Male,36-45,Budget,Yes,Mumbai
9145,Male,26-35,Budget,No,Ahmedabad
9146,Male,18-25,Regular,Yes,Pune
9147,Female,26-35,Budget,No,Hyderabad
9148,Male,46-60,Premium,No,Hyderabad
9149,Male,46-60,Regular,No,Lucknow
9150,Male,26-35,Premium,No,Jaipur
9151,Male,18-25,Business,No,Lucknow
9152,Male,26-35,Regular,No,Kochi
9153,Female,18-25,Budget,Yes,Ahmedabad
9154,Female,26-35,Premium,No,Jaipur
9155,Female,26-35,Business,Yes,Hyderabad
9156,Male,26-35,Regular,No,Hyderabad
9157,Male,36-45,Regular,Yes,Indore
9158,Male,36-45,Regular,No,Lucknow
9159,Female,26-35,Regular,Yes,Kochi
9160,Male,36-45,Budget,Yes,Chandigarh
9161,Male,26-35,Regular,No,Bhubaneswar
9162,Male,26-35,Regular,Yes,Indore
9163,Male,36-45,Regular,No,Chennai
9164,Male,36-45,Premium,Yes,Jaipur
9165,Male,46-60,Regular,Yes,Pune
9166,Female,36-45,Budget,No,Pune
9167,Male,26-35,Business,No,Jaipur
9168,Male,18-25,Regular,Yes,Nagpur
9169,Female,36-45,Premium,No,Jaipur
9170,Male,36-45,Regular,Yes,Indore
9171,Male,36-45,Regular,Yes,Ahmedabad
9172,Male,26-35,Budget,Yes,Chennai
9173,Male,26-35,Regular,Yes,Bhubaneswar
9174,Male,36-45,Regular,No,Kochi
9175,Female,18-25,Budget,Yes,Bengaluru
9176,Male,36-45,Budget,Yes,Kochi
9177,Male,26-35,Budget,No,Pune
9178,Female,18-25,Business,No,Chennai
9179,Female,26-35,Budget,Yes,Indore
9180,Male,26-35,Regular,Yes,Hyderabad
9181,Female,26-35,Regular,No,Nagpur
9182,Female,26-35,Regular,Yes,Nagpur
9183,Female,46-60,Premium,Yes,Hyderabad
9184,Male,26-35,Regular,Yes,Surat
9185,Male,26-35,Regular,No,Chennai
9186,Male,26-35,Budget,Yes,Hyderabad
9187,Female,46-60,Premium,No,Bhubaneswar
9188,Male,46-60,Budget,No,Delhi
9189,Female,36-45,Business,Yes,Chennai
9190,Male,26-35,Premium,No,Kochi
9191,Male,60+,Regular,No,Chandigarh
9192,Male,26-35,Premium,No,Kochi
9193,Male,18-25,Budget,No,Surat
9194,Male,36-45,Regular,No,Ahmedabad
9195,Female,60+,Budget,No,Hyderabad
9196,Male,26-35,Regular,No,Chandigarh
9197,Male,46-60,Budget,No,Nagpur
9198,Female,46-60,Budget,Yes,Lucknow
9199,Female,26-35,Regular,No,Bhubaneswar
9200,Female,26-35,Budget,No,Nagpur
9201,Male,26-35,Budget,Yes,Chandigarh
9202,Female,26-35,Premium,No,Nagpur
9203,Male,36-45,Regular,Yes,Indore
9204,Male,18-25,Regular,Yes,Hyderabad
9205,Male,26-35,Regular,Yes,Mumbai
9206,Male,36-45,Regular,No,Delhi
9207,Male,26-35,Regular,No,Indore
9208,Male,36-45,Regular,No,Ahmedabad
9209,Male,18-25,Premium,No,Chandigarh
9210,Male,46-60,Regular,Yes,Surat
9211,Female,46-60,Regular,No,Bengaluru
9212,Male,36-45,Budget,No,Bhubaneswar
9213,Male,26-35,Regular,No,Indore
9214,Female,36-45,Regular,Yes,Lucknow
9215,Male,60+,Budget,No,Delhi
9216,Female,36-45,Business,No,Kochi
9217,Female,26-35,Premium,No,Chennai
9218,Female,18-25,Budget,Yes,Bengaluru
9219,Female,18-25,Premium,No,Kochi
9220,Female,26-35,Regular,Yes,Hyderabad
9221,Female,36-45,Regular,Yes,Indore
9222,Male,36-45,Regular,No,Chandigarh
9223,Male,36-45,Business,Yes,Delhi
9224,Female,18-25,Regular,Yes,Mumbai
9225,Female,18-25,Budget,No,Bhubaneswar
9226,Female,46-60,Premium,Yes,Pune
9227,Male,36-45,Budget,Yes,Mumbai
9228,Male,26-35,Premium,Yes,Jaipur
9229,Male,26-35,Premium,Yes,Delhi
9230,Male,18-25,Regular,No,Ahmedabad
9231,Male,46-60,Regular,Yes,Bengaluru
9232,Female,36-45,Budget,No,Hyderabad
9233,Female,46-60,Regular,Yes,Chandigarh
9234,Male,36-45,Budget,No,Ahmedabad
9235,Female,46-60,Budget,No,Kochi
9236,Male,36-45,Premium,No,Mumbai
9237,Male,26-35,Premium,No,Ahmedabad
9238,Female,26-35,Business,No,Ahmedabad
9239,Female,36-45,Budget,No,Nagpur
9240,Female,36-45,Regular,No,Nagpur
9241,Female,46-60,Budget,Yes,Pune
9242,Female,46-60,Regular,No,Delhi
9243,Male,26-35,Budget,Yes,Surat
9244,Female,26-35,Premium,No,Bengaluru
9245,Female,26-35,Budget,Yes,Delhi
9246,Male,46-60,Regular,Yes,Indore
9247,Male,36-45,Regular,Yes,Chennai
9248,Male,26-35,Regular,No,Chandigarh
9249,Male,36-45,Regular,Yes,Delhi
9250,Male,18-25,Budget,No,Pune
9251,Male,18-25,Budget,Yes,Indore
9252,Male,36-45,Premium,No,Bhubaneswar
9253,Female,60+,Regular,Yes,Chandigarh
9254,Female,26-35,Premium,No,Nagpur
9255,Female,26-35,Budget,No,Kochi
9256,Male,18-25,Regular,Yes,Surat
9257,Male,36-45,Business,Yes,Indore
9258,Male,26-35,Budget,No,Lucknow
9259,Male,26-35,Regular,No,Surat
9260,Female,18-25,Budget,Yes,Pune
9261,Female,18-25,Regular,No,Lucknow
9262,Male,26-35,Regular,Yes,Delhi
9263,Male,18-25,Premium,No,Chennai
9264,Male,26-35,Premium,Yes,Chennai
9265,Male,46-60,Regular,No,Delhi
9266,Female,36-45,Budget,Yes,Delhi
9267,Female,46-60,Regular,Yes,Ahmedabad
9268,Female,36-45,Budget,No,Chennai
9269,Female,26-35,Premium,Yes,Pune
9270,Female,18-25,Budget,Yes,Kochi
9271,Male,46-60,Regular,Yes,Chandigarh
9272,Female,26-35,Regular,No,Bengaluru
9273,Female,18-25,Budget,No,Indore
9274,Male,26-35,Budget,Yes,Pune
9275,Male,26-35,Budget,Yes,Nagpur
9276,Male,60+,Regular,No,Surat
9277,Female,36-45,Regular,No,Surat
9278,Male,46-60,Business,No,Delhi
9279,Female,46-60,Regular,Yes,Ahmedabad
9280,Male,26-35,Premium,Yes,Bengaluru
9281,Female,36-45,Budget,No,Indore
9282,Female,36-45,Regular,Yes,Pune
9283,Male,46-60,Regular,No,Kochi
9284,Female,26-35,Regular,No,Ahmedabad
9285,Male,26-35,Regular,Yes,Chandigarh
9286,Female,26-35,Premium,No,Delhi
9287,Female,46-60,Budget,No,Delhi
9288,Female,26-35,Budget,No,Chandigarh
9289,Male,26-35,Regular,Yes,Indore
9290,Female,46-60,Regular,No,Bhubaneswar
9291,Female,26-35,Budget,No,Lucknow
9292,Female,36-45,Regular,No,Jaipur
9293,Female,46-60,Budget,No,Mumbai
9294,Male,36-45,Regular,Yes,Lucknow
9295,Male,18-25,Regular,No,Chandigarh
9296,Female,46-60,Budget,No,Hyderabad
9297,Female,26-35,Budget,Yes,Nagpur
9298,Male,36-45,Budget,No,Chennai
9299,Female,26-35,Premium,Yes,Nagpur
9300,Female,36-45,Regular,Yes,Bhubaneswar
9301,Male,18-25,Regular,No,Indore
9302,Male,18-25,Budget,Yes,Bengaluru
9303,Male,46-60,Budget,No,Delhi
9304,Male,26-35,Regular,No,Mumbai
9305,Male,46-60,Regular,No,Chennai
9306,Male,18-25,Regular,Yes,Bengaluru
9307,Female,18-25,Premium,Yes,Bhubaneswar
9308,Male,26-35,Premium,No,Chennai
9309,Male,46-60,Regular,No,Bhubaneswar
9310,Female,26-35,Budget,No,Bhubaneswar
9311,Male,46-60,Budget,No,Delhi
9312,Female,36-45,Regular,No,Kochi
9313,Male,46-60,Budget,Yes,Chandigarh
9314,Male,36-45,Budget,Yes,Lucknow
9315,Male,36-45,Budget,No,Delhi
9316,Female,60+,Regular,No,Nagpur
9317,Female,18-25,Budget,Yes,Ahmedabad
9318,Male,46-60,Regular,Yes,Delhi
9319,Female,26-35,Budget,Yes,Surat
9320,Male,26-35,Regular,Yes,Kochi
9321,Male,46-60,Regular,Yes,Surat
9322,Male,26-35,Budget,No,Pune
9323,Female,18-25,Business,Yes,Chennai
9324,Female,26-35,Premium,Yes,Bengaluru
9325,Female,36-45,Business,Yes,Indore
9326,Female,18-25,Regular,No,Kochi
9327,Male,26-35,Regular,Yes,Chennai
9328,Male,36-45,Premium,Yes,Chennai
9329,Female,36-45,Premium,Yes,Jaipur
9330,Female,26-35,Premium,Yes,Chennai
9331,Female,26-35,Regular,No,Chennai
9332,Male,26-35,Premium,No,Mumbai
9333,Female,26-35,Premium,No,Kochi
9334,Male,46-60,Premium,No,Pune
9335,Female,18-25,Budget,Yes,Chennai
9336,Female,36-45,Business,Yes,Hyderabad
9337,Male,36-45,Business,Yes,Indore
9338,Male,36-45,Regular,No,Jaipur
9339,Female,46-60,Regular,No,Jaipur
9340,Female,60+,Budget,Yes,Bengaluru
9341,Male,26-35,Budget,Yes,Bhubaneswar
9342,Male,26-35,Budget,No,Mumbai
9343,Male,26-35,Premium,No,Surat
9344,Male,46-60,Budget,No,Nagpur
9345,Female,26-35,Business,Yes,Delhi
9346,Female,46-60,Regular,No,Hyderabad
9347,Male,60+,Budget,Yes,Hyderabad
9348,Female,26-35,Budget,No,Lucknow
9349,Male,60+,Business,No,Chandigarh
9350,Female,46-60,Budget,Yes,Hyderabad
9351,Male,36-45,Premium,No,Bhubaneswar
9352,Male,26-35,Premium,No,Pune
9353,Female,18-25,Budget,No,Nagpur
9354,Male,26-35,Regular,No,Mumbai
9355,Male,26-35,Regular,Yes,Bhubaneswar
9356,Female,26-35,Regular,No,Nagpur
9357,Female,36-45,Budget,Yes,Bhubaneswar
9358,Male,26-35,Regular,Yes,Bhubaneswar
9359,Male,18-25,Business,No,Surat
9360,Male,46-60,Budget,Yes,Bengaluru
9361,Female,26-35,Regular,No,Indore
9362,Male,18-25,Budget,Yes,Ahmedabad
9363,Male,26-35,Regular,No,Lucknow
9364,Male,46-60,Regular,No,Jaipur
9365,Male,26-35,Premium,Yes,Mumbai
9366,Female,46-60,Premium,No,Indore
9367,Male,36-45,Budget,Yes,Mumbai
9368,Female,36-45,Premium,No,Lucknow
9369,Male,60+,Budget,No,Chennai
9370,Male,26-35,Regular,No,Jaipur
9371,Male,46-60,Business,Yes,Surat
9372,Female,18-25,Regular,No,Indore
9373,Male,46-60,Regular,No,Ahmedabad
9374,Male,36-45,Budget,Yes,Delhi
9375,Male,26-35,Regular,Yes,Jaipur
9376,Female,18-25,Budget,No,Ahmedabad
9377,Female,36-45,Budget,Yes,Delhi
9378,Female,60+,Regular,Yes,Pune
9379,Female,60+,Regular,No,Hyderabad
9380,Female,46-60,Premium,No,Surat
9381,Male,46-60,Regular,No,Pune
9382,Male,26-35,Budget,Yes,Nagpur
9383,Female,60+,Regular,No,Hyderabad
9384,Male,36-45,Premium,Yes,Pune
9385,Male,18-25,Business,No,Hyderabad
9386,Male,26-35,Budget,Yes,Bengaluru
9387,Male,36-45,Regular,No,Jaipur
9388,Male,26-35,Premium,Yes,Bengaluru
9389,Female,26-35,Premium,Yes,Surat
9390,Male,26-35,Premium,Yes,Hyderabad
9391,Male,26-35,Premium,No,Pune
9392,Female,18-25,Budget,No,Pune
9393,Female,26-35,Budget,Yes,Nagpur
9394,Male,18-25,Premium,No,Jaipur
9395,Female,26-35,Regular,Yes,Nagpur
9396,Female,60+,Regular,Yes,Jaipur
9397,Female,36-45,Business,No,Pune
9398,Female,26-35,Regular,Yes,Bengaluru
9399,Male,26-35,Regular,No,Bengaluru
9400,Female,18-25,Regular,No,Hyderabad
9401,Female,46-60,Budget,No,Chandigarh
9402,Male,26-35,Budget,Yes,Hyderabad
9403,Female,18-25,Budget,No,Surat
9404,Female,26-35,Budget,No,Mumbai
9405,Male,36-45,Budget,Yes,Bengaluru
9406,Male,36-45,Budget,No,Chennai
9407,Male,26-35,Premium,Yes,Ahmedabad
9408,Male,26-35,Regular,No,Kochi
9409,Female,36-45,Budget,No,Pune
9410,Female,26-35,Regular,No,Jaipur
9411,Male,36-45,Regular,No,Pune
9412,Male,46-60,Budget,Yes,Surat
9413,Female,46-60,Regular,Yes,Pune
9414,Female,26-35,Budget,No,Lucknow
9415,Female,46-60,Premium,No,Chandigarh
9416,Male,26-35,Budget,Yes,Bhubaneswar
9417,Female,26-35,Regular,Yes,Delhi
9418,Female,18-25,Business,No,Bhubaneswar
9419,Male,36-45,Business,No,Surat
9420,Female,18-25,Budget,Yes,Surat
9421,Male,26-35,Regular,No,Kochi
9422,Male,46-60,Budget,No,Bengaluru
9423,Female,46-60,Budget,No,Kochi
9424,Female,26-35,Regular,Yes,Chandigarh
9425,Male,36-45,Regular,No,Delhi
9426,Male,18-25,Regular,Yes,Hyderabad
9427,Male,36-45,Premium,Yes,Chennai
9428,Female,18-25,Budget,No,Jaipur
9429,Male,26-35,Budget,No,Delhi
9430,Female,18-25,Regular,Yes,Bhubaneswar
9431,Male,36-45,Regular,No,Mumbai
9432,Male,26-35,Regular,No,Kochi
9433,Female,26-35,Premium,No,Ahmedabad
9434,Male,60+,Budget,Yes,Kochi
9435,Female,36-45,Regular,Yes,Bhubaneswar
9436,Male,18-25,Budget,No,Jaipur
9437,Female,26-35,Regular,No,Ahmedabad
9438,Male,18-25,Budget,No,Delhi
9439,Female,26-35,Budget,No,Hyderabad
9440,Male,18-25,Budget,Yes,Surat
9441,Female,18-25,Budget,Yes,Nagpur
9442,Male,46-60,Budget,Yes,Jaipur
9443,Male,36-45,Budget,No,Bhubaneswar
9444,Male,26-35,Premium,No,Lucknow
9445,Male,36-45,Regular,Yes,Surat
9446,Female,36-45,Regular,Yes,Nagpur
9447,Male,46-60,Budget,No,Bhubaneswar
9448,Female,46-60,Regular,No,Nagpur
9449,Female,18-25,Premium,Yes,Delhi
9450,Female,26-35,Premium,No,Bhubaneswar
9451,Female,18-25,Regular,No,Bengaluru
9452,Female,26-35,Budget,Yes,Ahmedabad
9453,Male,18-25,Budget,Yes,Ahmedabad
9454,Male,46-60,Regular,No,Surat
9455,Female,26-35,Premium,No,Chennai
9456,Male,46-60,Business,No,Delhi
9457,Male,46-60,Premium,No,Mumbai
9458,Male,26-35,Premium,No,Surat
9459,Female,18-25,Business,No,Jaipur
9460,Female,36-45,Budget,Yes,Nagpur
9461,Female,18-25,Regular,Yes,Bengaluru
9462,Female,26-35,Regular,No,Mumbai
9463,Male,18-25,Business,No,Jaipur
9464,Male,36-45,Budget,Yes,Bengaluru
9465,Female,26-35,Budget,Yes,Chandigarh
9466,Female,26-35,Regular,No,Surat
9467,Female,36-45,Budget,No,Nagpur
9468,Male,46-60,Business,No,Jaipur
9469,Male,36-45,Budget,Yes,Nagpur
9470,Female,36-45,Regular,Yes,Nagpur
9471,Male,46-60,Budget,Yes,Ahmedabad
9472,Female,46-60,Regular,Yes,Kochi
9473,Male,26-35,Budget,No,Indore
9474,Female,46-60,Regular,No,Kochi
9475,Female,36-45,Budget,Yes,Indore
9476,Female,26-35,Budget,Yes,Surat
9477,Female,18-25,Regular,Yes,Jaipur
9478,Male,36-45,Budget,No,Hyderabad
9479,Male,18-25,Regular,No,Bengaluru
9480,Female,26-35,Premium,No,Bhubaneswar
9481,Female,18-25,Budget,No,Pune
9482,Female,60+,Budget,No,Surat
9483,Male,18-25,Budget,No,Kochi
9484,Male,46-60,Budget,Yes,Kochi
9485,Female,26-35,Regular,Yes,Hyderabad
9486,Male,60+,Budget,No,Nagpur
9487,Female,36-45,Budget,Yes,Hyderabad
9488,Male,60+,Budget,Yes,Hyderabad
9489,Female,46-60,Premium,No,Bhubaneswar
9490,Male,36-45,Regular,Yes,Bhubaneswar
9491,Male,18-25,Business,No,Bhubaneswar
9492,Female,18-25,Premium,No,Hyderabad
9493,Female,26-35,Budget,Yes,Indore
9494,Male,18-25,Budget,Yes,Delhi
9495,Male,36-45,Regular,No,Mumbai
9496,Male,36-45,Budget,Yes,Surat
9497,Female,46-60,Regular,Yes,Bengaluru
9498,Male,26-35,Regular,Yes,Nagpur
9499,Female,18-25,Regular,No,Nagpur
9500,Male,18-25,Regular,No,Nagpur
9501,Male,18-25,Regular,Yes,Bhubaneswar
9502,Male,18-25,Regular,Yes,Chandigarh
9503,Male,36-45,Regular,Yes,Bengaluru
9504,Female,36-45,Regular,Yes,Pune
9505,Male,26-35,Budget,Yes,Chandigarh
9506,Female,26-35,Business,No,Hyderabad
9507,Female,26-35,Regular,Yes,Hyderabad
9508,Female,60+,Budget,Yes,Kochi
9509,Male,26-35,Budget,No,Chennai
9510,Male,46-60,Budget,No,Nagpur
9511,Female,46-60,Business,Yes,Chandigarh
9512,Male,46-60,Business,No,Chennai
9513,Female,26-35,Regular,No,Kochi
9514,Female,46-60,Regular,No,Kochi
9515,Female,26-35,Budget,No,Surat
9516,Female,18-25,Premium,Yes,Lucknow
9517,Male,36-45,Business,No,Lucknow
9518,Male,18-25,Premium,No,Pune
9519,Female,18-25,Budget,Yes,Bhubaneswar
9520,Male,18-25,Business,Yes,Chandigarh
9521,Male,18-25,Regular,No,Chennai
9522,Female,46-60,Premium,Yes,Surat
9523,Male,36-45,Budget,No,Pune
9524,Female,46-60,Regular,No,Jaipur
9525,Male,26-35,Regular,Yes,Kochi
9526,Male,18-25,Premium,No,Pune
9527,Female,36-45,Regular,Yes,Chandigarh
9528,Male,46-60,Regular,No,Hyderabad
9529,Female,36-45,Regular,Yes,Pune
9530,Male,26-35,Budget,No,Hyderabad
9531,Male,18-25,Regular,No,Lucknow
9532,Female,26-35,Regular,Yes,Mumbai
9533,Male,26-35,Budget,Yes,Jaipur
9534,Male,18-25,Budget,No,Nagpur
9535,Female,26-35,Budget,No,Mumbai
9536,Female,46-60,Premium,No,Jaipur
9537,Male,26-35,Budget,No,Hyderabad
9538,Male,46-60,Regular,No,Kochi
9539,Male,26-35,Budget,No,Nagpur
9540,Female,46-60,Regular,No,Bengaluru
9541,Male,26-35,Regular,Yes,Hyderabad
9542,Male,46-60,Budget,No,Bhubaneswar
9543,Female,36-45,Regular,No,Ahmedabad
9544,Female,18-25,Regular,No,Bengaluru
9545,Male,18-25,Regular,Yes,Hyderabad
9546,Female,18-25,Regular,No,Indore
9547,Male,60+,Regular,No,Ahmedabad
9548,Female,26-35,Budget,No,Lucknow
9549,Female,26-35,Premium,Yes,Indore
9550,Male,18-25,Budget,Yes,Indore
9551,Female,26-35,Premium,No,Ahmedabad
9552,Male,18-25,Budget,No,Delhi
9553,Male,36-45,Regular,No,Delhi
9554,Male,36-45,Business,Yes,Bhubaneswar
9555,Male,18-25,Budget,Yes,Kochi
9556,Female,18-25,Budget,No,Chandigarh
9557,Male,46-60,Premium,No,Kochi
9558,Female,26-35,Business,Yes,Lucknow
9559,Male,18-25,Budget,Yes,Chandigarh
9560,Female,36-45,Regular,No,Jaipur
9561,Female,46-60,Business,Yes,Jaipur
9562,Female,46-60,Premium,No,Surat
9563,Male,36-45,Budget,Yes,Lucknow
9564,Male,36-45,Regular,No,Nagpur
9565,Female,26-35,Budget,No,Hyderabad
9566,Male,26-35,Premium,Yes,Lucknow
9567,Female,18-25,Budget,No,Delhi
9568,Male,46-60,Business,Yes,Kochi
9569,Female,36-45,Regular,Yes,Indore
9570,Female,26-35,Budget,Yes,Ahmedabad
9571,Female,36-45,Premium,Yes,Surat
9572,Female,18-25,Regular,No,Chennai
9573,Female,18-25,Budget,No,Chandigarh
9574,Male,26-35,Regular,No,Ahmedabad
9575,Male,46-60,Premium,Yes,Bhubaneswar
9576,Female,18-25,Regular,Yes,Lucknow
9577,Male,36-45,Budget,No,Chandigarh
9578,Male,26-35,Regular,No,Kochi
9579,Male,36-45,Budget,No,Indore
9580,Female,46-60,Budget,No,Surat
9581,Male,46-60,Budget,Yes,Bengaluru
9582,Female,36-45,Regular,Yes,Mumbai
9583,Female,36-45,Regular,No,Mumbai
9584,Male,26-35,Premium,No,Chandigarh
9585,Male,36-45,Regular,Yes,Chennai
9586,Female,46-60,Budget,No,Indore
9587,Female,26-35,Premium,Yes,Pune
9588,Female,46-60,Budget,No,Hyderabad
9589,Male,36-45,Budget,Yes,Indore
9590,Female,46-60,Regular,No,Bhubaneswar
9591,Male,60+,Premium,Yes,Bhubaneswar
9592,Male,26-35,Regular,Yes,Ahmedabad
9593,Female,18-25,Premium,No,Bhubaneswar
9594,Female,18-25,Regular,No,Hyderabad
9595,Female,18-25,Budget,No,Pune
9596,Male,26-35,Premium,No,Mumbai
9597,Male,26-35,Premium,Yes,Hyderabad
9598,Female,46-60,Regular,Yes,Delhi
9599,Female,26-35,Regular,Yes,Lucknow
9600,Male,18-25,Budget,Yes,Pune
9601,Male,36-45,Premium,No,Surat
9602,Male,46-60,Regular,Yes,Lucknow
9603,Female,60+,Budget,No,Nagpur
9604,Female,18-25,Premium,No,Chennai
9605,Female,36-45,Budget,Yes,Bhubaneswar
9606,Female,26-35,Regular,No,Ahmedabad
9607,Male,26-35,Regular,No,Ahmedabad
9608,Female,18-25,Budget,No,Bhubaneswar
9609,Male,36-45,Budget,Yes,Chennai
9610,Male,26-35,Premium,No,Lucknow
9611,Female,46-60,Budget,Yes,Surat
9612,Female,26-35,Regular,No,Bengaluru
9613,Male,46-60,Regular,No,Ahmedabad
9614,Male,46-60,Regular,Yes,Surat
9615,Female,26-35,Budget,Yes,Hyderabad
9616,Female,26-35,Premium,Yes,Chennai
9617,Male,26-35,Business,No,Jaipur
9618,Female,18-25,Budget,Yes,Kochi
9619,Male,26-35,Budget,No,Kochi
9620,Male,36-45,Budget,No,Chandigarh
9621,Male,26-35,Budget,No,Nagpur
9622,Female,46-60,Budget,Yes,Chandigarh
9623,Female,26-35,Regular,No,Kochi
9624,Female,26-35,Regular,No,Bhubaneswar
9625,Female,36-45,Business,Yes,Lucknow
9626,Female,18-25,Regular,No,Nagpur
9627,Female,26-35,Premium,Yes,Chennai
9628,Female,36-45,Premium,Yes,Chandigarh
9629,Female,18-25,Business,No,Nagpur
9630,Male,46-60,Premium,No,Lucknow
9631,Female,26-35,Regular,No,Bhubaneswar
9632,Female,18-25,Regular,No,Surat
9633,Female,18-25,Budget,No,Delhi
9634,Male,26-35,Business,No,Hyderabad
9635,Female,60+,Budget,Yes,Mumbai
9636,Male,26-35,Premium,No,Pune
9637,Female,26-35,Premium,Yes,Bengaluru
9638,Female,46-60,Budget,No,Delhi
9639,Male,36-45,Business,No,Mumbai
9640,Female,26-35,Regular,Yes,Indore
9641,Male,36-45,Regular,Yes,Ahmedabad
9642,Male,18-25,Regular,No,Indore
9643,Female,36-45,Business,Yes,Chandigarh
9644,Male,60+,Premium,No,Ahmedabad
9645,Male,36-45,Budget,Yes,Mumbai
9646,Female,26-35,Regular,No,Chennai
9647,Male,18-25,Budget,No,Nagpur
9648,Female,18-25,Budget,No,Bhubaneswar
9649,Male,60+,Budget,Yes,Bhubaneswar
9650,Female,18-25,Budget,Yes,Jaipur
9651,Male,18-25,Premium,No,Hyderabad
9652,Male,26-35,Premium,Yes,Chennai
9653,Female,46-60,Regular,No,Chandigarh
9654,Female,46-60,Budget,Yes,Ahmedabad
9655,Female,36-45,Regular,No,Jaipur
9656,Male,26-35,Regular,Yes,Chandigarh
9657,Male,18-25,Premium,No,Jaipur
9658,Female,60+,Premium,No,Pune
9659,Female,26-35,Business,No,Kochi
9660,Female,36-45,Budget,No,Hyderabad
9661,Female,18-25,Budget,No,Surat
9662,Female,26-35,Regular,No,Ahmedabad
9663,Female,46-60,Business,Yes,Delhi
9664,Male,26-35,Budget,No,Ahmedabad
9665,Male,36-45,Regular,Yes,Pune
9666,Male,46-60,Budget,Yes,Jaipur
9667,Female,26-35,Premium,No,Chandigarh
9668,Female,36-45,Regular,No,Kochi
9669,Female,46-60,Budget,No,Delhi
9670,Female,26-35,Budget,Yes,Kochi
9671,Male,26-35,Budget,Yes,Surat
9672,Male,26-35,Regular,No,Lucknow
9673,Female,46-60,Business,Yes,Bhubaneswar
9674,Female,26-35,Regular,Yes,Chennai
9675,Female,36-45,Premium,Yes,Kochi
9676,Male,26-35,Regular,No,Indore
9677,Female,26-35,Budget,Yes,Indore
9678,Female,26-35,Regular,Yes,Delhi
9679,Female,26-35,Premium,No,Kochi
9680,Female,26-35,Regular,Yes,Kochi
9681,Female,26-35,Budget,No,Indore
9682,Male,18-25,Business,Yes,Delhi
9683,Female,18-25,Business,Yes,Pune
9684,Male,36-45,Regular,Yes,Bengaluru
9685,Female,46-60,Regular,Yes,Pune
9686,Female,26-35,Regular,No,Pune
9687,Female,26-35,Premium,Yes,Chennai
9688,Female,26-35,Premium,Yes,Bengaluru
9689,Male,26-35,Business,Yes,Hyderabad
9690,Female,26-35,Budget,Yes,Mumbai
9691,Female,26-35,Regular,No,Surat
9692,Female,36-45,Regular,No,Chandigarh
9693,Male,36-45,Budget,No,Indore
9694,Male,36-45,Premium,Yes,Indore
9695,Male,36-45,Regular,Yes,Lucknow
9696,Male,26-35,Regular,No,Bhubaneswar
9697,Female,60+,Business,Yes,Mumbai
9698,Male,36-45,Business,Yes,Mumbai
9699,Male,26-35,Budget,No,Hyderabad
9700,Male,18-25,Budget,No,Jaipur
9701,Female,46-60,Regular,Yes,Indore
9702,Male,46-60,Regular,No,Indore
9703,Female,18-25,Regular,No,Bengaluru
9704,Male,26-35,Regular,No,Ahmedabad
9705,Male,26-35,Regular,No,Chandigarh
9706,Female,60+,Regular,No,Jaipur
9707,Female,18-25,Regular,No,Chandigarh
9708,Female,26-35,Business,Yes,Mumbai
9709,Male,26-35,Regular,No,Ahmedabad
9710,Male,36-45,Budget,No,Pune
9711,Male,18-25,Business,Yes,Bengaluru
9712,Female,26-35,Budget,Yes,Hyderabad
9713,Female,46-60,Regular,No,Ahmedabad
9714,Female,18-25,Regular,No,Mumbai
9715,Male,46-60,Regular,Yes,Bengaluru
9716,Male,36-45,Budget,No,Jaipur
9717,Female,36-45,Regular,Yes,Pune
9718,Male,36-45,Budget,Yes,Lucknow
9719,Female,26-35,Regular,No,Chandigarh
9720,Female,26-35,Premium,Yes,Surat
9721,Female,36-45,Business,No,Chandigarh
9722,Female,18-25,Business,No,Nagpur
9723,Female,36-45,Regular,Yes,Chennai
9724,Female,26-35,Regular,No,Pune
9725,Female,46-60,Business,Yes,Chennai
9726,Male,26-35,Regular,Yes,Indore
9727,Female,26-35,Business,No,Kochi
9728,Female,46-60,Budget,No,Bengaluru
9729,Female,46-60,Regular,Yes,Ahmedabad
9730,Female,18-25,Business,Yes,Hyderabad
9731,Female,46-60,Premium,No,Jaipur
9732,Female,36-45,Premium,No,Bhubaneswar
9733,Male,46-60,Regular,No,Kochi
9734,Female,36-45,Budget,Yes,Mumbai
9735,Male,18-25,Budget,No,Chandigarh
9736,Male,18-25,Budget,Yes,Nagpur
9737,Male,60+,Regular,No,Ahmedabad
9738,Male,46-60,Regular,No,Pune
9739,Female,26-35,Regular,No,Nagpur
9740,Male,18-25,Business,Yes,Pune
9741,Female,26-35,Budget,No,Mumbai
9742,Female,36-45,Budget,No,Mumbai
9743,Male,26-35,Regular,No,Nagpur
9744,Female,36-45,Budget,Yes,Delhi
9745,Female,36-45,Business,No,Indore
9746,Male,18-25,Premium,No,Chandigarh
9747,Male,36-45,Premium,Yes,Ahmedabad
9748,Female,26-35,Premium,No,Mumbai
9749,Male,26-35,Premium,No,Kochi
9750,Male,46-60,Business,No,Hyderabad
9751,Female,46-60,Budget,Yes,Bengaluru
9752,Female,18-25,Regular,No,Bhubaneswar
9753,Male,36-45,Business,Yes,Indore
9754,Female,18-25,Regular,Yes,Delhi
9755,Male,36-45,Premium,No,Ahmedabad
9756,Male,26-35,Budget,No,Indore
9757,Female,26-35,Regular,No,Kochi
9758,Female,26-35,Business,Yes,Indore
9759,Female,26-35,Regular,Yes,Delhi
9760,Male,46-60,Regular,No,Chennai
9761,Female,26-35,Premium,Yes,Chandigarh
9762,Female,26-35,Budget,No,Jaipur
9763,Male,46-60,Budget,No,Bengaluru
9764,Female,26-35,Business,No,Ahmedabad
9765,Male,18-25,Premium,Yes,Ahmedabad
9766,Male,46-60,Business,No,Nagpur
9767,Female,26-35,Regular,No,Delhi
9768,Male,60+,Premium,No,Delhi
9769,Female,36-45,Budget,No,Indore
9770,Male,46-60,Regular,Yes,Kochi
9771,Male,46-60,Regular,No,Jaipur
9772,Male,46-60,Regular,Yes,Chennai
9773,Female,46-60,Regular,No,Surat
9774,Female,46-60,Regular,No,Mumbai
9775,Female,26-35,Regular,Yes,Delhi
9776,Female,18-25,Budget,Yes,Bhubaneswar
9777,Male,18-25,Regular,Yes,Chandigarh
9778,Female,36-45,Regular,Yes,Chandigarh
9779,Male,46-60,Budget,No,Bengaluru
9780,Male,18-25,Premium,Yes,Surat
9781,Female,26-35,Regular,Yes,Chennai
9782,Female,26-35,Premium,Yes,Bhubaneswar
9783,Female,26-35,Regular,Yes,Hyderabad
9784,Female,60+,Premium,Yes,Bengaluru
9785,Male,36-45,Regular,Yes,Nagpur
9786,Male,36-45,Business,Yes,Pune
9787,Male,26-35,Regular,No,Nagpur
9788,Male,46-60,Regular,Yes,Pune
9789,Female,26-35,Budget,Yes,Surat
9790,Female,26-35,Regular,Yes,Mumbai
9791,Male,46-60,Regular,Yes,Nagpur
9792,Male,26-35,Regular,No,Nagpur
9793,Male,60+,Premium,No,Bhubaneswar
9794,Female,26-35,Regular,Yes,Chennai
9795,Female,46-60,Budget,Yes,Jaipur
9796,Female,26-35,Premium,No,Ahmedabad
9797,Female,36-45,Regular,No,Lucknow
9798,Female,26-35,Premium,No,Hyderabad
9799,Female,36-45,Premium,Yes,Nagpur
9800,Male,36-45,Regular,No,Nagpur
9801,Male,26-35,Budget,No,Chennai
9802,Male,18-25,Regular,No,Bhubaneswar
9803,Female,36-45,Business,No,Ahmedabad
9804,Female,26-35,Regular,Yes,Mumbai
9805,Male,36-45,Regular,Yes,Bengaluru
9806,Male,26-35,Business,No,Lucknow
9807,Male,36-45,Regular,No,Chandigarh
9808,Male,46-60,Budget,Yes,Hyderabad
9809,Female,26-35,Budget,No,Nagpur
9810,Male,26-35,Budget,No,Chennai
9811,Male,26-35,Budget,No,Kochi
9812,Female,36-45,Budget,No,Ahmedabad
9813,Female,36-45,Budget,No,Nagpur
9814,Female,36-45,Business,No,Lucknow
9815,Female,36-45,Budget,No,Mumbai
9816,Female,26-35,Regular,Yes,Chandigarh
9817,Female,18-25,Budget,No,Chennai
9818,Female,26-35,Regular,No,Chandigarh
9819,Male,26-35,Regular,No,Jaipur
9820,Female,18-25,Premium,No,Lucknow
9821,Female,26-35,Budget,Yes,Mumbai
9822,Male,26-35,Budget,No,Pune
9823,Female,26-35,Business,No,Pune
9824,Female,46-60,Budget,Yes,Lucknow
9825,Female,26-35,Regular,Yes,Mumbai
9826,Male,60+,Budget,Yes,Nagpur
9827,Male,18-25,Regular,Yes,Jaipur
9828,Female,26-35,Regular,No,Surat
9829,Female,60+,Budget,No,Chandigarh
9830,Female,26-35,Premium,Yes,Pune
9831,Male,26-35,Budget,No,Lucknow
9832,Male,36-45,Regular,No,Mumbai
9833,Male,36-45,Budget,Yes,Jaipur
9834,Female,18-25,Business,Yes,Chennai
9835,Female,26-35,Premium,No,Indore
9836,Female,26-35,Regular,No,Hyderabad
9837,Female,36-45,Regular,No,Surat
9838,Female,26-35,Premium,Yes,Surat
9839,Female,26-35,Regular,Yes,Lucknow
9840,Male,36-45,Regular,Yes,Surat
9841,Female,46-60,Premium,No,Delhi
9842,Female,26-35,Budget,No,Bhubaneswar
9843,Female,36-45,Budget,No,Delhi
9844,Male,26-35,Regular,No,Chennai
9845,Male,18-25,Regular,Yes,Surat
9846,Male,46-60,Regular,Yes,Jaipur
9847,Female,26-35,Budget,Yes,Jaipur
9848,Female,46-60,Regular,Yes,Ahmedabad
9849,Male,26-35,Business,Yes,Bengaluru
9850,Male,26-35,Budget,Yes,Delhi
9851,Female,26-35,Budget,No,Bengaluru
9852,Female,46-60,Budget,No,Hyderabad
9853,Female,46-60,Regular,Yes,Indore
9854,Female,26-35,Budget,No,Mumbai
9855,Male,36-45,Budget,Yes,Ahmedabad
9856,Male,26-35,Regular,No,Indore
9857,Female,36-45,Budget,Yes,Nagpur
9858,Female,18-25,Budget,No,Hyderabad
9859,Male,26-35,Regular,No,Mumbai
9860,Male,36-45,Budget,Yes,Ahmedabad
9861,Female,18-25,Budget,No,Nagpur
9862,Male,18-25,Budget,No,Ahmedabad
9863,Female,36-45,Budget,Yes,Lucknow
9864,Female,46-60,Budget,No,Indore
9865,Male,18-25,Regular,No,Chennai
9866,Female,26-35,Regular,Yes,Mumbai
9867,Female,26-35,Budget,Yes,Indore
9868,Female,60+,Budget,No,Pune
9869,Female,26-35,Regular,Yes,Hyderabad
9870,Male,18-25,Regular,Yes,Bhubaneswar
9871,Female,26-35,Regular,Yes,Bengaluru
9872,Female,18-25,Regular,No,Hyderabad
9873,Female,26-35,Budget,No,Chennai
9874,Female,26-35,Premium,No,Bhubaneswar
9875,Female,46-60,Regular,No,Lucknow
9876,Male,26-35,Regular,Yes,Hyderabad
9877,Male,46-60,Budget,No,Chennai
9878,Male,60+,Budget,No,Kochi
9879,Female,46-60,Budget,Yes,Pune
9880,Female,60+,Business,Yes,Ahmedabad
9881,Male,60+,Regular,No,Kochi
9882,Female,46-60,Regular,No,Chennai
9883,Male,36-45,Premium,Yes,Ahmedabad
9884,Male,18-25,Budget,Yes,Mumbai
9885,Female,60+,Budget,Yes,Nagpur
9886,Female,36-45,Budget,No,Mumbai
9887,Female,46-60,Budget,Yes,Hyderabad
9888,Male,26-35,Budget,Yes,Mumbai
9889,Male,18-25,Regular,Yes,Hyderabad
9890,Male,26-35,Budget,No,Chennai
9891,Female,26-35,Budget,Yes,Delhi
9892,Male,36-45,Regular,No,Surat
9893,Male,26-35,Regular,No,Mumbai
9894,Male,36-45,Regular,Yes,Ahmedabad
9895,Female,26-35,Budget,Yes,Ahmedabad
9896,Female,46-60,Budget,Yes,Chandigarh
9897,Female,26-35,Regular,Yes,Indore
9898,Male,26-35,Regular,Yes,Indore
9899,Female,26-35,Budget,No,Pune
9900,Male,46-60,Budget,Yes,Bhubaneswar
9901,Male,18-25,Regular,Yes,Pune
9902,Male,36-45,Premium,No,Indore
9903,Female,26-35,Budget,No,Pune
9904,Male,36-45,Business,No,Indore
9905,Male,46-60,Business,No,Mumbai
9906,Female,26-35,Regular,No,Chandigarh
9907,Male,36-45,Budget,No,Mumbai
9908,Male,26-35,Budget,Yes,Chandigarh
9909,Female,46-60,Regular,No,Mumbai
9910,Female,26-35,Business,No,Nagpur
9911,Female,26-35,Premium,Yes,Bengaluru
9912,Female,46-60,Regular,No,Ahmedabad
9913,Male,26-35,Regular,Yes,Surat
9914,Female,26-35,Budget,No,Nagpur
9915,Female,46-60,Premium,Yes,Surat
9916,Female,36-45,Premium,No,Hyderabad
9917,Female,26-35,Regular,Yes,Chennai
9918,Male,36-45,Budget,Yes,Jaipur
9919,Female,18-25,Premium,No,Chandigarh
9920,Female,26-35,Regular,No,Nagpur
9921,Female,46-60,Regular,Yes,Indore
9922,Male,18-25,Budget,No,Chennai
9923,Male,18-25,Budget,Yes,Indore
9924,Female,18-25,Premium,No,Kochi
9925,Male,36-45,Regular,No,Bengaluru
9926,Male,26-35,Budget,No,Chandigarh
9927,Female,18-25,Business,No,Bhubaneswar
9928,Male,36-45,Budget,Yes,Bhubaneswar
9929,Male,60+,Budget,No,Chandigarh
9930,Female,26-35,Regular,Yes,Kochi
9931,Female,26-35,Budget,No,Nagpur
9932,Male,26-35,Regular,No,Pune
9933,Male,46-60,Regular,No,Hyderabad
9934,Male,26-35,Budget,No,Bengaluru
9935,Male,46-60,Regular,Yes,Kochi
9936,Female,26-35,Regular,No,Kochi
9937,Female,26-35,Premium,Yes,Pune
9938,Male,18-25,Budget,Yes,Bengaluru
9939,Female,18-25,Premium,No,Chennai
9940,Male,36-45,Premium,No,Chennai
9941,Female,36-45,Budget,Yes,Jaipur
9942,Female,46-60,Regular,No,Delhi
9943,Male,18-25,Premium,No,Mumbai
9944,Female,18-25,Regular,Yes,Pune
9945,Male,26-35,Premium,No,Chandigarh
9946,Female,46-60,Budget,Yes,Jaipur
9947,Female,36-45,Regular,No,Hyderabad
9948,Male,26-35,Premium,Yes,Bengaluru
9949,Male,26-35,Regular,Yes,Delhi
9950,Female,60+,Budget,No,Delhi
9951,Female,36-45,Business,Yes,Indore
9952,Male,18-25,Business,Yes,Nagpur
9953,Male,36-45,Regular,No,Mumbai
9954,Male,18-25,Premium,No,Lucknow
9955,Female,46-60,Regular,Yes,Chandigarh
9956,Male,60+,Regular,No,Delhi
9957,Male,26-35,Business,No,Chandigarh
9958,Male,46-60,Premium,No,Pune
9959,Male,26-35,Regular,No,Kochi
9960,Female,18-25,Premium,No,Ahmedabad
9961,Male,26-35,Budget,Yes,Nagpur
9962,Female,26-35,Budget,Yes,Nagpur
9963,Female,36-45,Regular,No,Pune
9964,Female,26-35,Budget,Yes,Indore
9965,Male,26-35,Regular,No,Jaipur
9966,Female,26-35,Regular,No,Mumbai
9967,Male,26-35,Budget,Yes,Ahmedabad
9968,Female,26-35,Budget,Yes,Delhi
9969,Female,18-25,Premium,No,Delhi
9970,Male,60+,Budget,No,Ahmedabad
9971,Male,46-60,Budget,Yes,Chandigarh
9972,Female,26-35,Budget,Yes,Chandigarh
9973,Female,46-60,Regular,Yes,Nagpur
9974,Female,46-60,Budget,No,Kochi
9975,Male,26-35,Regular,No,Chennai
9976,Female,36-45,Regular,No,Ahmedabad
9977,Female,36-45,Regular,Yes,Ahmedabad
9978,Female,36-45,Budget,No,Nagpur
9979,Male,26-35,Premium,Yes,Delhi
9980,Male,46-60,Regular,No,Bengaluru
9981,Female,36-45,Regular,Yes,Surat
9982,Male,26-35,Budget,No,Jaipur
9983,Female,18-25,Budget,Yes,Indore
9984,Male,60+,Regular,Yes,Kochi
9985,Female,36-45,Budget,Yes,Kochi
9986,Male,46-60,Business,Yes,Pune
9987,Female,36-45,Premium,No,Lucknow
9988,Male,36-45,Regular,Yes,Kochi
9989,Female,36-45,Business,Yes,Indore
9990,Female,60+,Premium,Yes,Indore
9991,Female,46-60,Regular,Yes,Jaipur
9992,Male,46-60,Regular,Yes,Delhi
9993,Female,36-45,Premium,Yes,Nagpur
9994,Male,18-25,Regular,No,Surat
9995,Male,46-60,Budget,Yes,Delhi
9996,Female,36-45,Regular,No,Surat
9997,Male,36-45,Budget,No,Surat
9998,Male,26-35,Regular,Yes,Bengaluru
9999,Male,26-35,Budget,No,Bengaluru
10000,Female,18-25,Budget,Yes,Lucknow
10001,Female,36-45,Budget,Yes,Kochi
10002,Female,36-45,Business,Yes,Jaipur
10003,Female,46-60,Regular,No,Jaipur
10004,Female,18-25,Budget,Yes,Surat
10005,Female,26-35,Premium,No,Indore
10006,Female,26-35,Budget,Yes,Chennai
10007,Male,46-60,Budget,No,Chennai
10008,Female,46-60,Regular,Yes,Ahmedabad
10009,Female,18-25,Regular,No,Indore
10010,Male,26-35,Premium,No,Bengaluru
10011,Male,36-45,Budget,Yes,Bhubaneswar
10012,Male,36-45,Premium,No,Chennai
10013,Female,26-35,Regular,No,Mumbai
10014,Male,60+,Budget,Yes,Hyderabad
10015,Female,18-25,Business,No,Bhubaneswar
10016,Male,26-35,Budget,No,Chennai
10017,Male,18-25,Premium,Yes,Surat
10018,Female,36-45,Budget,No,Lucknow
10019,Female,36-45,Premium,Yes,Mumbai
10020,Female,46-60,Business,No,Chandigarh
10021,Male,46-60,Regular,No,Lucknow
10022,Male,26-35,Regular,Yes,Chandigarh
10023,Female,26-35,Regular,No,Hyderabad
10024,Female,26-35,Budget,Yes,Chandigarh
10025,Female,36-45,Budget,No,Bengaluru
10026,Male,26-35,Regular,Yes,Mumbai
10027,Female,26-35,Premium,Yes,Mumbai
10028,Female,36-45,Budget,Yes,Bhubaneswar
10029,Female,18-25,Premium,Yes,Ahmedabad
10030,Male,46-60,Budget,No,Hyderabad
10031,Male,46-60,Premium,No,Mumbai
10032,Female,36-45,Premium,No,Lucknow
10033,Male,46-60,Budget,Yes,Surat
10034,Female,18-25,Business,Yes,Surat
10035,Female,36-45,Premium,Yes,Hyderabad
10036,Male,18-25,Business,No,Indore
10037,Male,36-45,Business,No,Chennai
10038,Female,26-35,Regular,No,Pune
10039,Male,26-35,Regular,Yes,Ahmedabad
10040,Female,46-60,Budget,No,Indore
10041,Male,26-35,Premium,No,Lucknow
10042,Male,26-35,Regular,No,Surat
10043,Female,60+,Premium,No,Chandigarh
10044,Female,26-35,Regular,No,Delhi
10045,Male,60+,Business,No,Delhi
10046,Male,36-45,Business,Yes,Bengaluru
10047,Male,46-60,Regular,Yes,Surat
10048,Female,26-35,Regular,Yes,Chennai
10049,Female,18-25,Regular,No,Indore
10050,Male,36-45,Regular,Yes,Pune
10051,Male,26-35,Budget,No,Nagpur
10052,Female,18-25,Budget,Yes,Pune
10053,Male,26-35,Budget,Yes,Mumbai
10054,Male,26-35,Premium,Yes,Ahmedabad
10055,Female,36-45,Budget,No,Nagpur
10056,Male,46-60,Premium,Yes,Chennai
10057,Male,26-35,Business,No,Delhi
10058,Male,26-35,Regular,No,Bhubaneswar
10059,Male,26-35,Regular,Yes,Lucknow
10060,Female,26-35,Budget,Yes,Chennai
10061,Female,18-25,Premium,Yes,Bengaluru
10062,Male,36-45,Budget,No,Bhubaneswar
10063,Male,26-35,Budget,No,Ahmedabad
10064,Female,60+,Business,No,Chandigarh
10065,Male,18-25,Regular,Yes,Jaipur
10066,Female,26-35,Budget,Yes,Indore
10067,Female,18-25,Regular,Yes,Surat
10068,Male,46-60,Regular,Yes,Kochi
10069,Male,46-60,Business,No,Lucknow
10070,Female,36-45,Regular,No,Chennai
10071,Female,26-35,Premium,No,Mumbai
10072,Female,18-25,Regular,No,Pune
10073,Female,18-25,Budget,Yes,Ahmedabad
10074,Male,46-60,Premium,No,Jaipur
10075,Male,26-35,Budget,No,Bengaluru
10076,Male,36-45,Budget,Yes,Chandigarh
10077,Male,46-60,Regular,No,Indore
10078,Female,18-25,Regular,Yes,Nagpur
10079,Male,18-25,Regular,Yes,Jaipur
10080,Female,26-35,Premium,No,Surat
10081,Female,36-45,Regular,Yes,Surat
10082,Male,36-45,Regular,No,Chandigarh
10083,Male,18-25,Budget,Yes,Surat
10084,Female,26-35,Premium,No,Indore
10085,Male,18-25,Premium,No,Surat
10086,Male,18-25,Budget,No,Hyderabad
10087,Female,46-60,Budget,Yes,Delhi
10088,Male,18-25,Regular,No,Surat
10089,Female,36-45,Budget,Yes,Chennai
10090,Female,18-25,Premium,No,Bengaluru
10091,Female,36-45,Premium,No,Kochi
10092,Male,26-35,Regular,No,Bengaluru
10093,Male,26-35,Regular,No,Hyderabad
10094,Female,26-35,Premium,Yes,Hyderabad
10095,Female,18-25,Budget,Yes,Lucknow
10096,Female,46-60,Budget,No,Kochi
10097,Male,36-45,Business,No,Jaipur
10098,Female,46-60,Business,No,Kochi
10099,Male,26-35,Budget,Yes,Bhubaneswar
10100,Female,46-60,Regular,No,Chennai
10101,Female,18-25,Regular,No,Lucknow
10102,Female,36-45,Budget,No,Bengaluru
10103,Female,26-35,Budget,Yes,Jaipur
10104,Female,26-35,Budget,Yes,Pune
10105,Female,26-35,Regular,No,Surat
10106,Male,26-35,Regular,No,Indore
10107,Female,18-25,Budget,No,Indore
10108,Female,46-60,Budget,No,Nagpur
10109,Female,26-35,Budget,Yes,Delhi
10110,Male,46-60,Regular,No,Nagpur
10111,Female,26-35,Budget,Yes,Chennai
10112,Female,46-60,Regular,Yes,Ahmedabad
10113,Male,26-35,Premium,Yes,Nagpur
10114,Male,26-35,Budget,No,Hyderabad
10115,Female,46-60,Premium,Yes,Pune
10116,Male,60+,Business,Yes,Hyderabad
10117,Female,60+,Premium,No,Delhi
10118,Female,46-60,Regular,Yes,Ahmedabad
10119,Female,36-45,Budget,No,Chandigarh
10120,Female,26-35,Regular,Yes,Delhi
10121,Female,18-25,Budget,Yes,Ahmedabad
10122,Female,26-35,Budget,No,Bhubaneswar
10123,Male,18-25,Budget,No,Bengaluru
10124,Male,26-35,Regular,Yes,Kochi
10125,Female,26-35,Business,No,Bhubaneswar
10126,Female,26-35,Premium,No,Delhi
10127,Female,36-45,Regular,No,Pune
10128,Female,46-60,Business,Yes,Delhi
10129,Male,18-25,Regular,Yes,Jaipur
10130,Male,46-60,Regular,No,Mumbai
10131,Female,18-25,Budget,No,Lucknow
10132,Female,36-45,Budget,Yes,Delhi
10133,Female,18-25,Regular,No,Kochi
10134,Female,26-35,Premium,Yes,Chandigarh
10135,Male,36-45,Budget,No,Indore
10136,Female,26-35,Business,No,Nagpur
10137,Female,46-60,Business,No,Indore
10138,Male,60+,Budget,Yes,Pune
10139,Male,46-60,Regular,Yes,Chennai
10140,Female,26-35,Regular,No,Jaipur
10141,Female,26-35,Regular,No,Pune
10142,Male,26-35,Premium,Yes,Ahmedabad
10143,Male,46-60,Regular,Yes,Jaipur
10144,Male,26-35,Regular,No,Indore
10145,Male,26-35,Budget,No,Bengaluru
10146,Female,26-35,Regular,No,Mumbai
10147,Female,36-45,Budget,Yes,Chandigarh
10148,Male,36-45,Budget,No,Jaipur
10149,Male,18-25,Regular,No,Chandigarh
10150,Male,26-35,Regular,No,Lucknow
10151,Male,46-60,Regular,Yes,Surat
10152,Female,26-35,Regular,No,Chandigarh
10153,Male,60+,Premium,No,Kochi
10154,Female,26-35,Regular,Yes,Pune
10155,Male,26-35,Regular,Yes,Chennai
10156,Female,46-60,Premium,Yes,Chennai
10157,Male,18-25,Budget,Yes,Bhubaneswar
10158,Male,36-45,Budget,No,Nagpur
10159,Male,26-35,Regular,No,Lucknow
10160,Female,26-35,Regular,No,Surat
10161,Female,46-60,Business,Yes,Mumbai
10162,Female,36-45,Premium,No,Bhubaneswar
10163,Female,26-35,Regular,Yes,Indore
10164,Male,36-45,Budget,Yes,Surat
10165,Female,26-35,Business,No,Chennai
10166,Female,36-45,Regular,No,Kochi
10167,Male,46-60,Regular,No,Lucknow
10168,Male,46-60,Regular,Yes,Mumbai
10169,Male,18-25,Budget,No,Bengaluru
10170,Male,18-25,Budget,Yes,Chandigarh
10171,Female,26-35,Regular,Yes,Chennai
10172,Female,26-35,Budget,No,Chandigarh
10173,Male,18-25,Budget,No,Jaipur
10174,Male,18-25,Budget,No,Bengaluru
10175,Male,26-35,Regular,Yes,Chandigarh
10176,Male,26-35,Premium,No,Indore
10177,Female,36-45,Regular,No,Lucknow
10178,Female,46-60,Premium,Yes,Surat
10179,Male,26-35,Budget,Yes,Lucknow
10180,Male,26-35,Regular,No,Nagpur
10181,Female,26-35,Regular,No,Chennai
10182,Male,26-35,Business,No,Lucknow
10183,Female,26-35,Premium,No,Nagpur
10184,Female,26-35,Premium,Yes,Delhi
10185,Female,18-25,Business,No,Kochi
10186,Male,18-25,Budget,Yes,Chennai
10187,Male,36-45,Regular,Yes,Kochi
10188,Female,36-45,Regular,Yes,Delhi
10189,Male,36-45,Regular,Yes,Chandigarh
10190,Male,26-35,Budget,Yes,Bengaluru
10191,Female,18-25,Business,No,Mumbai
10192,Female,46-60,Regular,Yes,Ahmedabad
10193,Male,26-35,Regular,Yes,Kochi
10194,Female,26-35,Premium,No,Delhi
10195,Male,26-35,Budget,Yes,Pune
10196,Female,26-35,Business,Yes,Bengaluru
10197,Female,26-35,Premium,No,Bhubaneswar
10198,Female,26-35,Regular,Yes,Ahmedabad
10199,Male,18-25,Budget,No,Chandigarh
10200,Female,46-60,Regular,No,Hyderabad
10201,Female,26-35,Regular,Yes,Hyderabad
10202,Male,18-25,Regular,Yes,Kochi
10203,Female,36-45,Premium,Yes,Ahmedabad
10204,Female,26-35,Regular,Yes,Indore
10205,Male,18-25,Budget,No,Nagpur
10206,Male,36-45,Business,No,Pune
10207,Male,26-35,Regular,Yes,Bengaluru
10208,Female,18-25,Business,No,Bengaluru
10209,Female,46-60,Regular,Yes,Ahmedabad
10210,Male,46-60,Regular,No,Kochi
10211,Female,26-35,Budget,No,Chennai
10212,Female,18-25,Business,Yes,Surat
10213,Female,46-60,Premium,Yes,Hyderabad
10214,Male,18-25,Regular,Yes,Surat
10215,Female,46-60,Regular,Yes,Bengaluru
10216,Female,26-35,Business,No,Indore
10217,Male,18-25,Regular,No,Hyderabad
10218,Female,18-25,Regular,Yes,Pune
10219,Female,26-35,Regular,No,Hyderabad
10220,Male,26-35,Budget,No,Surat
10221,Male,26-35,Budget,Yes,Bengaluru
10222,Male,26-35,Premium,No,Jaipur
10223,Female,36-45,Business,No,Ahmedabad
10224,Female,36-45,Budget,No,Jaipur
10225,Male,36-45,Budget,No,Indore
10226,Male,36-45,Regular,No,Ahmedabad
10227,Male,36-45,Budget,Yes,Kochi
10228,Male,46-60,Budget,Yes,Bhubaneswar
10229,Male,36-45,Business,No,Nagpur
10230,Male,18-25,Budget,No,Delhi
10231,Male,18-25,Regular,Yes,Delhi
10232,Female,60+,Budget,No,Indore
10233,Female,26-35,Regular,No,Delhi
10234,Male,46-60,Premium,Yes,Mumbai
10235,Female,46-60,Regular,No,Chennai
10236,Male,36-45,Regular,No,Surat
10237,Female,26-35,Regular,No,Nagpur
10238,Female,26-35,Regular,No,Delhi
10239,Male,18-25,Premium,Yes,Ahmedabad
10240,Male,18-25,Budget,No,Delhi
10241,Female,46-60,Premium,Yes,Chennai
10242,Male,46-60,Budget,No,Hyderabad
10243,Female,46-60,Regular,Yes,Kochi
10244,Female,46-60,Business,Yes,Chandigarh
10245,Female,26-35,Regular,Yes,Chandigarh
10246,Female,26-35,Regular,Yes,Ahmedabad
10247,Female,18-25,Business,Yes,Surat
10248,Male,26-35,Business,No,Delhi
10249,Female,26-35,Budget,Yes,Jaipur
10250,Male,18-25,Budget,No,Mumbai
10251,Male,26-35,Budget,No,Bengaluru
10252,Male,46-60,Premium,No,Ahmedabad
10253,Male,18-25,Regular,Yes,Hyderabad
10254,Female,26-35,Budget,No,Chennai
10255,Male,36-45,Business,Yes,Ahmedabad
10256,Male,46-60,Budget,No,Delhi
10257,Female,26-35,Regular,Yes,Mumbai
10258,Male,60+,Budget,Yes,Bhubaneswar
10259,Male,18-25,Regular,Yes,Lucknow
10260,Male,18-25,Regular,Yes,Indore
10261,Female,36-45,Business,Yes,Pune
10262,Female,26-35,Regular,No,Delhi
10263,Male,18-25,Regular,Yes,Pune
10264,Male,46-60,Premium,No,Nagpur
10265,Female,26-35,Budget,No,Jaipur
10266,Male,18-25,Regular,No,Ahmedabad
10267,Female,36-45,Regular,Yes,Hyderabad
10268,Female,18-25,Regular,No,Nagpur
10269,Female,60+,Budget,Yes,Hyderabad
10270,Female,26-35,Budget,No,Jaipur
10271,Male,18-25,Premium,No,Surat
10272,Female,46-60,Budget,Yes,Pune
10273,Female,36-45,Regular,Yes,Surat
10274,Female,18-25,Regular,No,Mumbai
10275,Male,26-35,Regular,Yes,Chandigarh
10276,Female,18-25,Budget,No,Delhi
10277,Male,18-25,Regular,No,Pune
10278,Male,46-60,Premium,Yes,Kochi
10279,Female,26-35,Budget,No,Kochi
10280,Female,26-35,Regular,Yes,Pune
10281,Female,36-45,Regular,Yes,Hyderabad
10282,Male,26-35,Regular,No,Bengaluru
10283,Female,26-35,Budget,No,Ahmedabad
10284,Female,46-60,Budget,Yes,Hyderabad
10285,Male,18-25,Business,No,Ahmedabad
10286,Male,26-35,Premium,No,Ahmedabad
10287,Male,18-25,Regular,Yes,Pune
10288,Female,26-35,Budget,Yes,Surat
10289,Female,36-45,Business,Yes,Chandigarh
10290,Female,46-60,Premium,Yes,Kochi
10291,Male,46-60,Business,No,Chennai
10292,Male,26-35,Regular,No,Nagpur
10293,Female,26-35,Business,No,Bengaluru
10294,Male,18-25,Budget,No,Hyderabad
10295,Female,36-45,Budget,No,Lucknow
10296,Male,18-25,Premium,No,Mumbai
10297,Female,46-60,Budget,Yes,Hyderabad
10298,Female,36-45,Budget,Yes,Ahmedabad
10299,Male,26-35,Budget,No,Chennai
10300,Male,18-25,Regular,Yes,Chandigarh
10301,Male,18-25,Premium,Yes,Delhi
10302,Male,26-35,Regular,Yes,Surat
10303,Male,18-25,Regular,Yes,Lucknow
10304,Male,18-25,Premium,Yes,Kochi
10305,Male,36-45,Regular,No,Chandigarh
10306,Female,26-35,Premium,No,Jaipur
10307,Female,26-35,Regular,Yes,Chandigarh
10308,Female,26-35,Regular,No,Mumbai
10309,Male,26-35,Premium,Yes,Indore
10310,Female,26-35,Business,No,Ahmedabad
10311,Male,26-35,Budget,No,Nagpur
10312,Male,36-45,Regular,No,Jaipur
10313,Male,26-35,Premium,No,Indore
10314,Female,26-35,Premium,No,Lucknow
10315,Female,26-35,Regular,No,Mumbai
10316,Male,26-35,Budget,Yes,Mumbai
10317,Male,36-45,Regular,No,Surat
10318,Female,36-45,Premium,No,Jaipur
10319,Female,46-60,Regular,No,Ahmedabad
10320,Female,26-35,Regular,No,Kochi
10321,Female,26-35,Regular,No,Pune
10322,Male,18-25,Regular,No,Hyderabad
10323,Female,26-35,Budget,No,Jaipur
10324,Female,26-35,Regular,Yes,Hyderabad
10325,Female,46-60,Budget,Yes,Nagpur
10326,Male,26-35,Budget,No,Kochi
10327,Female,18-25,Regular,No,Lucknow
10328,Female,26-35,Regular,No,Hyderabad
10329,Female,18-25,Budget,No,Ahmedabad
10330,Male,18-25,Business,No,Jaipur
10331,Female,36-45,Budget,Yes,Hyderabad
10332,Male,60+,Budget,No,Indore
10333,Female,26-35,Premium,No,Kochi
10334,Male,18-25,Premium,No,Bhubaneswar
10335,Male,26-35,Regular,No,Lucknow
10336,Male,26-35,Regular,Yes,Kochi
10337,Female,36-45,Regular,No,Hyderabad
10338,Male,36-45,Premium,Yes,Hyderabad
10339,Male,36-45,Budget,No,Jaipur
10340,Female,18-25,Budget,No,Nagpur
10341,Female,36-45,Regular,No,Kochi
10342,Male,26-35,Budget,No,Chandigarh
10343,Male,60+,Regular,No,Ahmedabad
10344,Female,60+,Budget,No,Chennai
10345,Female,18-25,Budget,No,Bengaluru
10346,Male,18-25,Regular,Yes,Chandigarh
10347,Female,26-35,Regular,No,Mumbai
10348,Female,18-25,Regular,No,Mumbai
10349,Male,36-45,Budget,No,Mumbai
10350,Male,18-25,Regular,Yes,Delhi
10351,Female,18-25,Budget,No,Mumbai
10352,Male,46-60,Budget,Yes,Delhi
10353,Male,46-60,Budget,Yes,Chandigarh
10354,Male,26-35,Premium,Yes,Jaipur
10355,Female,18-25,Business,Yes,Surat
10356,Female,26-35,Business,No,Bengaluru
10357,Female,36-45,Regular,No,Mumbai
10358,Male,18-25,Budget,Yes,Mumbai
10359,Female,36-45,Regular,Yes,Hyderabad
10360,Female,46-60,Regular,Yes,Lucknow
10361,Female,46-60,Budget,Yes,Chennai
10362,Female,26-35,Budget,No,Delhi
10363,Female,36-45,Budget,Yes,Ahmedabad
10364,Female,26-35,Regular,No,Indore
10365,Female,18-25,Budget,No,Chandigarh
10366,Female,26-35,Budget,Yes,Bhubaneswar
10367,Female,26-35,Budget,No,Ahmedabad
10368,Female,18-25,Budget,Yes,Nagpur
10369,Female,18-25,Regular,Yes,Pune
10370,Male,36-45,Regular,Yes,Nagpur
10371,Male,46-60,Regular,Yes,Chennai
10372,Male,18-25,Budget,No,Hyderabad
10373,Male,26-35,Regular,Yes,Indore
10374,Male,60+,Premium,No,Nagpur
10375,Male,36-45,Premium,No,Chennai
10376,Male,60+,Regular,Yes,Bengaluru
10377,Male,36-45,Budget,No,Surat
10378,Female,36-45,Business,Yes,Surat
10379,Female,26-35,Budget,No,Hyderabad
10380,Male,36-45,Budget,No,Bhubaneswar
10381,Male,18-25,Regular,Yes,Indore
10382,Male,26-35,Regular,No,Delhi
10383,Male,26-35,Business,No,Nagpur
10384,Female,26-35,Regular,No,Mumbai
10385,Male,26-35,Regular,No,Mumbai
10386,Male,26-35,Budget,No,Bhubaneswar
10387,Male,26-35,Budget,Yes,Kochi
10388,Female,18-25,Business,Yes,Mumbai
10389,Male,36-45,Regular,No,Bhubaneswar
10390,Female,36-45,Regular,No,Pune
10391,Male,26-35,Regular,No,Nagpur
10392,Female,36-45,Regular,Yes,Jaipur
10393,Male,26-35,Regular,No,Lucknow
10394,Male,46-60,Budget,Yes,Bengaluru
10395,Female,18-25,Regular,Yes,Mumbai
10396,Female,46-60,Regular,No,Lucknow
10397,Male,60+,Business,Yes,Bengaluru
10398,Female,60+,Budget,Yes,Chennai
10399,Male,18-25,Regular,Yes,Lucknow
10400,Male,46-60,Budget,Yes,Chennai
10401,Female,26-35,Regular,No,Bhubaneswar
10402,Female,36-45,Budget,Yes,Indore
10403,Female,18-25,Regular,Yes,Jaipur
10404,Male,26-35,Regular,Yes,Pune
10405,Male,36-45,Budget,Yes,Pune
10406,Female,36-45,Budget,Yes,Chandigarh
10407,Male,36-45,Budget,No,Bhubaneswar
10408,Female,26-35,Regular,No,Indore
10409,Male,36-45,Premium,No,Nagpur
10410,Female,18-25,Regular,No,Chandigarh
10411,Female,46-60,Regular,Yes,Bhubaneswar
10412,Female,26-35,Budget,Yes,Bengaluru
10413,Female,18-25,Budget,No,Mumbai
10414,Female,18-25,Budget,No,Lucknow
10415,Male,18-25,Business,No,Bengaluru
10416,Male,46-60,Regular,Yes,Bhubaneswar
10417,Male,36-45,Premium,No,Lucknow
10418,Male,18-25,Regular,Yes,Chandigarh
10419,Male,36-45,Regular,Yes,Delhi
10420,Female,36-45,Regular,No,Delhi
10421,Female,36-45,Regular,No,Hyderabad
10422,Male,36-45,Budget,Yes,Hyderabad
10423,Male,18-25,Budget,Yes,Indore
10424,Male,46-60,Business,Yes,Chandigarh
10425,Male,26-35,Regular,No,Surat
10426,Female,46-60,Regular,No,Indore
10427,Male,46-60,Regular,Yes,Bengaluru
10428,Female,26-35,Budget,Yes,Chennai
10429,Male,26-35,Budget,No,Delhi
10430,Female,18-25,Budget,No,Bhubaneswar
10431,Female,46-60,Budget,No,Ahmedabad
10432,Female,18-25,Business,Yes,Bengaluru
10433,Female,46-60,Budget,Yes,Pune
10434,Female,60+,Budget,No,Delhi
10435,Male,46-60,Regular,No,Chennai
10436,Male,26-35,Regular,No,Mumbai
10437,Female,26-35,Premium,No,Chennai
10438,Male,36-45,Regular,No,Bengaluru
10439,Female,26-35,Budget,No,Bengaluru
10440,Male,60+,Budget,Yes,Hyderabad
10441,Female,36-45,Regular,Yes,Nagpur
10442,Male,46-60,Budget,No,Mumbai
10443,Female,36-45,Premium,No,Kochi
10444,Female,46-60,Premium,No,Nagpur
10445,Female,18-25,Premium,Yes,Mumbai
10446,Male,36-45,Business,No,Jaipur
10447,Female,18-25,Regular,Yes,Kochi
10448,Male,18-25,Premium,No,Ahmedabad
10449,Male,60+,Regular,Yes,Nagpur
10450,Female,26-35,Regular,Yes,Bhubaneswar
10451,Female,36-45,Business,No,Surat
10452,Male,26-35,Regular,Yes,Lucknow
10453,Male,46-60,Premium,No,Bengaluru
10454,Female,36-45,Regular,No,Kochi
10455,Male,36-45,Regular,Yes,Indore
10456,Male,26-35,Budget,No,Ahmedabad
10457,Female,26-35,Regular,Yes,Hyderabad
10458,Female,46-60,Budget,Yes,Chennai
10459,Male,36-45,Business,No,Delhi
10460,Male,46-60,Premium,No,Delhi
10461,Female,26-35,Regular,Yes,Hyderabad
10462,Female,18-25,Budget,Yes,Ahmedabad
10463,Male,36-45,Regular,No,Lucknow
10464,Female,18-25,Regular,No,Jaipur
10465,Male,26-35,Regular,Yes,Jaipur
10466,Male,26-35,Business,Yes,Lucknow
10467,Male,18-25,Regular,No,Indore
10468,Male,36-45,Regular,Yes,Chennai
10469,Female,26-35,Budget,Yes,Mumbai
10470,Male,18-25,Budget,No,Lucknow
10471,Male,26-35,Budget,Yes,Nagpur
10472,Male,36-45,Budget,No,Ahmedabad
10473,Male,36-45,Budget,Yes,Jaipur
10474,Male,26-35,Budget,No,Ahmedabad
10475,Female,26-35,Budget,Yes,Mumbai
10476,Male,46-60,Premium,No,Delhi
10477,Female,26-35,Regular,Yes,Delhi
10478,Male,36-45,Regular,Yes,Chennai
10479,Female,26-35,Regular,No,Mumbai
10480,Male,26-35,Budget,No,Kochi
10481,Male,36-45,Business,Yes,Jaipur
10482,Male,18-25,Regular,No,Ahmedabad
10483,Female,60+,Business,No,Chandigarh
10484,Male,18-25,Regular,Yes,Kochi
10485,Male,26-35,Budget,No,Jaipur
10486,Female,18-25,Regular,No,Bhubaneswar
10487,Male,18-25,Budget,Yes,Kochi
10488,Male,18-25,Regular,No,Kochi
10489,Female,46-60,Regular,Yes,Jaipur
10490,Female,26-35,Budget,No,Lucknow
10491,Male,18-25,Regular,Yes,Chennai
10492,Female,36-45,Regular,Yes,Surat
10493,Male,26-35,Regular,No,Nagpur
10494,Female,36-45,Premium,No,Chennai
10495,Male,26-35,Regular,No,Bhubaneswar
10496,Male,60+,Business,Yes,Surat
10497,Male,26-35,Regular,Yes,Chandigarh
10498,Female,18-25,Regular,Yes,Nagpur
10499,Male,26-35,Business,Yes,Kochi
10500,Female,46-60,Regular,No,Hyderabad
10501,Male,26-35,Regular,No,Bhubaneswar
10502,Female,36-45,Regular,Yes,Ahmedabad
10503,Male,60+,Budget,Yes,Surat
10504,Female,26-35,Budget,No,Hyderabad
10505,Female,46-60,Regular,Yes,Indore
10506,Female,36-45,Budget,Yes,Mumbai
10507,Female,26-35,Regular,No,Bhubaneswar
10508,Male,46-60,Regular,No,Delhi
10509,Male,36-45,Budget,Yes,Indore
10510,Male,26-35,Regular,Yes,Ahmedabad
10511,Female,18-25,Regular,Yes,Nagpur
10512,Male,18-25,Budget,No,Ahmedabad
10513,Female,46-60,Budget,Yes,Ahmedabad
10514,Male,18-25,Regular,No,Surat
10515,Male,36-45,Regular,Yes,Surat
10516,Male,18-25,Budget,Yes,Nagpur
10517,Female,36-45,Business,No,Surat
10518,Female,26-35,Premium,Yes,Delhi
10519,Female,36-45,Premium,Yes,Mumbai
10520,Female,26-35,Budget,Yes,Hyderabad
10521,Male,26-35,Budget,No,Chandigarh
10522,Male,46-60,Regular,Yes,Chennai
10523,Female,60+,Business,Yes,Surat
10524,Male,36-45,Premium,Yes,Jaipur
10525,Male,18-25,Regular,Yes,Hyderabad
10526,Male,26-35,Premium,No,Ahmedabad
10527,Male,46-60,Regular,No,Mumbai
10528,Female,26-35,Premium,No,Surat
10529,Male,46-60,Premium,Yes,Bhubaneswar
10530,Male,60+,Regular,Yes,Bhubaneswar
10531,Male,26-35,Budget,Yes,Kochi
10532,Female,60+,Budget,No,Kochi
10533,Female,46-60,Budget,Yes,Kochi
10534,Female,18-25,Regular,No,Kochi
10535,Male,26-35,Regular,No,Hyderabad
10536,Female,36-45,Budget,Yes,Kochi
10537,Female,26-35,Regular,Yes,Jaipur
10538,Male,26-35,Business,No,Pune
10539,Female,60+,Budget,Yes,Delhi
10540,Male,26-35,Budget,No,Bengaluru
10541,Male,36-45,Budget,No,Ahmedabad
10542,Male,46-60,Business,Yes,Surat
10543,Male,46-60,Regular,No,Indore
10544,Male,26-35,Budget,Yes,Mumbai
10545,Male,36-45,Budget,No,Surat
10546,Female,18-25,Premium,Yes,Ahmedabad
10547,Male,36-45,Business,No,Chandigarh
10548,Male,18-25,Regular,No,Mumbai
10549,Male,60+,Budget,No,Mumbai
10550,Female,18-25,Budget,Yes,Bhubaneswar
10551,Female,46-60,Budget,No,Nagpur
10552,Male,18-25,Premium,No,Lucknow
10553,Female,36-45,Premium,Yes,Lucknow
10554,Male,46-60,Budget,No,Bengaluru
10555,Male,26-35,Budget,No,Nagpur
10556,Male,26-35,Budget,Yes,Hyderabad
10557,Female,26-35,Regular,No,Ahmedabad
10558,Male,36-45,Premium,Yes,Jaipur
10559,Male,26-35,Business,No,Indore
10560,Female,26-35,Premium,Yes,Hyderabad
10561,Male,46-60,Budget,Yes,Hyderabad
10562,Female,26-35,Budget,No,Ahmedabad
10563,Male,36-45,Regular,Yes,Mumbai
10564,Female,26-35,Regular,No,Chennai
10565,Female,26-35,Premium,No,Bhubaneswar
10566,Female,26-35,Regular,No,Bhubaneswar
10567,Male,36-45,Budget,Yes,Pune
10568,Male,26-35,Budget,No,Jaipur
10569,Male,26-35,Regular,No,Ahmedabad
10570,Male,26-35,Budget,Yes,Indore
10571,Male,26-35,Budget,Yes,Bhubaneswar
10572,Male,46-60,Regular,Yes,Indore
10573,Male,26-35,Regular,Yes,Kochi
10574,Female,26-35,Business,No,Surat
10575,Female,36-45,Regular,Yes,Surat
10576,Male,26-35,Premium,No,Hyderabad
10577,Female,26-35,Regular,Yes,Lucknow
10578,Male,36-45,Regular,No,Hyderabad
10579,Male,26-35,Regular,No,Bhubaneswar
10580,Male,46-60,Regular,Yes,Chandigarh
10581,Female,26-35,Budget,Yes,Kochi
10582,Female,26-35,Budget,Yes,Pune
10583,Female,18-25,Budget,Yes,Pune
10584,Female,18-25,Budget,No,Lucknow
10585,Female,46-60,Business,No,Jaipur
10586,Female,26-35,Regular,No,Chandigarh
10587,Female,26-35,Premium,No,Lucknow
10588,Female,18-25,Regular,No,Pune
10589,Female,26-35,Premium,No,Surat
10590,Female,36-45,Budget,Yes,Chandigarh
10591,Female,26-35,Regular,Yes,Hyderabad
10592,Male,18-25,Budget,No,Delhi
10593,Female,36-45,Business,No,Indore
10594,Female,46-60,Budget,No,Hyderabad
10595,Male,18-25,Budget,No,Hyderabad
10596,Male,18-25,Regular,No,Indore
10597,Female,46-60,Budget,No,Delhi
10598,Female,18-25,Regular,Yes,Bhubaneswar
10599,Male,36-45,Business,No,Bhubaneswar
10600,Female,26-35,Regular,Yes,Bengaluru
10601,Male,36-45,Regular,Yes,Delhi
10602,Female,36-45,Regular,Yes,Chandigarh
10603,Female,36-45,Budget,No,Ahmedabad
10604,Female,26-35,Budget,Yes,Kochi
10605,Male,26-35,Budget,Yes,Hyderabad
10606,Female,36-45,Regular,Yes,Hyderabad
10607,Female,46-60,Budget,No,Jaipur
10608,Male,26-35,Budget,Yes,Chennai
10609,Female,46-60,Budget,Yes,Bengaluru
10610,Female,18-25,Business,No,Pune
10611,Male,18-25,Premium,Yes,Nagpur
10612,Female,46-60,Premium,No,Ahmedabad
10613,Female,46-60,Budget,Yes,Pune
10614,Male,36-45,Regular,No,Delhi
10615,Female,46-60,Regular,Yes,Delhi
10616,Male,46-60,Budget,No,Indore
10617,Female,46-60,Regular,No,Surat
10618,Male,26-35,Regular,Yes,Lucknow
10619,Male,26-35,Budget,No,Chandigarh
10620,Male,26-35,Business,No,Chennai
10621,Male,46-60,Budget,No,Chandigarh
10622,Male,36-45,Business,Yes,Surat
10623,Female,36-45,Regular,Yes,Delhi
10624,Female,18-25,Budget,No,Nagpur
10625,Male,46-60,Regular,No,Chandigarh
10626,Female,26-35,Regular,No,Jaipur
10627,Female,26-35,Regular,Yes,Lucknow
10628,Male,36-45,Budget,Yes,Indore
10629,Female,36-45,Budget,No,Surat
10630,Female,18-25,Regular,No,Jaipur
10631,Male,36-45,Regular,Yes,Chennai
10632,Female,26-35,Premium,No,Surat
10633,Male,26-35,Premium,No,Indore
10634,Male,36-45,Regular,No,Ahmedabad
10635,Male,36-45,Regular,No,Nagpur
10636,Male,26-35,Regular,Yes,Ahmedabad
10637,Male,18-25,Premium,No,Jaipur
10638,Female,26-35,Regular,No,Indore
10639,Female,36-45,Regular,Yes,Chandigarh
10640,Female,18-25,Regular,No,Bhubaneswar
10641,Female,26-35,Business,Yes,Nagpur
10642,Female,46-60,Budget,No,Ahmedabad
10643,Female,46-60,Regular,No,Kochi
10644,Female,26-35,Regular,Yes,Hyderabad
10645,Male,60+,Regular,No,Mumbai
10646,Female,60+,Regular,No,Bhubaneswar
10647,Male,26-35,Budget,No,Bengaluru
10648,Female,26-35,Budget,No,Jaipur
10649,Male,26-35,Budget,No,Hyderabad
10650,Male,36-45,Budget,Yes,Delhi
10651,Male,46-60,Business,No,Bhubaneswar
10652,Male,18-25,Regular,Yes,Indore
10653,Male,36-45,Regular,Yes,Mumbai
10654,Male,60+,Budget,Yes,Bhubaneswar
10655,Female,46-60,Regular,Yes,Chandigarh
10656,Male,18-25,Premium,Yes,Hyderabad
10657,Female,46-60,Premium,No,Pune
10658,Male,36-45,Regular,No,Jaipur
10659,Female,26-35,Regular,No,Delhi
10660,Male,26-35,Budget,No,Kochi
10661,Male,46-60,Regular,No,Bengaluru
10662,Female,46-60,Regular,Yes,Ahmedabad
10663,Male,46-60,Budget,Yes,Chandigarh
10664,Female,18-25,Regular,No,Delhi
10665,Male,36-45,Premium,Yes,Bhubaneswar
10666,Female,46-60,Regular,No,Lucknow
10667,Female,26-35,Budget,No,Hyderabad
10668,Male,26-35,Regular,Yes,Indore
10669,Male,60+,Premium,Yes,Indore
10670,Male,60+,Business,Yes,Kochi
10671,Male,26-35,Budget,Yes,Lucknow
10672,Female,36-45,Regular,Yes,Hyderabad
10673,Female,18-25,Regular,Yes,Nagpur
10674,Female,36-45,Regular,Yes,Nagpur
10675,Female,26-35,Budget,Yes,Chennai
10676,Male,46-60,Regular,Yes,Jaipur
10677,Male,26-35,Budget,No,Ahmedabad
10678,Male,18-25,Budget,No,Lucknow
10679,Male,26-35,Budget,No,Chandigarh
10680,Female,26-35,Regular,No,Jaipur
10681,Male,18-25,Budget,Yes,Chandigarh
10682,Male,26-35,Budget,No,Bengaluru
10683,Male,46-60,Budget,No,Delhi
10684,Male,18-25,Budget,No,Nagpur
10685,Female,18-25,Budget,Yes,Bengaluru
10686,Male,36-45,Premium,No,Bhubaneswar
10687,Female,26-35,Regular,Yes,Nagpur
10688,Male,36-45,Budget,No,Chandigarh
10689,Female,26-35,Budget,No,Hyderabad
10690,Female,18-25,Business,Yes,Surat
10691,Female,18-25,Regular,No,Lucknow
10692,Male,26-35,Business,Yes,Nagpur
10693,Male,18-25,Regular,No,Bhubaneswar
10694,Female,26-35,Budget,Yes,Chennai
10695,Male,46-60,Budget,Yes,Bengaluru
10696,Female,46-60,Business,No,Lucknow
10697,Female,36-45,Budget,No,Bhubaneswar
10698,Female,26-35,Regular,Yes,Surat
10699,Male,46-60,Premium,No,Surat
10700,Male,36-45,Premium,No,Jaipur
10701,Male,26-35,Business,No,Bhubaneswar
10702,Male,18-25,Premium,No,Delhi
10703,Female,26-35,Regular,No,Jaipur
10704,Female,46-60,Business,Yes,Pune
10705,Female,26-35,Regular,No,Mumbai
10706,Male,26-35,Budget,Yes,Hyderabad
10707,Male,18-25,Premium,No,Jaipur
10708,Female,46-60,Regular,No,Lucknow
10709,Female,36-45,Budget,No,Delhi
10710,Male,26-35,Regular,Yes,Jaipur
10711,Male,26-35,Premium,Yes,Kochi
10712,Male,46-60,Regular,Yes,Chandigarh
10713,Female,36-45,Regular,Yes,Bhubaneswar
10714,Female,36-45,Regular,Yes,Bhubaneswar
10715,Male,26-35,Business,Yes,Nagpur
10716,Male,18-25,Regular,No,Kochi
10717,Female,26-35,Regular,Yes,Pune
10718,Male,18-25,Budget,Yes,Surat
10719,Female,26-35,Regular,Yes,Ahmedabad
10720,Male,46-60,Premium,No,Indore
10721,Female,36-45,Business,No,Jaipur
10722,Male,26-35,Premium,No,Lucknow
10723,Male,26-35,Budget,Yes,Bhubaneswar
10724,Male,36-45,Regular,No,Chandigarh
10725,Female,46-60,Budget,No,Hyderabad
10726,Male,60+,Premium,No,Mumbai
10727,Male,26-35,Regular,Yes,Hyderabad
10728,Female,26-35,Business,Yes,Surat
10729,Male,18-25,Premium,Yes,Mumbai
10730,Male,46-60,Regular,Yes,Nagpur
10731,Male,46-60,Regular,No,Chennai
10732,Female,26-35,Regular,Yes,Lucknow
10733,Female,26-35,Budget,No,Kochi
10734,Male,46-60,Regular,No,Indore
10735,Female,26-35,Regular,No,Kochi
10736,Male,18-25,Budget,Yes,Indore
10737,Male,46-60,Premium,No,Ahmedabad
10738,Female,36-45,Budget,Yes,Bhubaneswar
10739,Female,26-35,Regular,Yes,Nagpur
10740,Female,46-60,Regular,No,Jaipur
10741,Male,18-25,Budget,No,Surat
10742,Female,36-45,Budget,Yes,Pune
10743,Female,46-60,Premium,Yes,Jaipur
10744,Male,26-35,Budget,Yes,Hyderabad
10745,Male,18-25,Budget,Yes,Bengaluru
10746,Male,26-35,Regular,No,Bengaluru
10747,Female,46-60,Premium,Yes,Nagpur
10748,Male,26-35,Regular,No,Bengaluru
10749,Female,18-25,Budget,Yes,Surat
10750,Male,26-35,Regular,No,Ahmedabad
10751,Female,18-25,Premium,No,Jaipur
10752,Female,26-35,Regular,No,Jaipur
10753,Female,46-60,Budget,No,Pune
10754,Male,36-45,Regular,Yes,Pune
10755,Female,46-60,Regular,Yes,Bhubaneswar
10756,Female,36-45,Regular,Yes,Indore
10757,Male,36-45,Premium,No,Ahmedabad
10758,Male,26-35,Premium,Yes,Jaipur
10759,Male,18-25,Premium,Yes,Bhubaneswar
10760,Female,26-35,Budget,No,Delhi
10761,Male,36-45,Budget,No,Nagpur
10762,Female,36-45,Regular,Yes,Hyderabad
10763,Female,18-25,Budget,Yes,Delhi
10764,Male,18-25,Budget,Yes,Lucknow
10765,Female,26-35,Budget,Yes,Surat
10766,Female,46-60,Regular,No,Kochi
10767,Male,26-35,Regular,No,Bengaluru
10768,Female,46-60,Regular,No,Bhubaneswar
10769,Female,36-45,Regular,Yes,Mumbai
10770,Female,18-25,Regular,No,Jaipur
10771,Male,26-35,Regular,Yes,Delhi
10772,Male,26-35,Business,No,Indore
10773,Male,46-60,Premium,Yes,Mumbai
10774,Female,36-45,Regular,No,Lucknow
10775,Male,18-25,Budget,No,Indore
10776,Male,26-35,Business,No,Mumbai
10777,Male,26-35,Business,No,Nagpur
10778,Female,18-25,Budget,Yes,Jaipur
10779,Male,36-45,Budget,No,Kochi
10780,Female,26-35,Budget,Yes,Hyderabad
10781,Male,46-60,Regular,No,Jaipur
10782,Male,46-60,Budget,No,Lucknow
10783,Male,26-35,Premium,Yes,Pune
10784,Male,26-35,Budget,No,Bengaluru
10785,Female,36-45,Budget,Yes,Chandigarh
10786,Male,18-25,Business,No,Ahmedabad
10787,Female,18-25,Regular,No,Mumbai
10788,Female,18-25,Budget,No,Indore
10789,Female,26-35,Regular,No,Jaipur
10790,Female,26-35,Regular,Yes,Chennai
10791,Female,46-60,Premium,No,Indore
10792,Female,60+,Regular,Yes,Mumbai
10793,Female,18-25,Regular,Yes,Kochi
10794,Female,26-35,Budget,Yes,Indore
10795,Male,36-45,Regular,No,Bhubaneswar
10796,Female,26-35,Business,Yes,Delhi
10797,Female,18-25,Regular,No,Bengaluru
10798,Female,18-25,Business,Yes,Surat
10799,Male,36-45,Budget,No,Nagpur
10800,Male,26-35,Premium,No,Nagpur
10801,Female,46-60,Budget,No,Nagpur
10802,Female,36-45,Budget,No,Chandigarh
10803,Female,26-35,Budget,Yes,Lucknow
10804,Female,36-45,Budget,No,Jaipur
10805,Female,26-35,Budget,Yes,Lucknow
10806,Female,26-35,Regular,No,Mumbai
10807,Female,18-25,Premium,No,Ahmedabad
10808,Male,26-35,Regular,No,Kochi
10809,Male,26-35,Regular,Yes,Jaipur
10810,Male,26-35,Regular,Yes,Chennai
10811,Male,36-45,Premium,Yes,Chandigarh
10812,Female,26-35,Regular,No,Bengaluru
10813,Female,36-45,Regular,Yes,Delhi
10814,Male,46-60,Business,Yes,Mumbai
10815,Female,18-25,Budget,Yes,Lucknow
10816,Female,46-60,Budget,No,Bengaluru
10817,Female,18-25,Regular,No,Mumbai
10818,Male,26-35,Budget,No,Indore
10819,Male,36-45,Regular,Yes,Chennai
10820,Male,26-35,Premium,Yes,Bhubaneswar
10821,Female,46-60,Budget,Yes,Indore
10822,Female,26-35,Premium,Yes,Mumbai
10823,Female,26-35,Business,Yes,Hyderabad
10824,Male,26-35,Business,Yes,Indore
10825,Female,26-35,Regular,No,Delhi
10826,Female,36-45,Regular,Yes,Pune
10827,Male,26-35,Regular,No,Chandigarh
10828,Female,26-35,Regular,Yes,Ahmedabad
10829,Female,26-35,Regular,No,Mumbai
10830,Male,18-25,Regular,Yes,Chennai
10831,Female,26-35,Regular,No,Chandigarh
10832,Female,18-25,Budget,No,Jaipur
10833,Female,36-45,Regular,No,Delhi
10834,Female,26-35,Regular,No,Lucknow
10835,Male,46-60,Premium,Yes,Pune
10836,Male,60+,Regular,Yes,Surat
10837,Female,18-25,Regular,Yes,Mumbai
10838,Female,46-60,Budget,Yes,Jaipur
10839,Male,26-35,Budget,Yes,Ahmedabad
10840,Male,18-25,Regular,No,Surat
10841,Male,26-35,Budget,Yes,Lucknow
10842,Female,18-25,Premium,No,Bhubaneswar
10843,Male,46-60,Regular,Yes,Chandigarh
10844,Male,26-35,Regular,Yes,Hyderabad
10845,Male,26-35,Regular,Yes,Hyderabad
10846,Female,26-35,Regular,Yes,Hyderabad
10847,Male,36-45,Regular,Yes,Nagpur
10848,Female,26-35,Premium,Yes,Nagpur
10849,Male,18-25,Regular,No,Jaipur
10850,Male,18-25,Budget,No,Delhi
10851,Female,26-35,Budget,Yes,Delhi
10852,Female,46-60,Budget,No,Surat
10853,Male,26-35,Regular,No,Chennai
10854,Female,26-35,Business,No,Bengaluru
10855,Female,46-60,Premium,No,Bengaluru
10856,Male,18-25,Regular,No,Bengaluru
10857,Male,26-35,Regular,Yes,Nagpur
10858,Male,60+,Budget,No,Jaipur
10859,Female,36-45,Business,No,Mumbai
10860,Male,36-45,Budget,Yes,Nagpur
10861,Male,46-60,Budget,No,Bhubaneswar
10862,Male,18-25,Premium,No,Delhi
10863,Female,26-35,Premium,No,Jaipur
10864,Female,26-35,Budget,No,Lucknow
10865,Female,26-35,Regular,Yes,Mumbai
10866,Male,60+,Business,Yes,Surat
10867,Male,26-35,Budget,Yes,Hyderabad
10868,Female,26-35,Regular,Yes,Jaipur
10869,Male,26-35,Budget,No,Chandigarh
10870,Female,36-45,Budget,Yes,Mumbai
10871,Male,36-45,Regular,No,Lucknow
10872,Male,26-35,Regular,No,Jaipur
10873,Female,36-45,Budget,No,Ahmedabad
10874,Female,26-35,Premium,Yes,Surat
10875,Male,18-25,Regular,No,Pune
10876,Male,26-35,Regular,No,Chandigarh
10877,Male,26-35,Regular,No,Chandigarh
10878,Male,46-60,Business,No,Nagpur
10879,Female,36-45,Premium,Yes,Mumbai
10880,Female,60+,Budget,No,Jaipur
10881,Male,26-35,Regular,No,Pune
10882,Male,18-25,Premium,Yes,Bengaluru
10883,Female,18-25,Budget,No,Bhubaneswar
10884,Female,18-25,Budget,No,Jaipur
10885,Male,46-60,Business,Yes,Chennai
10886,Female,36-45,Budget,Yes,Delhi
10887,Male,26-35,Budget,Yes,Pune
10888,Female,36-45,Regular,Yes,Lucknow
10889,Female,46-60,Regular,No,Pune
10890,Female,46-60,Budget,Yes,Bengaluru
10891,Male,26-35,Premium,No,Chennai
10892,Male,36-45,Regular,Yes,Surat
10893,Male,26-35,Premium,No,Kochi
10894,Female,18-25,Premium,Yes,Delhi
10895,Male,46-60,Budget,No,Hyderabad
10896,Female,18-25,Business,No,Chandigarh
10897,Female,26-35,Regular,Yes,Nagpur
10898,Male,36-45,Budget,No,Delhi
10899,Male,46-60,Regular,No,Jaipur
10900,Female,46-60,Budget,No,Pune
10901,Female,36-45,Budget,Yes,Chennai
10902,Female,46-60,Premium,Yes,Bengaluru
10903,Male,46-60,Budget,Yes,Hyderabad
10904,Male,46-60,Regular,No,Chandigarh
10905,Female,26-35,Budget,No,Mumbai
10906,Male,26-35,Business,No,Pune
10907,Female,46-60,Regular,Yes,Bhubaneswar
10908,Male,26-35,Regular,No,Mumbai
10909,Male,36-45,Budget,Yes,Jaipur
10910,Male,18-25,Budget,Yes,Delhi
10911,Male,46-60,Budget,No,Bhubaneswar
10912,Male,18-25,Regular,No,Delhi
10913,Female,26-35,Business,No,Lucknow
10914,Female,18-25,Regular,Yes,Chandigarh
10915,Female,26-35,Budget,No,Pune
10916,Female,26-35,Budget,No,Jaipur
10917,Female,18-25,Regular,No,Bengaluru
10918,Male,36-45,Budget,No,Indore
10919,Male,46-60,Regular,No,Surat
10920,Female,18-25,Premium,Yes,Bhubaneswar
10921,Male,60+,Regular,Yes,Nagpur
10922,Female,18-25,Regular,Yes,Indore
10923,Female,26-35,Regular,No,Delhi
10924,Male,26-35,Regular,Yes,Jaipur
10925,Male,26-35,Regular,No,Chennai
10926,Female,26-35,Budget,Yes,Bhubaneswar
10927,Male,36-45,Budget,No,Pune
10928,Female,26-35,Regular,No,Nagpur
10929,Female,60+,Premium,No,Surat
10930,Female,60+,Regular,No,Pune
10931,Female,46-60,Business,No,Chennai
10932,Female,36-45,Regular,No,Nagpur
10933,Male,36-45,Regular,No,Nagpur
10934,Female,60+,Regular,No,Kochi
10935,Female,36-45,Budget,Yes,Nagpur
10936,Male,26-35,Business,No,Bengaluru
10937,Female,26-35,Regular,No,Jaipur
10938,Female,46-60,Regular,Yes,Pune
10939,Female,46-60,Regular,Yes,Pune
10940,Female,46-60,Regular,No,Bhubaneswar
10941,Male,26-35,Premium,No,Indore
10942,Male,36-45,Regular,Yes,Lucknow
10943,Male,46-60,Premium,No,Jaipur
10944,Male,36-45,Budget,Yes,Kochi
10945,Female,18-25,Premium,Yes,Pune
10946,Male,46-60,Budget,No,Ahmedabad
10947,Female,36-45,Regular,No,Ahmedabad
10948,Male,46-60,Budget,Yes,Pune
10949,Male,36-45,Regular,Yes,Nagpur
10950,Male,36-45,Budget,Yes,Nagpur
10951,Male,18-25,Budget,No,Chandigarh
10952,Male,26-35,Regular,No,Surat
10953,Male,46-60,Regular,No,Jaipur
10954,Male,46-60,Premium,No,Hyderabad
10955,Male,26-35,Regular,No,Lucknow
10956,Male,26-35,Budget,No,Kochi
10957,Female,46-60,Business,No,Bhubaneswar
10958,Male,26-35,Budget,No,Ahmedabad
10959,Male,36-45,Premium,No,Ahmedabad
10960,Male,26-35,Regular,No,Indore
10961,Female,36-45,Budget,No,Chandigarh
10962,Male,18-25,Regular,Yes,Mumbai
10963,Female,18-25,Business,Yes,Chennai
10964,Male,46-60,Budget,Yes,Surat
10965,Female,26-35,Regular,Yes,Chennai
10966,Female,36-45,Regular,No,Nagpur
10967,Male,18-25,Regular,Yes,Chandigarh
10968,Male,36-45,Premium,No,Chennai
10969,Female,46-60,Regular,Yes,Chennai
10970,Female,36-45,Budget,No,Bhubaneswar
10971,Female,26-35,Regular,No,Pune
10972,Female,60+,Budget,Yes,Delhi
10973,Male,26-35,Budget,Yes,Chandigarh
10974,Male,26-35,Premium,Yes,Ahmedabad
10975,Female,26-35,Premium,No,Hyderabad
10976,Male,26-35,Regular,No,Chennai
10977,Male,46-60,Budget,Yes,Jaipur
10978,Female,26-35,Budget,Yes,Lucknow
10979,Female,18-25,Regular,Yes,Surat
10980,Female,18-25,Premium,No,Jaipur
10981,Male,36-45,Regular,Yes,Hyderabad
10982,Female,60+,Premium,Yes,Indore
10983,Male,18-25,Regular,No,Ahmedabad
10984,Male,26-35,Budget,No,Nagpur
10985,Female,26-35,Business,Yes,Bengaluru
10986,Male,26-35,Regular,Yes,Ahmedabad
10987,Female,46-60,Premium,Yes,Jaipur
10988,Female,36-45,Regular,No,Pune
10989,Male,60+,Budget,No,Bengaluru
10990,Male,36-45,Budget,No,Nagpur
10991,Male,18-25,Regular,Yes,Hyderabad
10992,Male,36-45,Premium,No,Chandigarh
10993,Female,46-60,Business,No,Pune
10994,Female,26-35,Budget,Yes,Bhubaneswar
10995,Female,36-45,Regular,Yes,Hyderabad
10996,Female,36-45,Regular,Yes,Hyderabad
10997,Female,26-35,Budget,Yes,Nagpur
10998,Male,36-45,Budget,No,Nagpur
10999,Female,26-35,Budget,No,Nagpur
11000,Male,26-35,Regular,No,Bengaluru
11001,Male,26-35,Regular,No,Pune
11002,Female,18-25,Regular,No,Mumbai
11003,Female,18-25,Regular,Yes,Ahmedabad
11004,Male,26-35,Premium,No,Lucknow
11005,Female,36-45,Budget,No,Kochi
11006,Female,36-45,Regular,No,Jaipur
11007,Female,46-60,Budget,No,Mumbai
11008,Female,26-35,Regular,No,Surat
11009,Female,26-35,Business,No,Mumbai
11010,Male,26-35,Premium,No,Chandigarh
11011,Male,26-35,Budget,Yes,Bhubaneswar
11012,Male,26-35,Regular,No,Pune
11013,Female,18-25,Regular,Yes,Chandigarh
11014,Male,46-60,Regular,Yes,Kochi
11015,Female,18-25,Premium,Yes,Indore
11016,Female,36-45,Regular,Yes,Indore
11017,Male,26-35,Budget,Yes,Ahmedabad
11018,Female,26-35,Budget,Yes,Nagpur
11019,Male,26-35,Premium,No,Indore
11020,Male,46-60,Regular,Yes,Bengaluru
11021,Male,36-45,Regular,No,Chandigarh
11022,Male,26-35,Regular,Yes,Chandigarh
11023,Female,36-45,Budget,No,Hyderabad
11024,Female,46-60,Regular,No,Lucknow
11025,Female,18-25,Regular,Yes,Jaipur
11026,Male,26-35,Regular,No,Delhi
11027,Male,26-35,Budget,Yes,Chennai
11028,Male,26-35,Regular,No,Indore
11029,Male,26-35,Regular,Yes,Bhubaneswar
11030,Female,60+,Regular,No,Kochi
11031,Male,36-45,Regular,Yes,Delhi
11032,Female,36-45,Premium,No,Surat
11033,Female,18-25,Premium,No,Mumbai
11034,Female,26-35,Budget,Yes,Mumbai
11035,Male,26-35,Regular,No,Chennai
11036,Male,36-45,Premium,No,Pune
11037,Male,26-35,Regular,Yes,Delhi
11038,Male,18-25,Budget,No,Chandigarh
11039,Male,26-35,Regular,No,Chennai
11040,Male,26-35,Premium,Yes,Delhi
11041,Female,46-60,Budget,No,Pune
11042,Female,18-25,Premium,Yes,Ahmedabad
11043,Female,46-60,Budget,Yes,Mumbai
11044,Female,46-60,Business,No,Chennai
11045,Female,26-35,Regular,No,Jaipur
11046,Male,36-45,Premium,Yes,Delhi
11047,Female,46-60,Budget,No,Lucknow
11048,Male,26-35,Business,Yes,Lucknow
11049,Female,18-25,Regular,No,Bhubaneswar
11050,Female,18-25,Budget,Yes,Bengaluru
11051,Female,18-25,Premium,Yes,Indore
11052,Female,18-25,Budget,Yes,Ahmedabad
11053,Female,18-25,Regular,No,Chennai
11054,Female,18-25,Premium,No,Hyderabad
11055,Female,18-25,Regular,No,Pune
11056,Female,46-60,Regular,No,Indore
11057,Male,36-45,Regular,Yes,Lucknow
11058,Female,26-35,Regular,Yes,Chennai
11059,Female,26-35,Premium,No,Bhubaneswar
11060,Female,36-45,Budget,No,Delhi
11061,Female,26-35,Regular,No,Bhubaneswar
11062,Female,36-45,Budget,Yes,Pune
11063,Male,36-45,Budget,Yes,Bhubaneswar
11064,Male,18-25,Budget,No,Nagpur
11065,Female,60+,Budget,No,Kochi
11066,Female,60+,Regular,Yes,Chandigarh
11067,Male,46-60,Business,No,Surat
11068,Male,36-45,Budget,No,Lucknow
11069,Female,26-35,Budget,Yes,Jaipur
11070,Female,46-60,Regular,No,Nagpur
11071,Female,26-35,Budget,Yes,Kochi
11072,Male,36-45,Regular,Yes,Pune
11073,Male,26-35,Premium,Yes,Kochi
11074,Male,46-60,Budget,No,Indore
11075,Male,18-25,Premium,No,Hyderabad
11076,Male,46-60,Regular,No,Hyderabad
11077,Male,26-35,Regular,Yes,Chennai
11078,Male,26-35,Business,Yes,Delhi
11079,Male,36-45,Regular,No,Bhubaneswar
11080,Male,18-25,Regular,No,Chandigarh
11081,Male,36-45,Budget,No,Indore
11082,Female,18-25,Budget,Yes,Nagpur
11083,Female,36-45,Budget,No,Chennai
11084,Female,36-45,Regular,Yes,Chandigarh
11085,Male,60+,Regular,No,Indore
11086,Female,36-45,Budget,Yes,Indore
11087,Male,46-60,Budget,Yes,Kochi
11088,Male,36-45,Budget,Yes,Lucknow
11089,Male,46-60,Regular,No,Kochi
11090,Male,46-60,Regular,No,Nagpur
11091,Male,26-35,Budget,No,Ahmedabad
11092,Female,46-60,Regular,No,Chandigarh
11093,Female,26-35,Budget,No,Ahmedabad
11094,Female,36-45,Budget,Yes,Lucknow
11095,Male,46-60,Regular,No,Indore
11096,Male,18-25,Premium,Yes,Nagpur
11097,Female,36-45,Regular,No,Indore
11098,Male,18-25,Business,Yes,Lucknow
11099,Male,46-60,Premium,No,Nagpur
11100,Male,36-45,Budget,Yes,Jaipur
11101,Female,26-35,Premium,No,Nagpur
11102,Male,18-25,Regular,Yes,Kochi
11103,Male,26-35,Premium,Yes,Nagpur
11104,Female,26-35,Budget,No,Lucknow
11105,Female,36-45,Budget,Yes,Pune
11106,Female,26-35,Budget,No,Chennai
11107,Male,36-45,Regular,Yes,Jaipur
11108,Male,36-45,Regular,Yes,Lucknow
11109,Male,18-25,Regular,Yes,Pune
11110,Male,46-60,Budget,No,Chandigarh
11111,Male,36-45,Business,No,Hyderabad
11112,Male,26-35,Budget,No,Surat
11113,Male,18-25,Regular,Yes,Pune
11114,Female,26-35,Premium,Yes,Ahmedabad
11115,Female,46-60,Business,No,Mumbai
11116,Female,18-25,Regular,No,Surat
11117,Female,36-45,Business,No,Jaipur
11118,Male,26-35,Business,Yes,Indore
11119,Male,18-25,Regular,Yes,Bhubaneswar
11120,Male,18-25,Regular,No,Mumbai
11121,Female,46-60,Regular,No,Delhi
11122,Female,18-25,Budget,Yes,Chandigarh
11123,Female,46-60,Regular,Yes,Jaipur
11124,Male,60+,Premium,No,Pune
11125,Male,46-60,Regular,Yes,Chennai
11126,Male,26-35,Regular,Yes,Chennai
11127,Male,26-35,Regular,No,Chandigarh
11128,Male,36-45,Budget,Yes,Nagpur
11129,Female,36-45,Budget,Yes,Jaipur
11130,Female,26-35,Regular,No,Surat
11131,Female,26-35,Premium,No,Bengaluru
11132,Male,46-60,Budget,Yes,Hyderabad
11133,Female,36-45,Business,Yes,Chandigarh
11134,Male,26-35,Budget,Yes,Delhi
11135,Male,26-35,Budget,No,Bengaluru
11136,Female,26-35,Budget,Yes,Jaipur
11137,Male,18-25,Premium,No,Delhi
11138,Female,18-25,Premium,Yes,Ahmedabad
11139,Female,36-45,Budget,Yes,Hyderabad
11140,Male,46-60,Regular,No,Mumbai
11141,Female,36-45,Budget,Yes,Surat
11142,Male,18-25,Budget,Yes,Chandigarh
11143,Male,36-45,Budget,No,Surat
11144,Male,26-35,Business,Yes,Surat
11145,Male,26-35,Regular,No,Pune
11146,Male,26-35,Premium,Yes,Surat
11147,Female,36-45,Regular,Yes,Surat
11148,Male,26-35,Regular,No,Indore
11149,Male,36-45,Budget,Yes,Hyderabad
11150,Female,26-35,Regular,No,Ahmedabad
11151,Male,46-60,Budget,No,Lucknow
11152,Male,26-35,Regular,Yes,Delhi
11153,Male,26-35,Premium,No,Chennai
11154,Female,26-35,Budget,No,Pune
11155,Male,26-35,Regular,No,Mumbai
11156,Female,18-25,Regular,Yes,Mumbai
11157,Male,26-35,Regular,No,Jaipur
11158,Male,46-60,Regular,Yes,Delhi
11159,Male,36-45,Regular,Yes,Chandigarh
11160,Female,46-60,Regular,No,Bhubaneswar
11161,Female,26-35,Premium,No,Chennai
11162,Male,46-60,Regular,Yes,Mumbai
11163,Male,18-25,Regular,No,Bhubaneswar
11164,Female,18-25,Budget,No,Pune
11165,Male,46-60,Business,Yes,Bengaluru
11166,Female,36-45,Regular,Yes,Chandigarh
11167,Male,26-35,Premium,Yes,Jaipur
11168,Male,36-45,Budget,Yes,Pune
11169,Female,26-35,Budget,No,Kochi
11170,Female,46-60,Regular,No,Chandigarh
11171,Male,36-45,Budget,Yes,Nagpur
11172,Male,36-45,Premium,Yes,Bengaluru
11173,Female,18-25,Budget,No,Indore
11174,Female,46-60,Budget,No,Kochi
11175,Male,26-35,Regular,No,Jaipur
11176,Male,36-45,Regular,No,Indore
11177,Female,46-60,Premium,Yes,Surat
11178,Female,18-25,Business,Yes,Surat
11179,Male,36-45,Premium,No,Chennai
11180,Female,36-45,Budget,Yes,Hyderabad
11181,Male,36-45,Business,No,Pune
11182,Male,36-45,Regular,Yes,Lucknow
11183,Female,36-45,Business,Yes,Nagpur
11184,Male,18-25,Budget,Yes,Delhi
11185,Male,36-45,Premium,No,Mumbai
11186,Female,26-35,Budget,Yes,Mumbai
11187,Male,18-25,Regular,No,Indore
11188,Female,36-45,Business,Yes,Ahmedabad
11189,Male,26-35,Budget,Yes,Chennai
11190,Female,60+,Business,No,Chennai
11191,Male,46-60,Regular,No,Nagpur
11192,Male,46-60,Budget,No,Lucknow
11193,Male,36-45,Budget,No,Mumbai
11194,Male,26-35,Regular,No,Pune
11195,Female,18-25,Premium,Yes,Bhubaneswar
11196,Male,26-35,Budget,Yes,Ahmedabad
11197,Male,36-45,Premium,No,Ahmedabad
11198,Female,18-25,Regular,No,Chandigarh
11199,Male,36-45,Business,Yes,Hyderabad
11200,Female,26-35,Budget,Yes,Bhubaneswar
11201,Female,18-25,Budget,No,Nagpur
11202,Male,26-35,Regular,No,Ahmedabad
11203,Male,18-25,Business,Yes,Lucknow
11204,Female,36-45,Budget,Yes,Lucknow
11205,Male,26-35,Budget,Yes,Kochi
11206,Female,26-35,Regular,No,Chandigarh
11207,Male,36-45,Premium,Yes,Chandigarh
11208,Male,26-35,Regular,No,Chennai
11209,Male,36-45,Regular,No,Nagpur
11210,Male,26-35,Premium,Yes,Surat
11211,Female,18-25,Budget,Yes,Nagpur
11212,Male,26-35,Regular,Yes,Hyderabad
11213,Female,36-45,Premium,Yes,Bengaluru
11214,Male,46-60,Regular,Yes,Bhubaneswar
11215,Female,60+,Premium,No,Mumbai
11216,Female,46-60,Budget,No,Chandigarh
11217,Male,36-45,Budget,No,Indore
11218,Female,36-45,Regular,Yes,Ahmedabad
11219,Male,36-45,Budget,No,Chandigarh
11220,Female,26-35,Budget,No,Jaipur
11221,Male,60+,Premium,No,Pune
11222,Male,26-35,Regular,No,Delhi
11223,Male,26-35,Premium,Yes,Kochi
11224,Female,26-35,Regular,Yes,Hyderabad
11225,Male,36-45,Regular,No,Delhi
11226,Female,18-25,Regular,No,Pune
11227,Female,26-35,Premium,No,Bhubaneswar
11228,Female,36-45,Budget,Yes,Hyderabad
11229,Female,36-45,Budget,Yes,Jaipur
11230,Male,18-25,Regular,Yes,Ahmedabad
11231,Male,46-60,Regular,Yes,Delhi
11232,Male,36-45,Regular,No,Lucknow
11233,Female,46-60,Premium,No,Bhubaneswar
11234,Female,26-35,Regular,No,Indore
11235,Male,36-45,Regular,Yes,Bhubaneswar
11236,Male,46-60,Premium,No,Bhubaneswar
11237,Female,18-25,Budget,Yes,Kochi
11238,Male,46-60,Regular,Yes,Ahmedabad
11239,Female,18-25,Regular,Yes,Kochi
11240,Male,46-60,Regular,Yes,Mumbai
11241,Female,60+,Regular,No,Mumbai
11242,Female,26-35,Budget,Yes,Indore
11243,Female,26-35,Budget,No,Kochi
11244,Female,36-45,Business,Yes,Hyderabad
11245,Male,26-35,Regular,No,Jaipur
11246,Female,36-45,Premium,Yes,Bengaluru
11247,Male,60+,Premium,Yes,Delhi
11248,Male,36-45,Regular,No,Indore
11249,Male,26-35,Premium,No,Chandigarh
11250,Female,46-60,Premium,No,Jaipur
11251,Female,36-45,Regular,Yes,Hyderabad
11252,Female,36-45,Budget,Yes,Bhubaneswar
11253,Male,26-35,Regular,No,Surat
11254,Female,26-35,Budget,Yes,Chandigarh
11255,Female,46-60,Premium,Yes,Chennai
11256,Female,26-35,Budget,Yes,Delhi
11257,Male,46-60,Premium,No,Chandigarh
11258,Male,26-35,Premium,No,Ahmedabad
11259,Male,26-35,Premium,No,Ahmedabad
11260,Female,26-35,Premium,Yes,Indore
11261,Female,36-45,Regular,No,Nagpur
11262,Female,26-35,Regular,Yes,Jaipur
11263,Female,18-25,Regular,No,Surat
11264,Male,26-35,Premium,Yes,Bhubaneswar
11265,Male,60+,Regular,Yes,Chandigarh
11266,Male,18-25,Premium,No,Hyderabad
11267,Male,18-25,Business,No,Pune
11268,Female,26-35,Regular,No,Nagpur
11269,Female,18-25,Business,No,Chandigarh
11270,Male,26-35,Budget,Yes,Lucknow
11271,Male,18-25,Budget,Yes,Chennai
11272,Male,36-45,Regular,Yes,Nagpur
11273,Female,26-35,Premium,Yes,Chennai
11274,Female,26-35,Regular,Yes,Jaipur
11275,Female,46-60,Premium,Yes,Bengaluru
11276,Male,18-25,Business,No,Chennai
11277,Female,18-25,Budget,No,Indore
11278,Female,46-60,Regular,Yes,Indore
11279,Female,26-35,Regular,No,Mumbai
11280,Female,36-45,Budget,Yes,Nagpur
11281,Female,18-25,Business,No,Chennai
11282,Male,18-25,Business,Yes,Surat
11283,Female,36-45,Budget,Yes,Indore
11284,Female,36-45,Budget,No,Bhubaneswar
11285,Male,36-45,Budget,No,Surat
11286,Male,36-45,Regular,No,Ahmedabad
11287,Female,36-45,Budget,Yes,Delhi
11288,Male,18-25,Regular,No,Jaipur
11289,Male,36-45,Budget,No,Bengaluru
11290,Male,18-25,Budget,Yes,Ahmedabad
11291,Female,18-25,Budget,Yes,Pune
11292,Female,18-25,Business,No,Chennai
11293,Male,18-25,Budget,No,Chandigarh
11294,Male,36-45,Business,No,Chennai
11295,Female,26-35,Budget,Yes,Mumbai
11296,Male,26-35,Budget,No,Pune
11297,Male,26-35,Budget,No,Ahmedabad
11298,Male,26-35,Regular,Yes,Surat
11299,Female,36-45,Business,No,Lucknow
11300,Male,36-45,Budget,No,Jaipur
11301,Male,26-35,Budget,Yes,Mumbai
11302,Female,46-60,Budget,Yes,Chennai
11303,Male,26-35,Regular,No,Indore
11304,Male,26-35,Regular,No,Indore
11305,Female,36-45,Regular,Yes,Surat
11306,Female,26-35,Budget,Yes,Jaipur
11307,Female,36-45,Business,Yes,Lucknow
11308,Male,18-25,Regular,No,Nagpur
11309,Female,36-45,Budget,No,Mumbai
11310,Female,26-35,Budget,No,Delhi
11311,Female,26-35,Regular,No,Kochi
11312,Female,36-45,Budget,Yes,Bhubaneswar
11313,Female,36-45,Budget,No,Delhi
11314,Male,46-60,Regular,Yes,Bhubaneswar
11315,Male,18-25,Business,Yes,Chennai
11316,Female,36-45,Business,No,Nagpur
11317,Male,46-60,Premium,No,Mumbai
11318,Female,26-35,Budget,Yes,Surat
11319,Male,46-60,Budget,No,Ahmedabad
11320,Male,26-35,Regular,No,Chennai
11321,Female,26-35,Premium,Yes,Bengaluru
11322,Female,26-35,Regular,Yes,Chennai
11323,Female,18-25,Budget,No,Kochi
11324,Male,46-60,Regular,No,Nagpur
11325,Female,36-45,Budget,Yes,Bengaluru
11326,Female,60+,Budget,No,Bengaluru
11327,Male,36-45,Budget,Yes,Jaipur
11328,Female,18-25,Premium,No,Delhi
11329,Male,26-35,Budget,Yes,Jaipur
11330,Female,18-25,Business,No,Surat
11331,Male,46-60,Budget,Yes,Bhubaneswar
11332,Female,46-60,Regular,Yes,Surat
11333,Male,18-25,Business,No,Nagpur
11334,Male,18-25,Budget,No,Lucknow
11335,Female,36-45,Budget,No,Hyderabad
11336,Female,60+,Regular,Yes,Bhubaneswar
11337,Male,26-35,Budget,Yes,Jaipur
11338,Female,18-25,Regular,No,Lucknow
11339,Female,36-45,Regular,Yes,Indore
11340,Female,26-35,Regular,Yes,Bengaluru
11341,Male,36-45,Budget,Yes,Kochi
11342,Female,26-35,Regular,Yes,Bengaluru
11343,Female,36-45,Premium,No,Jaipur
11344,Male,60+,Regular,Yes,Nagpur
11345,Female,46-60,Regular,No,Nagpur
11346,Male,18-25,Premium,No,Bhubaneswar
11347,Male,26-35,Regular,Yes,Surat
11348,Female,36-45,Budget,No,Mumbai
11349,Male,26-35,Budget,Yes,Chandigarh
11350,Male,36-45,Budget,No,Mumbai
11351,Male,18-25,Regular,No,Chandigarh
11352,Female,36-45,Premium,No,Bengaluru
11353,Female,26-35,Regular,Yes,Chennai
11354,Female,26-35,Budget,No,Pune
11355,Male,26-35,Premium,No,Lucknow
11356,Female,26-35,Budget,No,Delhi
11357,Female,36-45,Business,No,Lucknow
11358,Female,46-60,Regular,No,Surat
11359,Male,36-45,Budget,No,Ahmedabad
11360,Male,18-25,Regular,Yes,Pune
11361,Male,46-60,Regular,No,Indore
11362,Male,18-25,Premium,No,Bhubaneswar
11363,Male,18-25,Regular,Yes,Nagpur
11364,Female,46-60,Budget,Yes,Indore
11365,Female,36-45,Regular,Yes,Jaipur
11366,Male,46-60,Budget,Yes,Pune
11367,Male,18-25,Regular,No,Kochi
11368,Female,26-35,Business,Yes,Hyderabad
11369,Male,26-35,Regular,Yes,Lucknow
11370,Male,18-25,Regular,No,Mumbai
11371,Female,26-35,Regular,Yes,Bengaluru
11372,Female,18-25,Budget,No,Chennai
11373,Male,18-25,Budget,Yes,Chandigarh
11374,Male,46-60,Budget,No,Kochi
11375,Female,36-45,Budget,No,Jaipur
11376,Female,46-60,Regular,Yes,Surat
11377,Female,18-25,Budget,No,Kochi
11378,Female,18-25,Premium,Yes,Hyderabad
11379,Female,18-25,Budget,No,Chandigarh
11380,Male,26-35,Business,Yes,Chennai
11381,Male,46-60,Business,No,Pune
11382,Female,26-35,Budget,Yes,Bhubaneswar
11383,Male,26-35,Budget,Yes,Surat
11384,Female,26-35,Business,No,Mumbai
11385,Female,26-35,Regular,Yes,Ahmedabad
11386,Male,26-35,Regular,No,Nagpur
11387,Female,26-35,Premium,Yes,Hyderabad
11388,Male,18-25,Regular,No,Mumbai
11389,Male,36-45,Premium,No,Indore
11390,Male,36-45,Business,No,Jaipur
11391,Male,46-60,Budget,No,Ahmedabad
11392,Male,46-60,Budget,No,Kochi
11393,Male,18-25,Budget,Yes,Bengaluru
11394,Female,46-60,Premium,Yes,Kochi
11395,Male,18-25,Premium,No,Lucknow
11396,Female,46-60,Regular,No,Chennai
11397,Female,36-45,Budget,No,Kochi
11398,Female,18-25,Budget,Yes,Jaipur
11399,Male,36-45,Premium,No,Surat
11400,Female,46-60,Budget,Yes,Chandigarh
11401,Female,26-35,Regular,No,Nagpur
11402,Male,46-60,Regular,No,Pune
11403,Female,36-45,Business,Yes,Chennai
11404,Male,26-35,Regular,No,Ahmedabad
11405,Male,18-25,Premium,Yes,Nagpur
11406,Male,18-25,Regular,No,Hyderabad
11407,Female,46-60,Regular,Yes,Pune
11408,Female,26-35,Budget,Yes,Bengaluru
11409,Male,26-35,Regular,Yes,Chennai
11410,Female,26-35,Budget,No,Chennai
11411,Female,26-35,Budget,Yes,Ahmedabad
11412,Female,18-25,Budget,No,Hyderabad
11413,Male,60+,Premium,No,Jaipur
11414,Male,36-45,Premium,Yes,Pune
11415,Female,26-35,Premium,Yes,Jaipur
11416,Male,26-35,Premium,No,Ahmedabad
11417,Female,46-60,Regular,No,Kochi
11418,Female,46-60,Premium,Yes,Bengaluru
11419,Female,36-45,Budget,No,Mumbai
11420,Male,36-45,Business,No,Bhubaneswar
11421,Male,26-35,Budget,No,Lucknow
11422,Female,26-35,Regular,No,Kochi
11423,Male,36-45,Regular,Yes,Indore
11424,Male,18-25,Premium,Yes,Kochi
11425,Male,26-35,Budget,No,Jaipur
11426,Male,18-25,Regular,No,Delhi
11427,Female,26-35,Regular,Yes,Bhubaneswar
11428,Female,18-25,Regular,Yes,Delhi
11429,Male,36-45,Budget,Yes,Ahmedabad
11430,Female,46-60,Regular,No,Bhubaneswar
11431,Female,18-25,Business,Yes,Mumbai
11432,Female,26-35,Budget,Yes,Bhubaneswar
11433,Female,18-25,Premium,No,Nagpur
11434,Male,46-60,Business,Yes,Ahmedabad
11435,Male,26-35,Regular,No,Nagpur
11436,Male,36-45,Business,Yes,Jaipur
11437,Female,46-60,Budget,No,Mumbai
11438,Female,46-60,Budget,Yes,Kochi
11439,Male,26-35,Regular,Yes,Pune
11440,Male,36-45,Premium,No,Lucknow
11441,Male,26-35,Premium,No,Pune
11442,Male,26-35,Budget,No,Surat
11443,Male,36-45,Premium,No,Pune
11444,Female,36-45,Regular,Yes,Chandigarh
11445,Female,26-35,Regular,No,Delhi
11446,Female,60+,Business,No,Chandigarh
11447,Female,46-60,Regular,Yes,Chandigarh
11448,Female,26-35,Budget,Yes,Delhi
11449,Male,26-35,Premium,Yes,Chandigarh
11450,Female,46-60,Budget,No,Surat
11451,Male,46-60,Regular,No,Nagpur
11452,Female,60+,Regular,No,Jaipur
11453,Female,46-60,Premium,No,Chandigarh
11454,Male,26-35,Premium,Yes,Kochi
11455,Female,26-35,Regular,No,Ahmedabad
11456,Male,18-25,Budget,No,Hyderabad
11457,Female,26-35,Regular,Yes,Chennai
11458,Female,26-35,Budget,Yes,Bhubaneswar
11459,Female,26-35,Budget,No,Surat
11460,Male,36-45,Budget,Yes,Chandigarh
11461,Female,26-35,Budget,Yes,Ahmedabad
11462,Male,26-35,Regular,Yes,Surat
11463,Female,46-60,Budget,No,Lucknow
11464,Female,26-35,Premium,No,Surat
11465,Male,18-25,Budget,No,Jaipur
11466,Male,46-60,Regular,No,Indore
11467,Female,36-45,Regular,Yes,Nagpur
11468,Female,46-60,Regular,Yes,Surat
11469,Female,36-45,Budget,No,Bhubaneswar
11470,Female,18-25,Regular,No,Pune
11471,Female,46-60,Regular,Yes,Lucknow
11472,Female,18-25,Regular,No,Kochi
11473,Female,60+,Regular,No,Chennai
11474,Female,18-25,Premium,No,Kochi
11475,Female,36-45,Budget,No,Surat
11476,Male,26-35,Business,No,Indore
11477,Male,60+,Budget,No,Ahmedabad
11478,Female,46-60,Budget,Yes,Chandigarh
11479,Female,36-45,Budget,No,Ahmedabad
11480,Female,26-35,Regular,No,Bhubaneswar
11481,Female,36-45,Premium,No,Bhubaneswar
11482,Female,60+,Regular,No,Ahmedabad
11483,Male,36-45,Budget,No,Jaipur
11484,Male,36-45,Regular,Yes,Jaipur
11485,Female,46-60,Business,No,Mumbai
11486,Female,26-35,Budget,Yes,Surat
11487,Female,18-25,Premium,Yes,Hyderabad
11488,Male,46-60,Budget,Yes,Delhi
11489,Female,36-45,Premium,Yes,Surat
11490,Female,46-60,Business,Yes,Ahmedabad
11491,Male,26-35,Regular,No,Lucknow
11492,Male,60+,Premium,Yes,Bhubaneswar
11493,Male,26-35,Budget,Yes,Hyderabad
11494,Male,46-60,Regular,No,Ahmedabad
11495,Female,18-25,Regular,No,Delhi
11496,Female,36-45,Budget,Yes,Jaipur
11497,Male,18-25,Budget,No,Chandigarh
11498,Female,36-45,Premium,No,Indore
11499,Female,26-35,Budget,No,Chennai
11500,Male,26-35,Regular,Yes,Jaipur
11501,Male,26-35,Regular,Yes,Kochi
11502,Female,26-35,Budget,Yes,Nagpur
11503,Female,36-45,Regular,No,Kochi
11504,Male,18-25,Budget,Yes,Bengaluru
11505,Female,36-45,Business,Yes,Ahmedabad
11506,Male,36-45,Regular,Yes,Chennai
11507,Male,46-60,Regular,No,Mumbai
11508,Female,46-60,Budget,Yes,Bengaluru
11509,Female,46-60,Budget,No,Bengaluru
11510,Male,60+,Regular,No,Ahmedabad
11511,Male,46-60,Regular,No,Bhubaneswar
11512,Female,26-35,Regular,Yes,Indore
11513,Female,26-35,Budget,Yes,Bengaluru
11514,Male,36-45,Regular,Yes,Nagpur
11515,Female,26-35,Regular,Yes,Chandigarh
11516,Female,46-60,Regular,No,Surat
11517,Male,60+,Budget,No,Kochi
11518,Male,36-45,Premium,No,Surat
11519,Female,18-25,Budget,No,Bengaluru
11520,Female,26-35,Business,No,Indore
11521,Male,36-45,Premium,No,Hyderabad
11522,Male,26-35,Budget,No,Ahmedabad
11523,Female,36-45,Budget,No,Jaipur
11524,Female,26-35,Budget,Yes,Surat
11525,Female,26-35,Regular,No,Mumbai
11526,Female,18-25,Regular,No,Surat
11527,Male,36-45,Budget,No,Hyderabad
11528,Female,46-60,Budget,No,Delhi
11529,Male,26-35,Budget,Yes,Mumbai
11530,Female,18-25,Premium,No,Surat
11531,Female,36-45,Regular,Yes,Chandigarh
11532,Male,46-60,Budget,Yes,Kochi
11533,Male,26-35,Regular,Yes,Delhi
11534,Male,36-45,Regular,Yes,Nagpur
11535,Male,18-25,Budget,Yes,Hyderabad
11536,Female,18-25,Regular,Yes,Lucknow
11537,Female,46-60,Budget,No,Hyderabad
11538,Male,18-25,Premium,No,Pune
11539,Female,36-45,Budget,Yes,Mumbai
11540,Female,18-25,Budget,No,Kochi
11541,Male,18-25,Business,No,Mumbai
11542,Female,26-35,Regular,No,Chennai
11543,Female,26-35,Budget,No,Surat
11544,Male,36-45,Business,No,Nagpur
11545,Female,36-45,Budget,No,Bengaluru
11546,Male,36-45,Premium,Yes,Chennai
11547,Female,36-45,Budget,No,Lucknow
11548,Male,46-60,Budget,Yes,Mumbai
11549,Female,36-45,Regular,Yes,Kochi
11550,Male,26-35,Budget,No,Bhubaneswar
11551,Female,46-60,Regular,Yes,Delhi
11552,Male,26-35,Regular,No,Delhi
11553,Male,18-25,Regular,Yes,Lucknow
11554,Female,26-35,Budget,Yes,Chennai
11555,Female,36-45,Budget,Yes,Kochi
11556,Male,46-60,Regular,No,Pune
11557,Male,36-45,Premium,No,Jaipur
11558,Male,46-60,Budget,Yes,Kochi
11559,Male,46-60,Premium,No,Nagpur
11560,Male,36-45,Business,No,Chandigarh
11561,Female,46-60,Budget,No,Kochi
11562,Male,18-25,Budget,No,Jaipur
11563,Female,18-25,Budget,No,Chennai
11564,Male,46-60,Regular,Yes,Delhi
11565,Male,26-35,Premium,No,Delhi
11566,Male,26-35,Regular,No,Hyderabad
11567,Female,46-60,Premium,No,Surat
11568,Male,26-35,Business,No,Hyderabad
11569,Female,18-25,Premium,Yes,Jaipur
11570,Female,46-60,Regular,No,Lucknow
11571,Male,26-35,Budget,No,Mumbai
11572,Female,26-35,Budget,No,Surat
11573,Female,46-60,Regular,Yes,Delhi
11574,Male,36-45,Regular,Yes,Kochi
11575,Female,26-35,Regular,Yes,Nagpur
11576,Male,18-25,Budget,Yes,Pune
11577,Male,26-35,Budget,Yes,Lucknow
11578,Female,26-35,Regular,No,Surat
11579,Male,46-60,Regular,No,Chandigarh
11580,Male,26-35,Budget,No,Pune
11581,Female,46-60,Budget,Yes,Chennai
11582,Male,36-45,Budget,No,Nagpur
11583,Female,26-35,Regular,No,Mumbai
11584,Female,26-35,Budget,Yes,Pune
11585,Female,36-45,Regular,Yes,Surat
11586,Female,60+,Premium,Yes,Surat
11587,Male,36-45,Budget,No,Pune
11588,Male,18-25,Regular,Yes,Bhubaneswar
11589,Male,18-25,Regular,No,Jaipur
11590,Female,18-25,Regular,Yes,Nagpur
11591,Female,26-35,Regular,No,Indore
11592,Male,18-25,Regular,No,Chennai
11593,Female,36-45,Regular,No,Lucknow
11594,Male,26-35,Regular,No,Mumbai
11595,Male,36-45,Budget,Yes,Chandigarh
11596,Male,26-35,Budget,No,Ahmedabad
11597,Male,46-60,Regular,No,Delhi
11598,Female,46-60,Budget,No,Indore
11599,Female,18-25,Business,Yes,Surat
11600,Female,18-25,Regular,No,Surat
11601,Female,46-60,Budget,No,Hyderabad
11602,Male,46-60,Business,No,Jaipur
11603,Male,18-25,Regular,Yes,Jaipur
11604,Female,46-60,Business,Yes,Chennai
11605,Female,36-45,Budget,Yes,Mumbai
11606,Male,18-25,Business,Yes,Pune
11607,Male,26-35,Regular,Yes,Ahmedabad
11608,Female,46-60,Regular,No,Jaipur
11609,Male,26-35,Regular,Yes,Jaipur
11610,Male,26-35,Regular,No,Nagpur
11611,Male,36-45,Regular,Yes,Lucknow
11612,Female,46-60,Regular,Yes,Kochi
11613,Male,26-35,Regular,No,Pune
11614,Female,26-35,Premium,No,Delhi
11615,Female,46-60,Regular,No,Indore
11616,Female,18-25,Budget,Yes,Chennai
11617,Male,18-25,Budget,Yes,Hyderabad
11618,Male,36-45,Business,Yes,Chandigarh
11619,Male,36-45,Regular,Yes,Surat
11620,Male,18-25,Budget,Yes,Kochi
11621,Female,26-35,Premium,No,Delhi
11622,Female,36-45,Budget,Yes,Surat
11623,Female,18-25,Regular,Yes,Ahmedabad
11624,Female,36-45,Premium,Yes,Mumbai
11625,Male,46-60,Regular,No,Delhi
11626,Female,18-25,Regular,Yes,Pune
11627,Female,18-25,Regular,No,Chandigarh
11628,Female,36-45,Budget,No,Bhubaneswar
11629,Male,18-25,Budget,Yes,Surat
11630,Male,46-60,Budget,Yes,Lucknow
11631,Male,60+,Regular,No,Hyderabad
11632,Male,26-35,Budget,Yes,Nagpur
11633,Male,18-25,Regular,No,Indore
11634,Male,26-35,Budget,No,Lucknow
11635,Male,26-35,Regular,Yes,Surat
11636,Male,26-35,Budget,No,Indore
11637,Male,36-45,Regular,Yes,Surat
11638,Male,18-25,Budget,No,Ahmedabad
11639,Female,26-35,Regular,No,Chennai
11640,Male,26-35,Regular,No,Lucknow
11641,Female,26-35,Regular,No,Chandigarh
11642,Male,60+,Regular,Yes,Bengaluru
11643,Male,18-25,Regular,Yes,Surat
11644,Female,36-45,Budget,No,Kochi
11645,Male,26-35,Premium,Yes,Bhubaneswar
11646,Male,46-60,Regular,Yes,Kochi
11647,Male,36-45,Regular,No,Chandigarh
11648,Male,36-45,Premium,Yes,Delhi
11649,Male,26-35,Budget,No,Bengaluru
11650,Female,26-35,Regular,Yes,Kochi
11651,Male,26-35,Regular,Yes,Surat
11652,Female,18-25,Budget,No,Chandigarh
11653,Female,26-35,Regular,Yes,Nagpur
11654,Female,26-35,Premium,Yes,Hyderabad
11655,Female,26-35,Budget,No,Bengaluru
11656,Female,26-35,Regular,Yes,Nagpur
11657,Male,36-45,Business,No,Nagpur
11658,Male,26-35,Budget,Yes,Ahmedabad
11659,Female,36-45,Budget,No,Chennai
11660,Female,26-35,Budget,Yes,Nagpur
11661,Female,26-35,Regular,Yes,Delhi
11662,Female,36-45,Regular,Yes,Chennai
11663,Female,26-35,Regular,No,Nagpur
11664,Male,26-35,Business,No,Ahmedabad
11665,Female,18-25,Budget,Yes,Delhi
11666,Male,26-35,Budget,Yes,Indore
11667,Female,18-25,Regular,No,Jaipur
11668,Male,46-60,Budget,Yes,Mumbai
11669,Male,18-25,Regular,Yes,Delhi
11670,Male,36-45,Business,Yes,Lucknow
11671,Female,26-35,Regular,No,Lucknow
11672,Female,18-25,Regular,Yes,Mumbai
11673,Female,26-35,Regular,No,Delhi
11674,Female,26-35,Budget,No,Chandigarh
11675,Female,26-35,Regular,No,Indore
11676,Male,26-35,Premium,Yes,Surat
11677,Female,36-45,Premium,No,Pune
11678,Female,18-25,Regular,Yes,Indore
11679,Female,26-35,Budget,No,Chennai
11680,Male,60+,Budget,Yes,Jaipur
11681,Male,26-35,Budget,No,Lucknow
11682,Female,26-35,Regular,No,Chennai
11683,Male,36-45,Regular,No,Bengaluru
11684,Female,26-35,Regular,Yes,Chandigarh
11685,Female,60+,Regular,Yes,Jaipur
11686,Female,26-35,Regular,Yes,Delhi
11687,Female,18-25,Regular,Yes,Pune
11688,Male,60+,Premium,No,Pune
11689,Male,46-60,Regular,Yes,Indore
11690,Male,36-45,Budget,Yes,Nagpur
11691,Male,46-60,Business,Yes,Pune
11692,Male,26-35,Regular,No,Delhi
11693,Female,36-45,Budget,Yes,Delhi
11694,Male,46-60,Budget,No,Chandigarh
11695,Male,26-35,Budget,Yes,Indore
11696,Male,18-25,Regular,Yes,Hyderabad
11697,Female,36-45,Budget,Yes,Mumbai
11698,Female,26-35,Budget,No,Lucknow
11699,Male,18-25,Regular,No,Ahmedabad
11700,Male,26-35,Regular,Yes,Ahmedabad
11701,Female,36-45,Regular,No,Mumbai
11702,Male,26-35,Regular,Yes,Jaipur
11703,Male,46-60,Regular,Yes,Pune
11704,Male,18-25,Budget,No,Hyderabad
11705,Male,18-25,Regular,No,Bengaluru
11706,Male,46-60,Budget,No,Delhi
11707,Female,36-45,Regular,No,Nagpur
11708,Male,46-60,Business,No,Bhubaneswar
11709,Female,46-60,Regular,No,Kochi
11710,Female,26-35,Business,No,Kochi
11711,Male,46-60,Budget,Yes,Lucknow
11712,Male,26-35,Budget,No,Ahmedabad
11713,Male,46-60,Budget,Yes,Lucknow
11714,Female,18-25,Regular,Yes,Indore
11715,Female,26-35,Budget,No,Chennai
11716,Female,36-45,Regular,No,Indore
11717,Female,46-60,Premium,Yes,Lucknow
11718,Male,18-25,Regular,No,Surat
11719,Female,26-35,Budget,Yes,Nagpur
11720,Male,26-35,Regular,No,Indore
11721,Male,46-60,Budget,Yes,Surat
11722,Female,18-25,Budget,No,Indore
11723,Female,36-45,Regular,No,Mumbai
11724,Male,46-60,Regular,Yes,Pune
11725,Female,46-60,Premium,No,Nagpur
11726,Female,18-25,Budget,Yes,Mumbai
11727,Male,46-60,Budget,No,Chennai
11728,Male,26-35,Premium,Yes,Chandigarh
11729,Female,46-60,Regular,Yes,Delhi
11730,Female,26-35,Budget,No,Indore
11731,Female,18-25,Regular,No,Lucknow
11732,Male,26-35,Regular,No,Bengaluru
11733,Female,46-60,Regular,Yes,Bhubaneswar
11734,Female,26-35,Budget,Yes,Jaipur
11735,Female,18-25,Budget,Yes,Nagpur
11736,Male,18-25,Regular,No,Chennai
11737,Male,18-25,Premium,Yes,Surat
11738,Male,26-35,Budget,No,Bengaluru
11739,Female,60+,Premium,Yes,Ahmedabad
11740,Female,26-35,Regular,No,Bengaluru
11741,Female,26-35,Budget,Yes,Chennai
11742,Male,60+,Budget,No,Bengaluru
11743,Male,18-25,Budget,No,Jaipur
11744,Female,60+,Regular,Yes,Kochi
11745,Male,26-35,Regular,No,Jaipur
11746,Female,26-35,Budget,Yes,Jaipur
11747,Male,36-45,Premium,No,Chennai
11748,Male,26-35,Premium,No,Ahmedabad
11749,Female,18-25,Budget,Yes,Indore
11750,Male,46-60,Budget,No,Jaipur
11751,Male,46-60,Business,No,Indore
11752,Male,46-60,Budget,Yes,Lucknow
11753,Male,26-35,Regular,Yes,Lucknow
11754,Female,46-60,Regular,Yes,Jaipur
11755,Female,26-35,Regular,Yes,Surat
11756,Female,36-45,Budget,Yes,Jaipur
11757,Female,18-25,Budget,Yes,Hyderabad
11758,Male,26-35,Regular,No,Bengaluru
11759,Male,18-25,Regular,No,Bhubaneswar
11760,Female,26-35,Premium,No,Ahmedabad
11761,Male,18-25,Regular,No,Lucknow
11762,Female,36-45,Budget,Yes,Pune
11763,Female,26-35,Budget,Yes,Bengaluru
11764,Male,18-25,Budget,No,Delhi
11765,Male,46-60,Premium,No,Surat
11766,Male,18-25,Regular,No,Chennai
11767,Male,26-35,Budget,Yes,Mumbai
11768,Female,60+,Business,No,Jaipur
11769,Female,36-45,Regular,No,Bhubaneswar
11770,Male,26-35,Premium,Yes,Hyderabad
11771,Female,26-35,Business,No,Kochi
11772,Female,36-45,Regular,No,Jaipur
11773,Female,26-35,Regular,No,Mumbai
11774,Male,46-60,Business,No,Chandigarh
11775,Male,26-35,Budget,Yes,Ahmedabad
11776,Female,46-60,Budget,No,Nagpur
11777,Male,46-60,Premium,No,Nagpur
11778,Female,26-35,Regular,No,Bengaluru
11779,Female,18-25,Regular,No,Mumbai
11780,Male,26-35,Premium,No,Chennai
11781,Male,18-25,Premium,Yes,Delhi
11782,Male,36-45,Regular,No,Pune
11783,Female,36-45,Budget,Yes,Indore
11784,Male,46-60,Regular,No,Ahmedabad
11785,Female,26-35,Regular,No,Indore
11786,Male,36-45,Regular,Yes,Indore
11787,Female,26-35,Budget,No,Jaipur
11788,Male,26-35,Budget,No,Mumbai
11789,Female,26-35,Budget,No,Jaipur
11790,Female,26-35,Regular,No,Chandigarh
11791,Female,36-45,Regular,Yes,Surat
11792,Female,18-25,Budget,No,Delhi
11793,Male,18-25,Regular,No,Lucknow
11794,Male,36-45,Budget,No,Surat
11795,Female,18-25,Regular,No,Delhi
11796,Female,36-45,Regular,Yes,Lucknow
11797,Female,18-25,Premium,No,Bhubaneswar
11798,Female,18-25,Business,No,Lucknow
11799,Female,26-35,Regular,Yes,Chennai
11800,Female,36-45,Regular,No,Jaipur
11801,Male,36-45,Budget,Yes,Chennai
11802,Male,36-45,Business,No,Chennai
11803,Female,26-35,Regular,No,Bhubaneswar
11804,Female,26-35,Premium,No,Hyderabad
11805,Female,26-35,Budget,No,Delhi
11806,Male,18-25,Budget,No,Chandigarh
11807,Male,18-25,Premium,No,Lucknow
11808,Female,26-35,Budget,Yes,Lucknow
11809,Female,46-60,Budget,Yes,Surat
11810,Male,46-60,Budget,No,Nagpur
11811,Female,26-35,Budget,No,Bengaluru
11812,Female,18-25,Budget,No,Ahmedabad
11813,Male,46-60,Regular,Yes,Kochi
11814,Female,46-60,Regular,No,Delhi
11815,Female,26-35,Budget,No,Chandigarh
11816,Male,26-35,Budget,Yes,Delhi
11817,Male,46-60,Regular,No,Chennai
11818,Female,36-45,Regular,Yes,Bhubaneswar
11819,Female,46-60,Regular,No,Bengaluru
11820,Female,26-35,Budget,No,Delhi
11821,Male,46-60,Budget,Yes,Indore
11822,Male,26-35,Budget,No,Nagpur
11823,Male,26-35,Regular,No,Indore
11824,Male,60+,Regular,Yes,Nagpur
11825,Female,18-25,Regular,No,Indore
11826,Male,46-60,Business,Yes,Lucknow
11827,Female,36-45,Regular,No,Pune
11828,Male,36-45,Budget,Yes,Chennai
11829,Male,60+,Premium,Yes,Hyderabad
11830,Male,18-25,Regular,Yes,Jaipur
11831,Female,18-25,Business,Yes,Bengaluru
11832,Male,36-45,Premium,No,Delhi
11833,Male,26-35,Premium,No,Lucknow
11834,Male,26-35,Budget,No,Chennai
11835,Male,46-60,Premium,No,Lucknow
11836,Male,46-60,Business,Yes,Kochi
11837,Female,26-35,Regular,No,Chandigarh
11838,Female,26-35,Budget,No,Lucknow
11839,Female,26-35,Regular,Yes,Chandigarh
11840,Female,60+,Budget,Yes,Nagpur
11841,Female,26-35,Budget,Yes,Chennai
11842,Female,26-35,Budget,No,Jaipur
11843,Female,46-60,Regular,No,Ahmedabad
11844,Male,26-35,Regular,Yes,Ahmedabad
11845,Male,46-60,Budget,Yes,Delhi
11846,Male,46-60,Premium,Yes,Bengaluru
11847,Female,26-35,Budget,Yes,Mumbai
11848,Female,36-45,Budget,No,Kochi
11849,Male,18-25,Regular,Yes,Nagpur
11850,Male,18-25,Budget,Yes,Lucknow
11851,Male,46-60,Budget,No,Ahmedabad
11852,Male,18-25,Regular,Yes,Nagpur
11853,Male,36-45,Regular,No,Pune
11854,Female,26-35,Regular,No,Bhubaneswar
11855,Female,18-25,Premium,No,Indore
11856,Male,46-60,Premium,No,Chennai
11857,Female,18-25,Budget,No,Chandigarh
11858,Male,18-25,Budget,Yes,Nagpur
11859,Female,26-35,Budget,Yes,Jaipur
11860,Female,18-25,Regular,No,Indore
11861,Female,18-25,Budget,No,Kochi
11862,Male,46-60,Budget,Yes,Mumbai
11863,Male,46-60,Regular,No,Ahmedabad
11864,Male,46-60,Regular,Yes,Delhi
11865,Male,36-45,Budget,Yes,Chennai
11866,Female,36-45,Budget,Yes,Bengaluru
11867,Female,36-45,Budget,No,Indore
11868,Female,18-25,Premium,Yes,Bhubaneswar
11869,Female,46-60,Budget,No,Delhi
11870,Female,46-60,Budget,Yes,Chennai
11871,Female,26-35,Regular,No,Nagpur
11872,Male,46-60,Regular,No,Nagpur
11873,Male,26-35,Premium,Yes,Delhi
11874,Female,36-45,Regular,No,Hyderabad
11875,Female,26-35,Regular,No,Indore
11876,Female,36-45,Regular,Yes,Ahmedabad
11877,Female,60+,Regular,No,Jaipur
11878,Male,26-35,Budget,Yes,Kochi
11879,Female,46-60,Premium,No,Indore
11880,Male,18-25,Budget,No,Hyderabad
11881,Male,46-60,Budget,Yes,Kochi
11882,Male,18-25,Regular,Yes,Chennai
11883,Male,26-35,Budget,Yes,Ahmedabad
11884,Male,36-45,Budget,Yes,Indore
11885,Female,26-35,Budget,Yes,Lucknow
11886,Male,26-35,Budget,No,Delhi
11887,Male,18-25,Budget,No,Pune
11888,Female,18-25,Business,Yes,Jaipur
11889,Female,18-25,Budget,Yes,Lucknow
11890,Female,46-60,Business,No,Nagpur
11891,Female,18-25,Budget,No,Pune
11892,Male,60+,Regular,No,Kochi
11893,Female,36-45,Regular,Yes,Bengaluru
11894,Male,18-25,Business,No,Delhi
11895,Female,46-60,Regular,Yes,Bhubaneswar
11896,Female,36-45,Regular,No,Pune
11897,Female,18-25,Business,Yes,Bengaluru
11898,Male,26-35,Budget,No,Ahmedabad
11899,Female,36-45,Budget,Yes,Delhi
11900,Male,18-25,Budget,Yes,Hyderabad
11901,Male,46-60,Budget,Yes,Pune
11902,Male,26-35,Business,No,Chennai
11903,Female,18-25,Premium,No,Bengaluru
11904,Male,18-25,Premium,No,Surat
11905,Female,60+,Budget,No,Surat
11906,Female,18-25,Budget,No,Ahmedabad
11907,Female,26-35,Regular,No,Mumbai
11908,Female,46-60,Budget,Yes,Surat
11909,Male,18-25,Budget,No,Hyderabad
11910,Male,26-35,Premium,No,Bhubaneswar
11911,Female,18-25,Regular,Yes,Chennai
11912,Female,60+,Budget,Yes,Indore
11913,Female,18-25,Budget,No,Mumbai
11914,Female,26-35,Budget,No,Ahmedabad
11915,Female,36-45,Regular,Yes,Mumbai
11916,Male,36-45,Budget,No,Chennai
11917,Female,26-35,Business,Yes,Ahmedabad
11918,Female,26-35,Budget,No,Nagpur
11919,Female,18-25,Budget,Yes,Kochi
11920,Male,26-35,Regular,No,Jaipur
11921,Female,60+,Regular,No,Pune
11922,Female,36-45,Regular,Yes,Chennai
11923,Male,18-25,Business,No,Nagpur
11924,Female,36-45,Business,Yes,Nagpur
11925,Male,18-25,Budget,No,Nagpur
11926,Male,36-45,Regular,No,Kochi
11927,Male,26-35,Regular,Yes,Chandigarh
11928,Male,36-45,Regular,Yes,Ahmedabad
11929,Female,26-35,Regular,Yes,Kochi
11930,Female,18-25,Regular,Yes,Lucknow
11931,Male,46-60,Budget,Yes,Chandigarh
11932,Male,46-60,Regular,No,Pune
11933,Female,60+,Regular,Yes,Hyderabad
11934,Male,36-45,Premium,No,Lucknow
11935,Female,18-25,Regular,No,Nagpur
11936,Female,26-35,Budget,No,Delhi
11937,Male,26-35,Business,Yes,Jaipur
11938,Male,36-45,Regular,No,Pune
11939,Female,46-60,Premium,Yes,Indore
11940,Female,26-35,Premium,No,Hyderabad
11941,Male,36-45,Budget,No,Chennai
11942,Male,26-35,Business,No,Surat
11943,Male,26-35,Premium,Yes,Bengaluru
11944,Female,46-60,Regular,No,Mumbai
11945,Female,26-35,Regular,No,Kochi
11946,Male,46-60,Premium,Yes,Chennai
11947,Female,26-35,Budget,No,Chandigarh
11948,Female,36-45,Regular,No,Surat
11949,Male,46-60,Premium,No,Indore
11950,Female,60+,Regular,Yes,Bengaluru
11951,Male,26-35,Regular,No,Chennai
11952,Male,60+,Regular,No,Mumbai
11953,Male,46-60,Regular,No,Mumbai
11954,Female,26-35,Regular,Yes,Hyderabad
11955,Female,46-60,Budget,No,Indore
11956,Female,26-35,Regular,Yes,Delhi
11957,Male,18-25,Budget,Yes,Kochi
11958,Male,26-35,Premium,Yes,Indore
11959,Female,36-45,Regular,No,Surat
11960,Male,36-45,Regular,No,Nagpur
11961,Female,36-45,Premium,Yes,Lucknow
11962,Female,18-25,Business,No,Mumbai
11963,Female,46-60,Regular,No,Mumbai
11964,Female,46-60,Business,No,Bhubaneswar
11965,Female,26-35,Premium,No,Ahmedabad
11966,Female,18-25,Regular,No,Surat
11967,Female,36-45,Budget,Yes,Jaipur
11968,Female,46-60,Regular,Yes,Chandigarh
11969,Male,46-60,Budget,No,Bengaluru
11970,Male,46-60,Business,No,Hyderabad
11971,Female,60+,Business,No,Bhubaneswar
11972,Female,36-45,Regular,Yes,Indore
11973,Male,26-35,Budget,Yes,Kochi
11974,Female,36-45,Regular,Yes,Lucknow
11975,Female,46-60,Business,No,Bhubaneswar
11976,Male,36-45,Budget,Yes,Pune
11977,Female,26-35,Premium,Yes,Jaipur
11978,Female,18-25,Budget,Yes,Bhubaneswar
11979,Female,46-60,Budget,Yes,Surat
11980,Male,18-25,Premium,No,Surat
11981,Female,26-35,Regular,No,Lucknow
11982,Male,26-35,Regular,No,Hyderabad
11983,Male,26-35,Regular,No,Surat
11984,Female,60+,Regular,Yes,Delhi
11985,Female,18-25,Premium,No,Pune
11986,Male,26-35,Premium,No,Indore
11987,Female,36-45,Budget,No,Ahmedabad
11988,Female,26-35,Regular,No,Surat
11989,Male,26-35,Premium,Yes,Chennai
11990,Female,36-45,Budget,No,Ahmedabad
11991,Female,46-60,Budget,No,Delhi
11992,Female,46-60,Regular,No,Chandigarh
11993,Male,26-35,Budget,No,Delhi
11994,Male,18-25,Regular,No,Lucknow
11995,Male,26-35,Regular,Yes,Lucknow
11996,Male,26-35,Budget,Yes,Jaipur
11997,Male,46-60,Budget,No,Chennai
11998,Male,26-35,Budget,Yes,Jaipur
11999,Female,26-35,Regular,No,Indore
12000,Female,18-25,Premium,No,Delhi
12001,Male,46-60,Business,No,Chennai
12002,Male,36-45,Regular,No,Kochi
12003,Male,18-25,Premium,No,Hyderabad
12004,Male,46-60,Premium,No,Surat
12005,Female,36-45,Regular,No,Chennai
12006,Female,36-45,Regular,Yes,Chandigarh
12007,Male,36-45,Budget,Yes,Mumbai
12008,Female,36-45,Budget,No,Hyderabad
12009,Male,18-25,Premium,Yes,Surat
12010,Female,46-60,Business,Yes,Bhubaneswar
12011,Female,18-25,Premium,No,Delhi
12012,Male,26-35,Business,No,Bhubaneswar
12013,Male,36-45,Regular,No,Bhubaneswar
12014,Male,26-35,Premium,Yes,Lucknow
12015,Female,26-35,Budget,No,Nagpur
12016,Male,36-45,Budget,No,Pune
12017,Male,36-45,Budget,No,Chennai
12018,Male,26-35,Budget,No,Kochi
12019,Male,26-35,Regular,No,Nagpur
12020,Female,26-35,Regular,No,Mumbai
12021,Male,26-35,Business,Yes,Pune
12022,Female,18-25,Budget,Yes,Kochi
12023,Male,26-35,Regular,No,Nagpur
12024,Female,26-35,Regular,No,Lucknow
12025,Male,26-35,Budget,No,Kochi
12026,Female,46-60,Budget,No,Lucknow
12027,Female,60+,Budget,Yes,Lucknow
12028,Female,26-35,Budget,No,Indore
12029,Female,26-35,Premium,No,Indore
12030,Male,18-25,Regular,Yes,Chandigarh
12031,Female,46-60,Budget,No,Chandigarh
12032,Male,18-25,Premium,No,Chandigarh
12033,Female,46-60,Regular,Yes,Chandigarh
12034,Male,36-45,Budget,No,Lucknow
12035,Female,46-60,Premium,Yes,Bengaluru
12036,Female,36-45,Budget,No,Jaipur
12037,Male,36-45,Budget,No,Surat
12038,Male,26-35,Premium,No,Delhi
12039,Male,46-60,Regular,Yes,Surat
12040,Male,36-45,Regular,No,Nagpur
12041,Male,18-25,Budget,No,Bhubaneswar
12042,Female,26-35,Regular,No,Chennai
12043,Male,46-60,Budget,Yes,Bhubaneswar
12044,Female,18-25,Regular,Yes,Surat
12045,Female,18-25,Business,Yes,Surat
12046,Female,36-45,Budget,No,Nagpur
12047,Male,18-25,Premium,Yes,Chandigarh
12048,Female,18-25,Regular,Yes,Pune
12049,Male,26-35,Premium,No,Nagpur
12050,Female,36-45,Regular,No,Lucknow
12051,Male,26-35,Regular,Yes,Chennai
12052,Female,26-35,Budget,Yes,Jaipur
12053,Male,18-25,Premium,No,Ahmedabad
12054,Female,26-35,Budget,Yes,Bhubaneswar
12055,Female,26-35,Regular,No,Mumbai
12056,Male,36-45,Regular,No,Jaipur
12057,Female,26-35,Regular,Yes,Indore
12058,Female,36-45,Budget,No,Mumbai
12059,Female,46-60,Premium,No,Hyderabad
12060,Female,18-25,Budget,Yes,Indore
12061,Female,18-25,Regular,No,Pune
12062,Female,46-60,Regular,No,Delhi
12063,Male,18-25,Budget,No,Jaipur
12064,Male,26-35,Budget,No,Lucknow
12065,Female,36-45,Premium,No,Surat
12066,Female,26-35,Regular,Yes,Bhubaneswar
12067,Male,26-35,Regular,No,Chandigarh
12068,Female,26-35,Budget,Yes,Pune
12069,Male,18-25,Business,No,Kochi
12070,Female,18-25,Premium,No,Pune
12071,Male,26-35,Business,No,Surat
12072,Female,46-60,Budget,No,Jaipur
12073,Male,60+,Regular,Yes,Hyderabad
12074,Female,18-25,Regular,No,Mumbai
12075,Male,26-35,Regular,Yes,Ahmedabad
12076,Male,36-45,Budget,No,Chennai
12077,Female,26-35,Budget,No,Chennai
12078,Female,60+,Budget,No,Surat
12079,Male,60+,Regular,No,Lucknow
12080,Male,18-25,Regular,No,Mumbai
12081,Male,26-35,Business,Yes,Delhi
12082,Female,26-35,Business,Yes,Pune
12083,Female,26-35,Regular,Yes,Surat
12084,Female,60+,Budget,No,Chennai
12085,Female,36-45,Regular,Yes,Mumbai
12086,Female,46-60,Regular,Yes,Kochi
12087,Male,26-35,Budget,Yes,Jaipur
12088,Female,26-35,Budget,No,Delhi
12089,Male,26-35,Budget,No,Bengaluru
12090,Male,36-45,Regular,Yes,Surat
12091,Male,36-45,Premium,Yes,Lucknow
12092,Female,18-25,Regular,No,Kochi
12093,Male,26-35,Regular,Yes,Nagpur
12094,Female,46-60,Regular,Yes,Delhi
12095,Female,46-60,Budget,No,Bengaluru
12096,Female,36-45,Regular,Yes,Nagpur
12097,Female,60+,Premium,No,Nagpur
12098,Male,26-35,Regular,No,Mumbai
12099,Male,36-45,Regular,No,Bhubaneswar
12100,Female,46-60,Regular,Yes,Kochi
12101,Female,18-25,Budget,Yes,Indore
12102,Female,18-25,Business,Yes,Indore
12103,Female,26-35,Regular,No,Mumbai
12104,Female,18-25,Regular,No,Surat
12105,Female,26-35,Business,No,Delhi
12106,Male,26-35,Budget,Yes,Nagpur
12107,Female,26-35,Regular,No,Bengaluru
12108,Male,26-35,Premium,Yes,Lucknow
12109,Female,36-45,Premium,No,Hyderabad
12110,Male,60+,Regular,No,Ahmedabad
12111,Male,18-25,Regular,No,Chandigarh
12112,Female,36-45,Premium,Yes,Lucknow
12113,Female,26-35,Business,Yes,Bengaluru
12114,Male,36-45,Premium,Yes,Delhi
12115,Female,18-25,Regular,Yes,Kochi
12116,Female,26-35,Budget,Yes,Indore
12117,Female,26-35,Business,No,Ahmedabad
12118,Female,36-45,Budget,Yes,Chandigarh
12119,Female,26-35,Budget,Yes,Surat
12120,Male,26-35,Budget,No,Kochi
12121,Female,46-60,Budget,No,Chennai
12122,Male,18-25,Regular,No,Nagpur
12123,Male,18-25,Budget,No,Mumbai
12124,Male,46-60,Regular,No,Bhubaneswar
12125,Male,36-45,Regular,Yes,Hyderabad
12126,Female,36-45,Premium,No,Delhi
12127,Female,36-45,Regular,No,Kochi
12128,Female,36-45,Regular,No,Jaipur
12129,Female,18-25,Regular,No,Delhi
12130,Female,36-45,Budget,No,Jaipur
12131,Female,36-45,Regular,Yes,Hyderabad
12132,Female,36-45,Business,No,Hyderabad
12133,Female,26-35,Budget,No,Pune
12134,Male,18-25,Regular,Yes,Surat
12135,Female,18-25,Business,No,Pune
12136,Male,26-35,Premium,No,Hyderabad
12137,Male,26-35,Regular,Yes,Pune
12138,Male,26-35,Budget,No,Kochi
12139,Male,18-25,Premium,No,Mumbai
12140,Female,18-25,Regular,No,Mumbai
12141,Female,26-35,Regular,No,Hyderabad
12142,Male,46-60,Regular,No,Kochi
12143,Male,36-45,Premium,No,Kochi
12144,Male,26-35,Budget,Yes,Bengaluru
12145,Male,26-35,Business,No,Delhi
12146,Male,18-25,Regular,No,Indore
12147,Male,36-45,Premium,Yes,Chandigarh
12148,Female,46-60,Regular,No,Indore
12149,Male,36-45,Budget,No,Delhi
12150,Male,26-35,Regular,No,Ahmedabad
12151,Female,18-25,Budget,No,Chennai
12152,Male,26-35,Budget,No,Lucknow
12153,Female,36-45,Regular,No,Lucknow
12154,Female,26-35,Regular,No,Surat
12155,Female,26-35,Regular,Yes,Jaipur
12156,Female,46-60,Budget,Yes,Chennai
12157,Female,26-35,Regular,No,Lucknow
12158,Male,36-45,Budget,No,Chennai
12159,Male,46-60,Budget,Yes,Jaipur
12160,Male,46-60,Regular,No,Nagpur
12161,Male,18-25,Budget,No,Chandigarh
12162,Male,46-60,Regular,No,Jaipur
12163,Male,26-35,Regular,No,Hyderabad
12164,Female,26-35,Regular,No,Indore
12165,Male,46-60,Regular,Yes,Lucknow
12166,Female,60+,Budget,No,Surat
12167,Male,36-45,Budget,No,Pune
12168,Female,26-35,Business,Yes,Bengaluru
12169,Male,46-60,Budget,No,Jaipur
12170,Female,26-35,Business,No,Pune
12171,Female,26-35,Business,Yes,Mumbai
12172,Male,26-35,Regular,No,Lucknow
12173,Female,18-25,Premium,No,Indore
12174,Female,46-60,Budget,Yes,Jaipur
12175,Female,46-60,Budget,Yes,Bengaluru
12176,Female,26-35,Regular,Yes,Nagpur
12177,Female,18-25,Regular,Yes,Surat
12178,Male,46-60,Budget,Yes,Chandigarh
12179,Female,26-35,Regular,No,Chennai
12180,Male,26-35,Regular,Yes,Kochi
12181,Female,26-35,Budget,Yes,Jaipur
12182,Male,46-60,Business,Yes,Lucknow
12183,Male,46-60,Regular,Yes,Indore
12184,Male,36-45,Regular,No,Indore
12185,Male,26-35,Budget,Yes,Delhi
12186,Female,26-35,Regular,No,Chennai
12187,Female,18-25,Business,No,Chennai
12188,Male,26-35,Budget,Yes,Pune
12189,Male,36-45,Business,No,Surat
12190,Female,36-45,Regular,Yes,Bhubaneswar
12191,Male,26-35,Business,No,Indore
12192,Male,36-45,Regular,No,Lucknow
12193,Male,18-25,Premium,No,Ahmedabad
12194,Male,26-35,Regular,Yes,Kochi
12195,Male,26-35,Budget,No,Nagpur
12196,Female,26-35,Regular,No,Bhubaneswar
12197,Male,60+,Regular,Yes,Lucknow
12198,Male,18-25,Premium,Yes,Pune
12199,Female,18-25,Regular,No,Ahmedabad
12200,Male,26-35,Regular,Yes,Hyderabad
12201,Female,18-25,Premium,Yes,Jaipur
12202,Male,26-35,Budget,No,Nagpur
12203,Male,46-60,Regular,No,Chandigarh
12204,Male,36-45,Budget,Yes,Bhubaneswar
12205,Male,26-35,Premium,No,Lucknow
12206,Female,26-35,Regular,Yes,Bhubaneswar
12207,Female,36-45,Regular,No,Mumbai
12208,Female,60+,Budget,No,Bhubaneswar
12209,Male,26-35,Regular,Yes,Surat
12210,Female,26-35,Business,Yes,Kochi
12211,Male,18-25,Regular,No,Chandigarh
12212,Male,26-35,Regular,No,Kochi
12213,Male,36-45,Budget,Yes,Bengaluru
12214,Male,46-60,Budget,Yes,Kochi
12215,Female,26-35,Budget,No,Jaipur
12216,Male,26-35,Business,Yes,Kochi
12217,Female,18-25,Budget,No,Kochi
12218,Female,36-45,Budget,Yes,Ahmedabad
12219,Male,18-25,Business,Yes,Nagpur
12220,Female,46-60,Regular,Yes,Lucknow
12221,Male,26-35,Business,Yes,Kochi
12222,Female,36-45,Premium,No,Mumbai
12223,Male,18-25,Regular,No,Lucknow
12224,Female,36-45,Regular,Yes,Indore
12225,Male,26-35,Budget,No,Indore
12226,Male,46-60,Regular,Yes,Lucknow
12227,Male,36-45,Premium,No,Kochi
12228,Male,46-60,Regular,No,Indore
12229,Male,46-60,Regular,No,Jaipur
12230,Male,18-25,Budget,Yes,Kochi
12231,Female,18-25,Budget,No,Bhubaneswar
12232,Male,36-45,Budget,No,Kochi
12233,Female,26-35,Regular,No,Kochi
12234,Male,36-45,Business,Yes,Chennai
12235,Female,18-25,Budget,No,Surat
12236,Female,26-35,Regular,No,Chennai
12237,Female,36-45,Premium,No,Lucknow
12238,Male,18-25,Regular,Yes,Chennai
12239,Male,36-45,Regular,Yes,Indore
12240,Male,46-60,Business,No,Surat
12241,Male,46-60,Budget,No,Chennai
12242,Male,36-45,Business,No,Hyderabad
12243,Female,46-60,Budget,No,Indore
12244,Female,26-35,Regular,No,Bhubaneswar
12245,Male,36-45,Regular,No,Hyderabad
12246,Male,18-25,Premium,Yes,Pune
12247,Male,26-35,Budget,No,Bengaluru
12248,Female,26-35,Budget,Yes,Delhi
12249,Male,26-35,Budget,No,Delhi
12250,Male,18-25,Regular,Yes,Surat
12251,Female,26-35,Budget,No,Lucknow
12252,Female,26-35,Regular,Yes,Bengaluru
12253,Male,46-60,Regular,No,Delhi
12254,Male,36-45,Premium,Yes,Surat
12255,Male,26-35,Premium,Yes,Bhubaneswar
12256,Female,26-35,Regular,Yes,Chandigarh
12257,Male,26-35,Regular,Yes,Bhubaneswar
12258,Female,60+,Premium,No,Delhi
12259,Male,26-35,Premium,No,Pune
12260,Male,36-45,Budget,Yes,Bengaluru
12261,Male,26-35,Regular,Yes,Indore
12262,Male,26-35,Premium,Yes,Hyderabad
12263,Female,46-60,Regular,Yes,Indore
12264,Male,26-35,Regular,Yes,Surat
12265,Female,46-60,Budget,Yes,Pune
12266,Male,18-25,Regular,Yes,Bhubaneswar
12267,Female,26-35,Budget,No,Bhubaneswar
12268,Female,26-35,Business,Yes,Bengaluru
12269,Male,46-60,Business,No,Chennai
12270,Female,46-60,Regular,Yes,Nagpur
12271,Male,36-45,Regular,No,Kochi
12272,Male,26-35,Regular,No,Indore
12273,Male,18-25,Budget,Yes,Hyderabad
12274,Male,46-60,Premium,Yes,Chennai
12275,Female,18-25,Regular,Yes,Kochi
12276,Female,36-45,Budget,No,Nagpur
12277,Male,26-35,Premium,No,Nagpur
12278,Male,36-45,Budget,No,Chandigarh
12279,Female,18-25,Regular,No,Indore
12280,Male,36-45,Regular,No,Bhubaneswar
12281,Male,18-25,Regular,No,Bengaluru
12282,Female,36-45,Budget,Yes,Chandigarh
12283,Male,46-60,Premium,Yes,Mumbai
12284,Female,46-60,Regular,No,Bengaluru
12285,Female,60+,Budget,Yes,Kochi
12286,Male,36-45,Budget,No,Jaipur
12287,Female,46-60,Budget,No,Bengaluru
12288,Female,46-60,Regular,Yes,Jaipur
12289,Female,46-60,Regular,No,Lucknow
12290,Male,36-45,Budget,No,Indore
12291,Female,26-35,Budget,No,Nagpur
12292,Male,26-35,Budget,Yes,Chennai
12293,Female,26-35,Premium,No,Ahmedabad
12294,Male,18-25,Budget,No,Delhi
12295,Male,26-35,Regular,No,Bhubaneswar
12296,Male,36-45,Budget,No,Chennai
12297,Male,26-35,Budget,No,Lucknow
12298,Female,36-45,Regular,No,Kochi
12299,Male,26-35,Regular,No,Surat
12300,Male,26-35,Budget,No,Lucknow
12301,Male,18-25,Budget,No,Pune
12302,Male,26-35,Budget,No,Chandigarh
12303,Male,26-35,Business,Yes,Delhi
12304,Female,26-35,Budget,No,Kochi
12305,Female,26-35,Regular,No,Indore
12306,Female,36-45,Regular,Yes,Pune
12307,Female,36-45,Regular,No,Surat
12308,Female,46-60,Budget,No,Kochi
12309,Female,46-60,Business,Yes,Chennai
12310,Male,36-45,Business,No,Kochi
12311,Female,26-35,Regular,Yes,Delhi
12312,Male,18-25,Budget,No,Indore
12313,Female,46-60,Premium,No,Mumbai
12314,Male,18-25,Budget,Yes,Indore
12315,Female,36-45,Budget,No,Lucknow
12316,Male,26-35,Regular,No,Nagpur
12317,Female,36-45,Business,No,Nagpur
12318,Female,46-60,Premium,No,Delhi
12319,Female,60+,Budget,No,Pune
12320,Female,18-25,Regular,Yes,Lucknow
12321,Male,26-35,Budget,No,Ahmedabad
12322,Female,36-45,Budget,No,Nagpur
12323,Male,18-25,Premium,Yes,Indore
12324,Female,26-35,Business,No,Surat
12325,Female,60+,Business,No,Hyderabad
12326,Female,26-35,Regular,No,Ahmedabad
12327,Male,18-25,Regular,No,Nagpur
12328,Male,26-35,Budget,No,Chandigarh
12329,Female,26-35,Premium,Yes,Indore
12330,Female,46-60,Budget,No,Chennai
12331,Female,46-60,Budget,Yes,Bhubaneswar
12332,Female,60+,Business,No,Chennai
12333,Male,36-45,Regular,No,Pune
12334,Female,36-45,Regular,No,Surat
12335,Female,18-25,Regular,No,Surat
12336,Female,26-35,Premium,No,Surat
12337,Female,26-35,Premium,No,Ahmedabad
12338,Female,26-35,Budget,Yes,Ahmedabad
12339,Female,36-45,Regular,Yes,Mumbai
12340,Male,36-45,Regular,Yes,Ahmedabad
12341,Female,46-60,Budget,No,Bengaluru
12342,Male,26-35,Budget,Yes,Hyderabad
12343,Male,60+,Budget,Yes,Pune
12344,Female,18-25,Premium,Yes,Indore
12345,Female,36-45,Budget,No,Kochi
12346,Female,26-35,Budget,No,Delhi
12347,Female,36-45,Regular,Yes,Bhubaneswar
12348,Male,26-35,Budget,Yes,Pune
12349,Female,36-45,Premium,No,Kochi
12350,Male,36-45,Regular,No,Nagpur
12351,Female,26-35,Budget,No,Ahmedabad
12352,Female,46-60,Premium,Yes,Bhubaneswar
12353,Male,26-35,Regular,Yes,Nagpur
12354,Male,46-60,Premium,Yes,Ahmedabad
12355,Male,18-25,Regular,Yes,Bengaluru
12356,Male,18-25,Business,No,Mumbai
12357,Female,60+,Regular,No,Hyderabad
12358,Male,26-35,Regular,No,Ahmedabad
12359,Female,46-60,Premium,Yes,Chandigarh
12360,Male,26-35,Regular,No,Jaipur
12361,Female,26-35,Regular,Yes,Kochi
12362,Female,36-45,Regular,No,Ahmedabad
12363,Male,26-35,Budget,No,Ahmedabad
12364,Male,26-35,Regular,No,Kochi
12365,Female,36-45,Regular,Yes,Nagpur
12366,Male,26-35,Budget,Yes,Bengaluru
12367,Female,18-25,Regular,No,Chennai
12368,Female,46-60,Regular,Yes,Bhubaneswar
12369,Male,26-35,Regular,Yes,Jaipur
12370,Male,26-35,Premium,No,Chandigarh
12371,Female,60+,Regular,Yes,Hyderabad
12372,Male,26-35,Budget,No,Delhi
12373,Female,18-25,Budget,No,Pune
12374,Female,26-35,Regular,Yes,Indore
12375,Male,18-25,Budget,Yes,Indore
12376,Female,26-35,Premium,No,Lucknow
12377,Male,46-60,Regular,No,Hyderabad
12378,Male,46-60,Premium,No,Delhi
12379,Male,26-35,Regular,No,Mumbai
12380,Female,18-25,Regular,Yes,Delhi
12381,Male,26-35,Regular,No,Nagpur
12382,Male,26-35,Premium,No,Lucknow
12383,Female,26-35,Regular,Yes,Chandigarh
12384,Male,18-25,Business,No,Kochi
12385,Male,46-60,Regular,No,Bhubaneswar
12386,Female,36-45,Regular,No,Lucknow
12387,Female,36-45,Budget,Yes,Hyderabad
12388,Male,26-35,Premium,No,Pune
12389,Male,60+,Regular,No,Kochi
12390,Female,18-25,Regular,Yes,Indore
12391,Female,36-45,Regular,No,Chennai
12392,Female,26-35,Premium,Yes,Bengaluru
12393,Male,26-35,Budget,Yes,Ahmedabad
12394,Female,26-35,Regular,No,Mumbai
12395,Male,60+,Business,Yes,Mumbai
12396,Male,26-35,Premium,Yes,Lucknow
12397,Male,46-60,Regular,Yes,Bhubaneswar
12398,Male,26-35,Regular,No,Pune
12399,Male,26-35,Business,Yes,Mumbai
12400,Male,26-35,Regular,Yes,Pune
12401,Male,46-60,Budget,No,Hyderabad
12402,Female,26-35,Budget,No,Bengaluru
12403,Female,18-25,Premium,Yes,Bengaluru
12404,Male,46-60,Budget,No,Lucknow
12405,Female,26-35,Regular,Yes,Chandigarh
12406,Male,46-60,Premium,Yes,Chennai
12407,Male,26-35,Premium,No,Chandigarh
12408,Female,18-25,Premium,No,Delhi
12409,Male,36-45,Regular,Yes,Indore
12410,Male,26-35,Business,No,Pune
12411,Female,36-45,Business,No,Chandigarh
12412,Female,26-35,Business,Yes,Mumbai
12413,Male,18-25,Budget,No,Ahmedabad
12414,Male,26-35,Regular,No,Kochi
12415,Female,26-35,Budget,Yes,Bengaluru
12416,Male,26-35,Regular,Yes,Ahmedabad
12417,Female,18-25,Regular,Yes,Ahmedabad
12418,Male,26-35,Regular,No,Kochi
12419,Male,26-35,Regular,Yes,Lucknow
12420,Male,36-45,Premium,No,Chennai
12421,Male,36-45,Regular,No,Chandigarh
12422,Male,36-45,Premium,No,Mumbai
12423,Male,18-25,Regular,No,Jaipur
12424,Female,26-35,Regular,No,Bhubaneswar
12425,Female,26-35,Business,Yes,Nagpur
12426,Female,26-35,Budget,No,Indore
12427,Female,46-60,Budget,No,Delhi
12428,Female,26-35,Premium,No,Chennai
12429,Male,26-35,Budget,No,Chandigarh
12430,Female,46-60,Budget,Yes,Jaipur
12431,Female,36-45,Budget,Yes,Chennai
12432,Male,46-60,Budget,No,Bengaluru
12433,Female,46-60,Budget,Yes,Delhi
12434,Male,18-25,Regular,Yes,Indore
12435,Male,46-60,Regular,No,Mumbai
12436,Male,60+,Premium,No,Delhi
12437,Female,36-45,Regular,No,Hyderabad
12438,Male,60+,Premium,No,Jaipur
12439,Female,18-25,Premium,Yes,Surat
12440,Female,26-35,Budget,No,Lucknow
12441,Female,36-45,Premium,No,Surat
12442,Male,46-60,Premium,No,Chandigarh
12443,Male,26-35,Budget,No,Pune
12444,Female,26-35,Business,Yes,Bhubaneswar
12445,Female,36-45,Budget,No,Delhi
12446,Female,26-35,Business,Yes,Bhubaneswar
12447,Male,46-60,Budget,Yes,Bhubaneswar
12448,Female,26-35,Budget,No,Indore
12449,Male,18-25,Budget,No,Indore
12450,Female,26-35,Budget,No,Kochi
12451,Female,46-60,Regular,No,Lucknow
12452,Male,26-35,Regular,Yes,Mumbai
12453,Female,46-60,Regular,Yes,Kochi
12454,Male,18-25,Regular,Yes,Chandigarh
12455,Female,46-60,Regular,No,Ahmedabad
12456,Male,18-25,Budget,Yes,Surat
12457,Female,26-35,Budget,No,Bhubaneswar
12458,Female,36-45,Budget,Yes,Ahmedabad
12459,Female,46-60,Regular,No,Ahmedabad
12460,Male,18-25,Budget,Yes,Delhi
12461,Female,18-25,Regular,Yes,Chandigarh
12462,Female,46-60,Budget,No,Nagpur
12463,Female,18-25,Regular,No,Kochi
12464,Male,26-35,Regular,Yes,Indore
12465,Male,26-35,Business,No,Ahmedabad
12466,Female,36-45,Budget,Yes,Nagpur
12467,Male,26-35,Business,Yes,Delhi
12468,Female,46-60,Business,Yes,Kochi
12469,Female,46-60,Budget,Yes,Bengaluru
12470,Male,26-35,Regular,No,Lucknow
12471,Female,46-60,Regular,No,Pune
12472,Female,26-35,Regular,Yes,Lucknow
12473,Female,36-45,Budget,Yes,Surat
12474,Female,18-25,Regular,No,Hyderabad
12475,Female,46-60,Business,No,Kochi
12476,Male,36-45,Budget,No,Mumbai
12477,Female,18-25,Budget,No,Lucknow
12478,Male,36-45,Regular,No,Bengaluru
12479,Female,26-35,Business,Yes,Nagpur
12480,Male,46-60,Budget,No,Chandigarh
12481,Female,18-25,Premium,No,Nagpur
12482,Female,46-60,Budget,No,Delhi
12483,Female,36-45,Regular,Yes,Bengaluru
12484,Female,26-35,Regular,Yes,Ahmedabad
12485,Male,36-45,Budget,No,Lucknow
12486,Male,60+,Budget,Yes,Surat
12487,Female,26-35,Budget,No,Bhubaneswar
12488,Female,46-60,Budget,Yes,Bhubaneswar
12489,Female,26-35,Budget,No,Lucknow
12490,Male,18-25,Business,No,Indore
12491,Female,36-45,Budget,No,Chennai
12492,Female,26-35,Regular,Yes,Mumbai
12493,Female,36-45,Regular,No,Chandigarh
12494,Female,18-25,Regular,No,Kochi
12495,Male,36-45,Budget,No,Bengaluru
12496,Male,26-35,Regular,Yes,Lucknow
12497,Male,46-60,Regular,No,Chennai
12498,Male,26-35,Regular,No,Mumbai
12499,Female,46-60,Budget,Yes,Bengaluru
12500,Male,26-35,Regular,Yes,Surat
12501,Female,46-60,Regular,Yes,Nagpur
12502,Male,46-60,Regular,No,Nagpur
12503,Male,46-60,Business,Yes,Jaipur
12504,Female,60+,Business,No,Indore
12505,Female,26-35,Regular,No,Nagpur
12506,Male,60+,Premium,No,Lucknow
12507,Male,26-35,Regular,No,Bhubaneswar
12508,Female,46-60,Regular,No,Mumbai
12509,Male,36-45,Regular,No,Kochi
12510,Female,46-60,Premium,No,Jaipur
12511,Female,26-35,Premium,No,Nagpur
12512,Female,18-25,Budget,No,Bhubaneswar
12513,Male,26-35,Budget,No,Indore
12514,Male,26-35,Budget,Yes,Jaipur
12515,Male,18-25,Business,No,Ahmedabad
12516,Female,36-45,Premium,Yes,Delhi
12517,Male,26-35,Premium,No,Mumbai
12518,Male,46-60,Premium,No,Pune
12519,Female,60+,Business,No,Hyderabad
12520,Female,46-60,Budget,No,Nagpur
12521,Female,36-45,Budget,Yes,Indore
12522,Male,26-35,Budget,No,Bengaluru
12523,Male,36-45,Regular,No,Chandigarh
12524,Male,60+,Budget,Yes,Nagpur
12525,Female,46-60,Regular,No,Ahmedabad
12526,Male,26-35,Business,Yes,Kochi
12527,Male,18-25,Budget,Yes,Indore
12528,Male,46-60,Business,Yes,Mumbai
12529,Female,26-35,Regular,No,Chennai
12530,Male,60+,Regular,No,Bengaluru
12531,Male,36-45,Budget,Yes,Mumbai
12532,Female,36-45,Regular,Yes,Kochi
12533,Male,36-45,Regular,No,Hyderabad
12534,Female,26-35,Regular,No,Hyderabad
12535,Male,26-35,Regular,No,Nagpur
12536,Female,26-35,Regular,Yes,Chandigarh
12537,Female,18-25,Budget,No,Kochi
12538,Male,36-45,Budget,No,Bhubaneswar
12539,Female,18-25,Regular,No,Kochi
12540,Female,46-60,Premium,No,Hyderabad
12541,Female,36-45,Premium,Yes,Chennai
12542,Female,60+,Budget,Yes,Jaipur
12543,Male,46-60,Budget,No,Nagpur
12544,Female,36-45,Premium,Yes,Delhi
12545,Female,46-60,Budget,Yes,Mumbai
12546,Female,26-35,Premium,No,Jaipur
12547,Male,18-25,Regular,No,Pune
12548,Female,26-35,Premium,Yes,Surat
12549,Female,26-35,Budget,No,Indore
12550,Female,46-60,Regular,Yes,Hyderabad
12551,Female,18-25,Regular,Yes,Kochi
12552,Male,18-25,Budget,No,Chennai
12553,Male,26-35,Regular,No,Bengaluru
12554,Male,46-60,Regular,Yes,Nagpur
12555,Male,60+,Budget,Yes,Delhi
12556,Female,36-45,Premium,Yes,Kochi
12557,Male,26-35,Budget,No,Delhi
12558,Female,18-25,Regular,No,Indore
12559,Male,60+,Regular,Yes,Ahmedabad
12560,Female,36-45,Budget,No,Jaipur
12561,Female,26-35,Regular,Yes,Bengaluru
12562,Female,36-45,Budget,Yes,Bengaluru
12563,Male,26-35,Regular,No,Indore
12564,Female,36-45,Budget,Yes,Delhi
12565,Female,46-60,Budget,No,Delhi
12566,Female,36-45,Regular,No,Pune
12567,Male,26-35,Business,Yes,Hyderabad
12568,Female,18-25,Premium,Yes,Delhi
12569,Male,60+,Regular,No,Bhubaneswar
12570,Male,36-45,Regular,Yes,Indore
12571,Female,18-25,Regular,No,Mumbai
12572,Female,26-35,Regular,Yes,Indore
12573,Male,26-35,Budget,No,Hyderabad
12574,Male,26-35,Budget,No,Surat
12575,Male,26-35,Regular,No,Hyderabad
12576,Female,60+,Regular,No,Hyderabad
12577,Male,46-60,Regular,Yes,Delhi
12578,Male,36-45,Regular,No,Lucknow
12579,Female,36-45,Premium,No,Chandigarh
12580,Female,46-60,Business,No,Jaipur
12581,Female,26-35,Premium,Yes,Chandigarh
12582,Female,46-60,Budget,No,Nagpur
12583,Female,18-25,Regular,No,Mumbai
12584,Male,46-60,Budget,Yes,Bhubaneswar
12585,Male,18-25,Budget,Yes,Bengaluru
12586,Male,26-35,Regular,Yes,Chandigarh
12587,Male,36-45,Regular,Yes,Mumbai
12588,Male,36-45,Budget,No,Delhi
12589,Male,18-25,Regular,No,Hyderabad
12590,Male,46-60,Premium,No,Chennai
12591,Female,18-25,Regular,Yes,Bhubaneswar
12592,Female,36-45,Budget,No,Nagpur
12593,Female,18-25,Budget,No,Lucknow
12594,Male,26-35,Regular,Yes,Chandigarh
12595,Male,26-35,Regular,Yes,Ahmedabad
12596,Female,18-25,Budget,Yes,Hyderabad
12597,Male,46-60,Regular,No,Mumbai
12598,Female,26-35,Business,No,Nagpur
12599,Male,46-60,Business,No,Lucknow
12600,Male,26-35,Regular,Yes,Mumbai
12601,Female,26-35,Regular,No,Hyderabad
12602,Male,18-25,Business,Yes,Bengaluru
12603,Male,36-45,Regular,Yes,Bhubaneswar
12604,Male,18-25,Budget,No,Kochi
12605,Male,26-35,Regular,Yes,Chandigarh
12606,Male,46-60,Regular,Yes,Pune
12607,Female,18-25,Business,Yes,Surat
12608,Male,46-60,Budget,No,Surat
12609,Female,46-60,Business,No,Mumbai
12610,Male,26-35,Budget,No,Nagpur
12611,Female,26-35,Budget,No,Bhubaneswar
12612,Female,36-45,Regular,No,Delhi
12613,Male,36-45,Regular,No,Hyderabad
12614,Male,26-35,Budget,Yes,Delhi
12615,Male,46-60,Regular,No,Kochi
12616,Female,36-45,Premium,Yes,Pune
12617,Male,26-35,Business,No,Bhubaneswar
12618,Female,46-60,Budget,Yes,Indore
12619,Female,36-45,Regular,Yes,Ahmedabad
12620,Male,36-45,Regular,Yes,Indore
12621,Female,18-25,Regular,Yes,Kochi
12622,Male,46-60,Premium,No,Bhubaneswar
12623,Male,46-60,Budget,No,Lucknow
12624,Male,60+,Business,Yes,Ahmedabad
12625,Female,26-35,Regular,Yes,Nagpur
12626,Female,26-35,Budget,Yes,Mumbai
12627,Female,26-35,Business,Yes,Jaipur
12628,Male,60+,Business,Yes,Ahmedabad
12629,Female,18-25,Budget,No,Jaipur
12630,Male,26-35,Budget,No,Delhi
12631,Female,26-35,Budget,No,Jaipur
12632,Male,26-35,Regular,No,Ahmedabad
12633,Male,36-45,Business,No,Surat
12634,Female,46-60,Premium,No,Nagpur
12635,Male,46-60,Premium,No,Nagpur
12636,Female,26-35,Budget,No,Pune
12637,Male,26-35,Regular,No,Kochi
12638,Female,26-35,Budget,No,Nagpur
12639,Male,26-35,Regular,Yes,Kochi
12640,Male,36-45,Regular,Yes,Hyderabad
12641,Male,26-35,Regular,No,Hyderabad
12642,Male,26-35,Premium,No,Kochi
12643,Male,26-35,Business,No,Pune
12644,Male,26-35,Business,No,Jaipur
12645,Female,18-25,Regular,No,Indore
12646,Male,18-25,Regular,Yes,Bhubaneswar
12647,Female,26-35,Premium,No,Hyderabad
12648,Female,36-45,Premium,No,Mumbai
12649,Male,18-25,Regular,No,Lucknow
12650,Female,18-25,Business,No,Delhi
12651,Male,36-45,Regular,Yes,Pune
12652,Female,18-25,Premium,No,Delhi
12653,Female,18-25,Budget,No,Bhubaneswar
12654,Male,46-60,Business,Yes,Nagpur
12655,Female,36-45,Budget,Yes,Nagpur
12656,Female,18-25,Regular,No,Surat
12657,Male,26-35,Regular,Yes,Chandigarh
12658,Female,46-60,Regular,Yes,Mumbai
12659,Male,26-35,Business,No,Ahmedabad
12660,Female,36-45,Budget,No,Bengaluru
12661,Male,46-60,Regular,Yes,Delhi
12662,Male,26-35,Premium,Yes,Hyderabad
12663,Female,26-35,Premium,No,Surat
12664,Female,18-25,Regular,No,Chennai
12665,Female,36-45,Budget,No,Hyderabad
12666,Female,26-35,Regular,No,Surat
12667,Male,18-25,Premium,Yes,Hyderabad
12668,Male,26-35,Regular,Yes,Chennai
12669,Male,18-25,Premium,Yes,Bengaluru
12670,Male,26-35,Premium,No,Bhubaneswar
12671,Female,36-45,Budget,No,Surat
12672,Female,36-45,Regular,No,Indore
12673,Female,18-25,Regular,No,Mumbai
12674,Female,26-35,Premium,Yes,Delhi
12675,Female,36-45,Business,No,Pune
12676,Male,36-45,Premium,No,Bengaluru
12677,Male,46-60,Budget,No,Mumbai
12678,Female,46-60,Budget,No,Lucknow
12679,Male,36-45,Business,Yes,Mumbai
12680,Female,26-35,Regular,Yes,Ahmedabad
12681,Male,46-60,Budget,No,Lucknow
12682,Male,36-45,Regular,Yes,Surat
12683,Female,36-45,Budget,No,Jaipur
12684,Male,36-45,Regular,No,Nagpur
12685,Male,46-60,Regular,No,Bhubaneswar
12686,Male,26-35,Regular,No,Nagpur
12687,Male,18-25,Budget,Yes,Chandigarh
12688,Female,36-45,Regular,No,Lucknow
12689,Male,26-35,Budget,No,Mumbai
12690,Male,26-35,Regular,No,Surat
12691,Male,26-35,Budget,Yes,Indore
12692,Male,26-35,Regular,Yes,Bhubaneswar
12693,Female,26-35,Budget,No,Kochi
12694,Male,18-25,Budget,Yes,Chennai
12695,Female,36-45,Premium,No,Ahmedabad
12696,Female,18-25,Budget,No,Bengaluru
12697,Female,26-35,Premium,Yes,Indore
12698,Male,18-25,Regular,Yes,Chandigarh
12699,Female,26-35,Regular,Yes,Indore
12700,Female,18-25,Business,No,Mumbai
12701,Male,46-60,Premium,Yes,Bengaluru
12702,Female,26-35,Regular,Yes,Mumbai
12703,Female,26-35,Premium,Yes,Surat
12704,Male,36-45,Budget,Yes,Chennai
12705,Female,18-25,Premium,Yes,Hyderabad
12706,Male,18-25,Regular,No,Chennai
12707,Female,26-35,Regular,Yes,Mumbai
12708,Female,46-60,Budget,Yes,Nagpur
12709,Male,36-45,Regular,No,Nagpur
12710,Male,26-35,Business,No,Nagpur
12711,Male,18-25,Regular,Yes,Ahmedabad
12712,Female,26-35,Regular,No,Bhubaneswar
12713,Male,46-60,Budget,Yes,Bengaluru
12714,Male,46-60,Budget,No,Chandigarh
12715,Female,46-60,Budget,Yes,Kochi
12716,Male,26-35,Regular,No,Chennai
12717,Male,60+,Budget,No,Jaipur
12718,Female,60+,Regular,No,Pune
12719,Female,26-35,Budget,No,Pune
12720,Female,18-25,Budget,No,Jaipur
12721,Male,26-35,Business,Yes,Mumbai
12722,Female,26-35,Regular,Yes,Mumbai
12723,Female,26-35,Regular,No,Bengaluru
12724,Male,26-35,Budget,No,Surat
12725,Female,46-60,Regular,No,Indore
12726,Female,46-60,Regular,No,Kochi
12727,Male,26-35,Budget,Yes,Bengaluru
12728,Male,26-35,Regular,Yes,Delhi
12729,Female,26-35,Regular,No,Hyderabad
12730,Male,36-45,Business,Yes,Jaipur
12731,Male,26-35,Regular,No,Lucknow
12732,Female,26-35,Budget,Yes,Lucknow
12733,Male,18-25,Regular,Yes,Chennai
12734,Female,26-35,Regular,No,Lucknow
12735,Female,36-45,Regular,Yes,Delhi
12736,Male,18-25,Premium,No,Lucknow
12737,Male,46-60,Regular,No,Kochi
12738,Male,36-45,Budget,No,Jaipur
12739,Female,18-25,Regular,Yes,Bengaluru
12740,Female,60+,Regular,No,Chennai
12741,Female,60+,Budget,Yes,Indore
12742,Male,18-25,Budget,No,Surat
12743,Male,26-35,Regular,Yes,Pune
12744,Female,46-60,Budget,Yes,Lucknow
12745,Female,26-35,Budget,No,Delhi
12746,Male,36-45,Regular,No,Nagpur
12747,Male,46-60,Premium,Yes,Hyderabad
12748,Male,36-45,Budget,No,Surat
12749,Male,18-25,Budget,No,Jaipur
12750,Female,18-25,Budget,No,Jaipur
12751,Male,60+,Regular,Yes,Nagpur
12752,Male,26-35,Regular,Yes,Chandigarh
12753,Female,46-60,Business,No,Jaipur
12754,Male,18-25,Premium,Yes,Chennai
12755,Male,36-45,Budget,No,Ahmedabad
12756,Female,18-25,Budget,Yes,Hyderabad
12757,Male,18-25,Business,No,Nagpur
12758,Female,36-45,Regular,Yes,Chandigarh
12759,Male,26-35,Business,Yes,Nagpur
12760,Female,26-35,Regular,Yes,Chennai
12761,Male,36-45,Premium,No,Indore
12762,Male,26-35,Premium,No,Lucknow
12763,Male,46-60,Premium,Yes,Nagpur
12764,Female,46-60,Regular,No,Bengaluru
12765,Male,18-25,Regular,Yes,Jaipur
12766,Female,36-45,Regular,No,Bhubaneswar
12767,Male,36-45,Premium,No,Delhi
12768,Male,26-35,Regular,No,Ahmedabad
12769,Female,26-35,Budget,No,Pune
12770,Female,46-60,Budget,No,Kochi
12771,Male,46-60,Budget,No,Jaipur
12772,Male,26-35,Business,Yes,Hyderabad
12773,Female,36-45,Regular,No,Chandigarh
12774,Female,18-25,Premium,Yes,Surat
12775,Male,46-60,Budget,No,Indore
12776,Female,26-35,Budget,Yes,Ahmedabad
12777,Female,46-60,Regular,No,Ahmedabad
12778,Male,46-60,Regular,Yes,Surat
12779,Male,36-45,Budget,No,Jaipur
12780,Male,26-35,Business,No,Hyderabad
12781,Female,26-35,Budget,No,Ahmedabad
12782,Female,18-25,Budget,No,Mumbai
12783,Female,18-25,Budget,No,Bhubaneswar
12784,Male,18-25,Budget,Yes,Nagpur
12785,Male,18-25,Regular,Yes,Chandigarh
12786,Male,46-60,Budget,No,Jaipur
12787,Female,26-35,Regular,No,Chandigarh
12788,Female,26-35,Business,No,Chandigarh
12789,Female,46-60,Premium,Yes,Delhi
12790,Male,46-60,Business,Yes,Lucknow
12791,Female,60+,Regular,No,Kochi
12792,Female,36-45,Business,No,Lucknow
12793,Female,36-45,Budget,Yes,Mumbai
12794,Male,46-60,Regular,Yes,Hyderabad
12795,Male,18-25,Budget,Yes,Hyderabad
12796,Female,18-25,Regular,Yes,Kochi
12797,Male,46-60,Regular,Yes,Chandigarh
12798,Female,46-60,Business,Yes,Kochi
12799,Female,46-60,Budget,Yes,Bhubaneswar
12800,Female,26-35,Budget,Yes,Indore
12801,Male,26-35,Regular,Yes,Nagpur
12802,Female,46-60,Regular,No,Kochi
12803,Male,36-45,Budget,No,Bhubaneswar
12804,Female,36-45,Regular,No,Bhubaneswar
12805,Male,18-25,Regular,Yes,Ahmedabad
12806,Female,18-25,Budget,Yes,Jaipur
12807,Female,46-60,Premium,No,Delhi
12808,Male,36-45,Budget,No,Chandigarh
12809,Male,60+,Regular,Yes,Chennai
12810,Male,18-25,Regular,No,Hyderabad
12811,Female,18-25,Regular,Yes,Bengaluru
12812,Female,18-25,Premium,Yes,Nagpur
12813,Female,18-25,Premium,Yes,Delhi
12814,Male,36-45,Regular,No,Surat
12815,Male,18-25,Budget,No,Bengaluru
12816,Female,60+,Premium,Yes,Pune
12817,Female,36-45,Regular,No,Surat
12818,Male,36-45,Budget,No,Chandigarh
12819,Female,46-60,Regular,No,Indore
12820,Male,18-25,Premium,Yes,Ahmedabad
12821,Female,26-35,Budget,No,Delhi
12822,Female,18-25,Regular,No,Indore
12823,Male,18-25,Budget,Yes,Nagpur
12824,Male,36-45,Budget,No,Mumbai
12825,Male,18-25,Budget,No,Pune
12826,Female,18-25,Budget,No,Surat
12827,Female,26-35,Budget,Yes,Chandigarh
12828,Female,36-45,Regular,No,Mumbai
12829,Male,46-60,Premium,No,Nagpur
12830,Female,46-60,Regular,Yes,Mumbai
12831,Male,46-60,Premium,Yes,Bhubaneswar
12832,Female,26-35,Regular,Yes,Hyderabad
12833,Male,36-45,Budget,Yes,Lucknow
12834,Male,46-60,Premium,Yes,Jaipur
12835,Male,36-45,Regular,Yes,Indore
12836,Male,60+,Regular,No,Surat
12837,Female,26-35,Business,Yes,Hyderabad
12838,Male,36-45,Budget,No,Bengaluru
12839,Male,18-25,Premium,No,Hyderabad
12840,Female,60+,Budget,Yes,Chennai
12841,Female,46-60,Budget,Yes,Bengaluru
12842,Female,18-25,Budget,Yes,Bhubaneswar
12843,Male,26-35,Regular,No,Bhubaneswar
12844,Male,18-25,Regular,Yes,Mumbai
12845,Male,36-45,Budget,No,Lucknow
12846,Female,36-45,Budget,No,Indore
12847,Male,36-45,Regular,No,Chennai
12848,Female,26-35,Premium,Yes,Bengaluru
12849,Male,26-35,Budget,No,Lucknow
12850,Female,18-25,Regular,No,Nagpur
12851,Female,46-60,Regular,No,Chennai
12852,Female,26-35,Budget,No,Lucknow
12853,Female,26-35,Premium,No,Chennai
12854,Male,36-45,Premium,No,Chandigarh
12855,Female,26-35,Regular,No,Bengaluru
12856,Male,26-35,Budget,No,Bhubaneswar
12857,Male,26-35,Premium,No,Chennai
12858,Male,18-25,Regular,No,Bhubaneswar
12859,Male,26-35,Budget,No,Mumbai
12860,Male,26-35,Premium,No,Nagpur
12861,Male,46-60,Regular,Yes,Bengaluru
12862,Female,18-25,Regular,Yes,Ahmedabad
12863,Female,46-60,Regular,Yes,Chandigarh
12864,Female,26-35,Regular,Yes,Surat
12865,Male,18-25,Budget,Yes,Lucknow
12866,Male,26-35,Budget,Yes,Kochi
12867,Male,36-45,Premium,No,Nagpur
12868,Female,46-60,Budget,No,Chandigarh
12869,Male,46-60,Budget,No,Bengaluru
12870,Female,46-60,Budget,Yes,Indore
12871,Female,18-25,Budget,Yes,Jaipur
12872,Male,26-35,Regular,Yes,Indore
12873,Female,18-25,Premium,Yes,Jaipur
12874,Female,26-35,Premium,No,Indore
12875,Female,26-35,Budget,Yes,Ahmedabad
12876,Male,26-35,Budget,No,Surat
12877,Female,18-25,Budget,No,Chennai
12878,Female,46-60,Budget,Yes,Bengaluru
12879,Female,26-35,Budget,No,Bhubaneswar
12880,Male,46-60,Budget,No,Pune
12881,Male,26-35,Regular,Yes,Chandigarh
12882,Female,46-60,Budget,Yes,Chandigarh
12883,Male,26-35,Business,No,Chandigarh
12884,Female,18-25,Budget,Yes,Ahmedabad
12885,Male,26-35,Premium,No,Chandigarh
12886,Male,26-35,Budget,Yes,Jaipur
12887,Female,18-25,Premium,No,Ahmedabad
12888,Female,36-45,Regular,Yes,Kochi
12889,Male,36-45,Budget,Yes,Delhi
12890,Male,60+,Regular,No,Indore
12891,Female,18-25,Regular,No,Chennai
12892,Female,36-45,Budget,No,Indore
12893,Male,18-25,Premium,Yes,Lucknow
12894,Female,46-60,Budget,Yes,Pune
12895,Female,60+,Regular,Yes,Mumbai
12896,Male,26-35,Budget,No,Surat
12897,Male,36-45,Budget,Yes,Delhi
12898,Male,46-60,Regular,Yes,Mumbai
12899,Male,26-35,Budget,Yes,Indore
12900,Male,26-35,Budget,No,Hyderabad
12901,Female,26-35,Regular,Yes,Chennai
12902,Male,26-35,Premium,No,Chennai
12903,Male,46-60,Business,Yes,Indore
12904,Male,26-35,Budget,No,Nagpur
12905,Female,26-35,Regular,Yes,Nagpur
12906,Female,36-45,Budget,No,Bhubaneswar
12907,Male,26-35,Regular,No,Jaipur
12908,Male,18-25,Regular,No,Chandigarh
12909,Male,36-45,Premium,Yes,Jaipur
12910,Female,46-60,Regular,No,Lucknow
12911,Female,26-35,Premium,Yes,Indore
12912,Female,18-25,Regular,No,Ahmedabad
12913,Male,18-25,Premium,No,Bhubaneswar
12914,Female,46-60,Regular,No,Mumbai
12915,Female,18-25,Regular,Yes,Bhubaneswar
12916,Male,18-25,Regular,Yes,Chennai
12917,Female,26-35,Regular,Yes,Pune
12918,Male,18-25,Regular,No,Pune
12919,Male,26-35,Budget,No,Pune
12920,Male,46-60,Budget,Yes,Chandigarh
12921,Male,46-60,Premium,Yes,Surat
12922,Female,26-35,Business,Yes,Nagpur
12923,Male,26-35,Regular,No,Jaipur
12924,Male,36-45,Budget,Yes,Lucknow
12925,Female,36-45,Regular,Yes,Chennai
12926,Male,46-60,Premium,No,Delhi
12927,Male,26-35,Business,Yes,Jaipur
12928,Male,36-45,Budget,Yes,Chennai
12929,Female,18-25,Regular,No,Pune
12930,Male,26-35,Business,No,Hyderabad
12931,Male,60+,Premium,Yes,Surat
12932,Female,26-35,Regular,Yes,Chennai
12933,Male,18-25,Regular,No,Kochi
12934,Female,18-25,Regular,No,Indore
12935,Male,26-35,Business,Yes,Bengaluru
12936,Female,46-60,Premium,Yes,Bengaluru
12937,Female,36-45,Regular,No,Chennai
12938,Male,18-25,Premium,Yes,Surat
12939,Female,36-45,Regular,Yes,Surat
12940,Female,26-35,Premium,No,Pune
12941,Female,46-60,Budget,No,Kochi
12942,Male,26-35,Business,No,Mumbai
12943,Male,18-25,Regular,No,Kochi
12944,Female,60+,Budget,No,Jaipur
12945,Male,26-35,Regular,No,Lucknow
12946,Male,46-60,Premium,No,Delhi
12947,Male,46-60,Regular,No,Mumbai
12948,Male,18-25,Regular,No,Ahmedabad
12949,Male,18-25,Budget,Yes,Indore
12950,Male,46-60,Premium,No,Bengaluru
12951,Female,26-35,Premium,No,Lucknow
12952,Female,46-60,Business,Yes,Bengaluru
12953,Female,26-35,Regular,No,Chandigarh
12954,Male,26-35,Regular,No,Mumbai
12955,Female,26-35,Premium,No,Nagpur
12956,Male,18-25,Regular,Yes,Nagpur
12957,Male,26-35,Regular,No,Bengaluru
12958,Female,26-35,Budget,No,Jaipur
12959,Female,46-60,Premium,No,Indore
12960,Female,18-25,Budget,No,Chandigarh
12961,Male,46-60,Regular,No,Mumbai
12962,Male,26-35,Regular,Yes,Bhubaneswar
12963,Male,46-60,Budget,No,Indore
12964,Male,18-25,Budget,No,Nagpur
12965,Female,26-35,Budget,No,Indore
12966,Male,18-25,Regular,Yes,Mumbai
12967,Male,46-60,Regular,No,Pune
12968,Female,26-35,Regular,Yes,Surat
12969,Female,26-35,Business,Yes,Lucknow
12970,Female,60+,Premium,No,Nagpur
12971,Male,26-35,Regular,No,Pune
12972,Female,18-25,Budget,Yes,Chandigarh
12973,Male,36-45,Business,No,Ahmedabad
12974,Male,26-35,Premium,Yes,Bengaluru
12975,Male,18-25,Budget,No,Hyderabad
12976,Male,18-25,Regular,Yes,Mumbai
12977,Male,60+,Business,Yes,Indore
12978,Female,18-25,Budget,No,Surat
12979,Female,46-60,Budget,Yes,Chandigarh
12980,Male,18-25,Regular,No,Delhi
12981,Female,36-45,Budget,Yes,Indore
12982,Female,36-45,Regular,Yes,Surat
12983,Female,26-35,Business,Yes,Indore
12984,Male,36-45,Regular,No,Pune
12985,Male,18-25,Budget,Yes,Ahmedabad
12986,Female,46-60,Regular,Yes,Surat
12987,Male,26-35,Business,Yes,Chandigarh
12988,Male,46-60,Budget,No,Pune
12989,Male,26-35,Regular,No,Bhubaneswar
12990,Female,36-45,Regular,Yes,Ahmedabad
12991,Female,60+,Budget,Yes,Kochi
12992,Male,46-60,Regular,Yes,Jaipur
12993,Female,60+,Budget,Yes,Nagpur
12994,Male,26-35,Regular,Yes,Indore
12995,Male,18-25,Business,Yes,Jaipur
12996,Female,26-35,Budget,No,Pune
12997,Female,26-35,Regular,No,Bhubaneswar
12998,Female,36-45,Budget,No,Chennai
12999,Female,46-60,Premium,Yes,Ahmedabad
13000,Female,26-35,Budget,No,Surat
13001,Male,46-60,Premium,No,Surat
13002,Male,46-60,Premium,Yes,Kochi
13003,Male,18-25,Budget,No,Bengaluru
13004,Male,36-45,Business,No,Nagpur
13005,Male,18-25,Business,No,Mumbai
13006,Female,18-25,Premium,No,Bengaluru
13007,Male,18-25,Budget,No,Chandigarh
13008,Female,46-60,Budget,Yes,Indore
13009,Male,46-60,Regular,No,Chennai
13010,Male,18-25,Budget,No,Hyderabad
13011,Female,18-25,Regular,No,Indore
13012,Male,18-25,Budget,Yes,Bhubaneswar
13013,Female,36-45,Regular,No,Ahmedabad
13014,Female,18-25,Regular,No,Chandigarh
13015,Female,36-45,Budget,No,Jaipur
13016,Male,18-25,Budget,No,Nagpur
13017,Male,18-25,Regular,No,Bhubaneswar
13018,Female,36-45,Regular,No,Indore
13019,Female,46-60,Regular,Yes,Delhi
13020,Male,26-35,Budget,No,Ahmedabad
13021,Female,26-35,Regular,Yes,Chandigarh
13022,Male,46-60,Regular,Yes,Kochi
13023,Female,36-45,Budget,No,Pune
13024,Female,26-35,Budget,Yes,Jaipur
13025,Male,46-60,Budget,Yes,Hyderabad
13026,Female,26-35,Business,Yes,Pune
13027,Male,36-45,Premium,No,Hyderabad
13028,Male,46-60,Regular,No,Delhi
13029,Female,60+,Regular,No,Chennai
13030,Male,36-45,Regular,Yes,Delhi
13031,Female,18-25,Regular,No,Mumbai
13032,Male,26-35,Regular,No,Nagpur
13033,Male,26-35,Regular,Yes,Chennai
13034,Male,26-35,Budget,Yes,Kochi
13035,Male,60+,Budget,No,Kochi
13036,Male,18-25,Budget,No,Ahmedabad
13037,Female,46-60,Budget,No,Chennai
13038,Female,18-25,Budget,Yes,Bhubaneswar
13039,Female,36-45,Business,No,Lucknow
13040,Male,26-35,Premium,No,Nagpur
13041,Male,46-60,Budget,Yes,Jaipur
13042,Male,36-45,Regular,Yes,Bhubaneswar
13043,Female,26-35,Business,Yes,Indore
13044,Male,36-45,Budget,Yes,Ahmedabad
13045,Female,36-45,Regular,No,Mumbai
13046,Female,26-35,Regular,Yes,Pune
13047,Male,26-35,Business,No,Bengaluru
13048,Female,18-25,Regular,Yes,Chandigarh
13049,Male,36-45,Premium,No,Indore
13050,Male,46-60,Premium,No,Ahmedabad
13051,Male,36-45,Budget,Yes,Jaipur
13052,Female,36-45,Budget,No,Chennai
13053,Male,26-35,Regular,No,Surat
13054,Male,18-25,Budget,No,Lucknow
13055,Female,46-60,Budget,No,Ahmedabad
13056,Female,26-35,Budget,Yes,Jaipur
13057,Male,36-45,Regular,Yes,Nagpur
13058,Male,60+,Business,No,Nagpur
13059,Male,26-35,Regular,No,Bengaluru
13060,Female,46-60,Regular,Yes,Indore
13061,Female,46-60,Regular,Yes,Chandigarh
13062,Male,46-60,Budget,Yes,Chennai
13063,Male,36-45,Regular,Yes,Bengaluru
13064,Male,26-35,Regular,No,Mumbai
13065,Male,36-45,Regular,No,Pune
13066,Female,26-35,Regular,Yes,Bhubaneswar
13067,Male,26-35,Regular,Yes,Chandigarh
13068,Male,26-35,Premium,No,Surat
13069,Male,18-25,Premium,Yes,Ahmedabad
13070,Male,26-35,Budget,Yes,Nagpur
13071,Male,60+,Regular,Yes,Indore
13072,Female,18-25,Budget,No,Jaipur
13073,Female,26-35,Regular,Yes,Kochi
13074,Male,36-45,Regular,No,Surat
13075,Male,18-25,Budget,No,Ahmedabad
13076,Male,36-45,Regular,Yes,Delhi
13077,Female,26-35,Regular,No,Indore
13078,Female,18-25,Business,Yes,Hyderabad
13079,Male,26-35,Budget,No,Indore
13080,Female,46-60,Budget,Yes,Mumbai
13081,Male,36-45,Regular,No,Surat
13082,Female,18-25,Budget,No,Surat
13083,Female,26-35,Regular,Yes,Hyderabad
13084,Male,26-35,Regular,Yes,Bengaluru
13085,Male,26-35,Premium,No,Chennai
13086,Male,60+,Regular,No,Delhi
13087,Female,36-45,Budget,No,Surat
13088,Male,26-35,Regular,No,Lucknow
13089,Male,36-45,Regular,No,Delhi
13090,Female,26-35,Budget,No,Ahmedabad
13091,Female,36-45,Budget,No,Chennai
13092,Female,36-45,Budget,No,Chandigarh
13093,Female,60+,Budget,No,Surat
13094,Female,26-35,Regular,No,Delhi
13095,Male,18-25,Regular,Yes,Indore
13096,Female,18-25,Premium,No,Lucknow
13097,Female,36-45,Regular,Yes,Chennai
13098,Male,36-45,Regular,No,Ahmedabad
13099,Male,18-25,Regular,No,Mumbai
13100,Female,46-60,Regular,Yes,Bengaluru
13101,Male,26-35,Regular,No,Ahmedabad
13102,Male,46-60,Budget,No,Bengaluru
13103,Female,26-35,Regular,No,Bhubaneswar
13104,Female,26-35,Budget,No,Kochi
13105,Male,26-35,Regular,No,Kochi
13106,Male,36-45,Budget,No,Indore
13107,Female,26-35,Regular,No,Surat
13108,Male,18-25,Regular,Yes,Bhubaneswar
13109,Female,18-25,Regular,No,Bengaluru
13110,Male,26-35,Budget,No,Chennai
13111,Male,26-35,Budget,Yes,Indore
13112,Male,36-45,Budget,No,Lucknow
13113,Female,36-45,Premium,No,Lucknow
13114,Male,26-35,Regular,Yes,Pune
13115,Male,36-45,Budget,Yes,Indore
13116,Female,26-35,Regular,Yes,Nagpur
13117,Female,18-25,Budget,Yes,Pune
13118,Male,60+,Regular,Yes,Surat
13119,Female,26-35,Regular,No,Delhi
13120,Male,36-45,Business,Yes,Bhubaneswar
13121,Male,18-25,Regular,No,Lucknow
13122,Male,18-25,Regular,No,Mumbai
13123,Male,46-60,Budget,Yes,Delhi
13124,Male,26-35,Regular,No,Pune
13125,Male,36-45,Regular,No,Nagpur
13126,Female,18-25,Premium,Yes,Mumbai
13127,Female,26-35,Regular,Yes,Lucknow
13128,Male,36-45,Budget,No,Lucknow
13129,Male,26-35,Business,No,Chennai
13130,Female,46-60,Regular,Yes,Pune
13131,Male,46-60,Regular,Yes,Kochi
13132,Male,18-25,Budget,No,Jaipur
13133,Female,46-60,Budget,Yes,Bengaluru
13134,Female,26-35,Regular,Yes,Ahmedabad
13135,Female,26-35,Regular,No,Nagpur
13136,Female,46-60,Business,No,Bhubaneswar
13137,Female,26-35,Regular,No,Bhubaneswar
13138,Male,46-60,Regular,Yes,Lucknow
13139,Male,36-45,Budget,No,Bhubaneswar
13140,Female,18-25,Budget,No,Ahmedabad
13141,Female,18-25,Budget,No,Chandigarh
13142,Male,46-60,Budget,No,Ahmedabad
13143,Male,18-25,Budget,Yes,Delhi
13144,Female,18-25,Business,No,Bengaluru
13145,Female,26-35,Regular,No,Kochi
13146,Female,26-35,Regular,No,Mumbai
13147,Female,26-35,Budget,No,Kochi
13148,Male,36-45,Regular,No,Nagpur
13149,Female,36-45,Budget,No,Surat
13150,Male,36-45,Premium,No,Kochi
13151,Male,36-45,Regular,No,Mumbai
13152,Female,26-35,Regular,No,Indore
13153,Female,36-45,Budget,Yes,Surat
13154,Male,18-25,Regular,Yes,Bengaluru
13155,Female,46-60,Regular,Yes,Mumbai
13156,Male,26-35,Budget,No,Hyderabad
13157,Female,36-45,Business,Yes,Jaipur
13158,Male,26-35,Business,Yes,Lucknow
13159,Male,18-25,Budget,No,Chennai
13160,Female,26-35,Budget,No,Chandigarh
13161,Female,26-35,Budget,No,Bengaluru
13162,Male,26-35,Premium,Yes,Pune
13163,Male,36-45,Premium,Yes,Chennai
13164,Female,46-60,Budget,No,Delhi
13165,Male,36-45,Budget,No,Chandigarh
13166,Female,26-35,Regular,Yes,Nagpur
13167,Female,26-35,Budget,Yes,Jaipur
13168,Male,26-35,Regular,Yes,Nagpur
13169,Male,26-35,Budget,No,Kochi
13170,Female,18-25,Budget,Yes,Chandigarh
13171,Female,26-35,Budget,Yes,Ahmedabad
13172,Male,36-45,Regular,No,Delhi
13173,Male,36-45,Business,Yes,Surat
13174,Female,26-35,Regular,Yes,Ahmedabad
13175,Female,18-25,Premium,No,Ahmedabad
13176,Male,46-60,Premium,No,Ahmedabad
13177,Male,46-60,Budget,No,Hyderabad
13178,Male,26-35,Budget,No,Bengaluru
13179,Female,46-60,Regular,No,Mumbai
13180,Female,46-60,Budget,No,Hyderabad
13181,Male,36-45,Budget,Yes,Bhubaneswar
13182,Male,46-60,Premium,No,Bhubaneswar
13183,Male,36-45,Regular,Yes,Kochi
13184,Female,26-35,Budget,Yes,Jaipur
13185,Female,36-45,Budget,No,Hyderabad
13186,Female,36-45,Business,Yes,Lucknow
13187,Female,46-60,Budget,Yes,Mumbai
13188,Male,26-35,Premium,Yes,Ahmedabad
13189,Female,60+,Regular,No,Kochi
13190,Female,18-25,Regular,Yes,Bengaluru
13191,Male,46-60,Business,Yes,Delhi
13192,Male,26-35,Budget,Yes,Mumbai
13193,Male,26-35,Budget,No,Mumbai
13194,Female,26-35,Regular,Yes,Jaipur
13195,Male,46-60,Budget,Yes,Bengaluru
13196,Male,26-35,Budget,No,Jaipur
13197,Female,18-25,Budget,Yes,Chennai
13198,Male,60+,Regular,No,Surat
13199,Male,26-35,Regular,Yes,Chandigarh
13200,Male,46-60,Budget,No,Bhubaneswar
13201,Female,36-45,Regular,Yes,Ahmedabad
13202,Male,36-45,Regular,No,Nagpur
13203,Female,26-35,Regular,Yes,Lucknow
13204,Male,60+,Budget,No,Jaipur
13205,Female,60+,Budget,No,Kochi
13206,Male,26-35,Budget,Yes,Chennai
13207,Male,18-25,Business,No,Chandigarh
13208,Male,26-35,Premium,Yes,Kochi
13209,Female,46-60,Budget,No,Jaipur
13210,Male,26-35,Business,No,Nagpur
13211,Female,18-25,Regular,No,Ahmedabad
13212,Male,36-45,Budget,No,Nagpur
13213,Male,36-45,Regular,No,Jaipur
13214,Female,26-35,Regular,Yes,Bhubaneswar
13215,Female,36-45,Budget,Yes,Pune
13216,Female,26-35,Budget,Yes,Ahmedabad
13217,Female,60+,Premium,Yes,Pune
13218,Male,26-35,Budget,No,Indore
13219,Female,26-35,Regular,No,Chennai
13220,Female,26-35,Regular,No,Indore
13221,Male,36-45,Premium,No,Indore
13222,Male,46-60,Premium,Yes,Bhubaneswar
13223,Male,46-60,Budget,No,Surat
13224,Male,46-60,Premium,No,Mumbai
13225,Female,26-35,Premium,No,Nagpur
13226,Female,26-35,Business,No,Pune
13227,Male,26-35,Budget,Yes,Chandigarh
13228,Male,36-45,Budget,Yes,Mumbai
13229,Female,26-35,Budget,Yes,Mumbai
13230,Female,18-25,Premium,No,Surat
13231,Male,26-35,Regular,No,Delhi
13232,Male,18-25,Premium,No,Hyderabad
13233,Male,26-35,Regular,Yes,Nagpur
13234,Female,18-25,Regular,No,Hyderabad
13235,Male,26-35,Premium,No,Nagpur
13236,Female,26-35,Regular,Yes,Bhubaneswar
13237,Male,18-25,Regular,No,Pune
13238,Male,26-35,Regular,No,Chennai
13239,Male,26-35,Budget,No,Hyderabad
13240,Female,46-60,Regular,No,Chandigarh
13241,Male,26-35,Regular,Yes,Bengaluru
13242,Female,26-35,Budget,No,Bengaluru
13243,Female,46-60,Business,No,Jaipur
13244,Male,18-25,Budget,Yes,Jaipur
13245,Male,18-25,Budget,No,Lucknow
13246,Female,36-45,Budget,Yes,Jaipur
13247,Female,26-35,Premium,No,Hyderabad
13248,Male,26-35,Premium,No,Lucknow
13249,Female,60+,Budget,Yes,Pune
13250,Male,46-60,Regular,No,Ahmedabad
13251,Female,46-60,Regular,Yes,Nagpur
13252,Male,26-35,Budget,No,Surat
13253,Female,36-45,Budget,No,Nagpur
13254,Male,18-25,Regular,Yes,Kochi
13255,Male,18-25,Regular,Yes,Pune
13256,Female,46-60,Budget,No,Indore
13257,Female,18-25,Regular,Yes,Nagpur
13258,Female,26-35,Regular,No,Bengaluru
13259,Female,26-35,Budget,No,Mumbai
13260,Female,18-25,Budget,No,Chandigarh
13261,Male,26-35,Budget,No,Lucknow
13262,Male,36-45,Regular,No,Surat
13263,Female,26-35,Budget,Yes,Hyderabad
13264,Female,46-60,Regular,No,Kochi
13265,Female,46-60,Regular,Yes,Surat
13266,Male,36-45,Regular,Yes,Hyderabad
13267,Male,46-60,Budget,No,Pune
13268,Female,46-60,Premium,Yes,Bhubaneswar
13269,Male,26-35,Regular,Yes,Kochi
13270,Male,18-25,Regular,No,Lucknow
13271,Male,36-45,Budget,No,Bhubaneswar
13272,Male,26-35,Budget,No,Hyderabad
13273,Female,60+,Regular,No,Pune
13274,Female,26-35,Business,Yes,Hyderabad
13275,Female,18-25,Regular,Yes,Indore
13276,Female,36-45,Regular,Yes,Lucknow
13277,Male,36-45,Budget,No,Pune
13278,Male,26-35,Regular,No,Chennai
13279,Female,36-45,Regular,No,Lucknow
13280,Male,18-25,Regular,Yes,Chandigarh
13281,Female,26-35,Premium,Yes,Mumbai
13282,Female,46-60,Premium,Yes,Hyderabad
13283,Female,26-35,Regular,No,Lucknow
13284,Female,26-35,Budget,No,Surat
13285,Female,36-45,Budget,No,Bhubaneswar
13286,Female,60+,Regular,No,Jaipur
13287,Male,46-60,Regular,No,Nagpur
13288,Male,26-35,Regular,Yes,Mumbai
13289,Female,26-35,Budget,No,Mumbai
13290,Male,18-25,Budget,No,Bengaluru
13291,Male,26-35,Budget,Yes,Jaipur
13292,Female,46-60,Premium,Yes,Nagpur
13293,Male,36-45,Regular,No,Kochi
13294,Female,26-35,Business,Yes,Pune
13295,Male,18-25,Budget,No,Pune
13296,Female,46-60,Premium,No,Indore
13297,Male,36-45,Premium,Yes,Chandigarh
13298,Male,46-60,Premium,Yes,Bengaluru
13299,Female,26-35,Business,Yes,Delhi
13300,Female,46-60,Budget,No,Bhubaneswar
13301,Female,18-25,Regular,Yes,Bengaluru
13302,Female,36-45,Business,No,Chandigarh
13303,Male,18-25,Regular,Yes,Lucknow
13304,Male,46-60,Premium,No,Bhubaneswar
13305,Male,36-45,Regular,No,Delhi
13306,Male,60+,Regular,Yes,Chandigarh
13307,Male,26-35,Business,No,Chennai
13308,Female,18-25,Business,No,Delhi
13309,Female,26-35,Premium,Yes,Jaipur
13310,Male,26-35,Budget,No,Mumbai
13311,Male,36-45,Budget,Yes,Hyderabad
13312,Male,36-45,Regular,No,Bhubaneswar
13313,Female,18-25,Regular,Yes,Chandigarh
13314,Female,26-35,Regular,No,Mumbai
13315,Male,26-35,Regular,Yes,Chandigarh
13316,Male,26-35,Budget,Yes,Bengaluru
13317,Male,26-35,Budget,No,Surat
13318,Male,18-25,Business,Yes,Mumbai
13319,Female,60+,Premium,No,Chennai
13320,Male,18-25,Budget,No,Pune
13321,Male,46-60,Budget,Yes,Indore
13322,Female,46-60,Regular,Yes,Chennai
13323,Male,26-35,Budget,No,Pune
13324,Male,46-60,Regular,No,Lucknow
13325,Male,36-45,Regular,Yes,Bengaluru
13326,Female,26-35,Regular,Yes,Jaipur
13327,Male,26-35,Business,Yes,Chennai
13328,Male,36-45,Budget,No,Mumbai
13329,Female,60+,Regular,No,Mumbai
13330,Male,46-60,Regular,No,Chennai
13331,Male,26-35,Regular,Yes,Lucknow
13332,Female,46-60,Regular,No,Surat
13333,Male,46-60,Premium,Yes,Bhubaneswar
13334,Male,36-45,Regular,Yes,Mumbai
13335,Male,18-25,Regular,Yes,Kochi
13336,Female,26-35,Budget,No,Bhubaneswar
13337,Female,26-35,Premium,No,Ahmedabad
13338,Male,26-35,Budget,No,Hyderabad
13339,Female,26-35,Regular,No,Hyderabad
13340,Male,26-35,Regular,Yes,Pune
13341,Male,26-35,Budget,No,Jaipur
13342,Female,26-35,Budget,Yes,Mumbai
13343,Female,36-45,Budget,Yes,Bengaluru
13344,Male,26-35,Budget,No,Hyderabad
13345,Male,36-45,Regular,Yes,Lucknow
13346,Female,18-25,Regular,Yes,Chandigarh
13347,Female,26-35,Budget,Yes,Indore
13348,Female,18-25,Budget,No,Chennai
13349,Male,18-25,Premium,No,Jaipur
13350,Male,36-45,Premium,No,Lucknow
13351,Female,18-25,Regular,Yes,Kochi
13352,Female,36-45,Budget,No,Chandigarh
13353,Male,18-25,Premium,No,Nagpur
13354,Male,46-60,Regular,No,Ahmedabad
13355,Female,18-25,Premium,Yes,Bhubaneswar
13356,Male,36-45,Premium,Yes,Hyderabad
13357,Female,36-45,Business,No,Nagpur
13358,Female,36-45,Budget,Yes,Kochi
13359,Female,18-25,Regular,No,Pune
13360,Male,46-60,Regular,No,Pune
13361,Male,36-45,Business,No,Bengaluru
13362,Female,26-35,Regular,Yes,Nagpur
13363,Male,36-45,Premium,Yes,Chandigarh
13364,Male,36-45,Budget,No,Kochi
13365,Male,46-60,Budget,Yes,Ahmedabad
13366,Female,26-35,Budget,No,Bengaluru
13367,Female,46-60,Budget,No,Kochi
13368,Female,26-35,Regular,No,Chennai
13369,Female,36-45,Business,Yes,Delhi
13370,Female,18-25,Regular,No,Bhubaneswar
13371,Male,26-35,Regular,No,Ahmedabad
13372,Male,46-60,Business,Yes,Chennai
13373,Female,26-35,Business,No,Indore
13374,Male,36-45,Regular,Yes,Delhi
13375,Female,36-45,Premium,Yes,Nagpur
13376,Female,46-60,Budget,No,Pune
13377,Male,18-25,Premium,No,Ahmedabad
13378,Female,26-35,Premium,Yes,Surat
13379,Male,18-25,Regular,Yes,Pune
13380,Female,18-25,Budget,No,Chandigarh
13381,Male,46-60,Regular,No,Nagpur
13382,Female,36-45,Premium,No,Jaipur
13383,Male,26-35,Budget,No,Hyderabad
13384,Male,26-35,Regular,Yes,Hyderabad
13385,Female,18-25,Regular,Yes,Bengaluru
13386,Male,36-45,Budget,No,Ahmedabad
13387,Male,26-35,Regular,No,Mumbai
13388,Female,36-45,Regular,No,Indore
13389,Female,36-45,Budget,Yes,Hyderabad
13390,Male,46-60,Budget,No,Mumbai
13391,Female,36-45,Regular,No,Bhubaneswar
13392,Male,36-45,Regular,Yes,Lucknow
13393,Male,18-25,Budget,No,Bhubaneswar
13394,Female,18-25,Budget,Yes,Kochi
13395,Male,26-35,Business,Yes,Ahmedabad
13396,Male,46-60,Regular,No,Delhi
13397,Male,60+,Regular,No,Lucknow
13398,Male,36-45,Regular,No,Hyderabad
13399,Female,46-60,Budget,No,Hyderabad
13400,Female,36-45,Budget,No,Lucknow
13401,Male,26-35,Budget,No,Lucknow
13402,Female,26-35,Budget,Yes,Indore
13403,Male,26-35,Budget,No,Ahmedabad
13404,Female,26-35,Budget,Yes,Delhi
13405,Female,46-60,Premium,No,Chennai
13406,Female,46-60,Business,Yes,Lucknow
13407,Male,36-45,Premium,No,Lucknow
13408,Male,18-25,Regular,Yes,Nagpur
13409,Male,26-35,Regular,No,Chandigarh
13410,Male,18-25,Budget,Yes,Nagpur
13411,Female,46-60,Budget,No,Surat
13412,Male,36-45,Budget,Yes,Nagpur
13413,Female,26-35,Regular,Yes,Indore
13414,Male,18-25,Premium,Yes,Nagpur
13415,Male,60+,Regular,No,Delhi
13416,Female,26-35,Budget,No,Ahmedabad
13417,Male,26-35,Budget,No,Lucknow
13418,Female,36-45,Budget,Yes,Bengaluru
13419,Female,46-60,Regular,No,Nagpur
13420,Female,18-25,Regular,No,Nagpur
13421,Female,18-25,Regular,No,Bhubaneswar
13422,Female,36-45,Budget,Yes,Chennai
13423,Male,36-45,Regular,Yes,Chandigarh
13424,Male,36-45,Business,No,Indore
13425,Male,26-35,Budget,No,Pune
13426,Male,46-60,Regular,Yes,Chennai
13427,Male,36-45,Premium,No,Chandigarh
13428,Male,26-35,Premium,No,Mumbai
13429,Male,46-60,Regular,No,Ahmedabad
13430,Female,46-60,Budget,No,Chandigarh
13431,Male,36-45,Budget,Yes,Surat
13432,Male,26-35,Budget,No,Bengaluru
13433,Male,26-35,Premium,No,Lucknow
13434,Male,26-35,Budget,Yes,Pune
13435,Female,18-25,Regular,No,Surat
13436,Male,46-60,Business,No,Bhubaneswar
13437,Male,36-45,Budget,No,Jaipur
13438,Male,46-60,Premium,Yes,Lucknow
13439,Male,26-35,Budget,No,Lucknow
13440,Male,26-35,Budget,Yes,Pune
13441,Male,46-60,Budget,Yes,Bengaluru
13442,Female,18-25,Premium,Yes,Chandigarh
13443,Female,36-45,Budget,Yes,Chennai
13444,Male,46-60,Regular,Yes,Jaipur
13445,Male,18-25,Budget,No,Bengaluru
13446,Female,46-60,Regular,Yes,Chandigarh
13447,Male,18-25,Regular,No,Ahmedabad
13448,Female,46-60,Budget,Yes,Surat
13449,Female,18-25,Budget,Yes,Chandigarh
13450,Female,26-35,Regular,Yes,Delhi
13451,Female,26-35,Budget,Yes,Surat
13452,Female,26-35,Budget,Yes,Pune
13453,Male,18-25,Budget,No,Chennai
13454,Female,26-35,Premium,No,Delhi
13455,Female,36-45,Premium,Yes,Mumbai
13456,Male,18-25,Regular,Yes,Chennai
13457,Male,18-25,Budget,No,Indore
13458,Male,36-45,Regular,Yes,Jaipur
13459,Female,46-60,Budget,No,Jaipur
13460,Male,26-35,Regular,Yes,Bhubaneswar
13461,Male,18-25,Regular,Yes,Indore
13462,Male,26-35,Regular,No,Chennai
13463,Male,18-25,Budget,Yes,Indore
13464,Female,18-25,Budget,No,Jaipur
13465,Male,26-35,Budget,Yes,Chandigarh
13466,Male,36-45,Regular,Yes,Hyderabad
13467,Male,18-25,Regular,No,Indore
13468,Male,36-45,Budget,Yes,Delhi
13469,Female,26-35,Regular,No,Jaipur
13470,Female,46-60,Budget,No,Indore
13471,Male,18-25,Regular,No,Lucknow
13472,Male,18-25,Budget,No,Jaipur
13473,Female,36-45,Budget,No,Surat
13474,Female,26-35,Premium,Yes,Indore
13475,Male,46-60,Premium,No,Delhi
13476,Female,36-45,Budget,Yes,Chennai
13477,Male,60+,Premium,Yes,Hyderabad
13478,Male,36-45,Regular,Yes,Nagpur
13479,Female,36-45,Premium,No,Bengaluru
13480,Male,46-60,Budget,Yes,Jaipur
13481,Female,26-35,Regular,No,Indore
13482,Female,18-25,Premium,No,Hyderabad
13483,Male,18-25,Budget,No,Nagpur
13484,Female,36-45,Premium,No,Indore
13485,Female,36-45,Premium,Yes,Chennai
13486,Male,46-60,Premium,Yes,Kochi
13487,Female,46-60,Premium,Yes,Mumbai
13488,Male,26-35,Regular,Yes,Delhi
13489,Male,36-45,Regular,No,Lucknow
13490,Female,18-25,Regular,Yes,Chandigarh
13491,Female,18-25,Premium,Yes,Ahmedabad
13492,Female,26-35,Premium,Yes,Delhi
13493,Male,26-35,Regular,Yes,Chandigarh
13494,Female,26-35,Budget,No,Ahmedabad
13495,Female,26-35,Regular,Yes,Ahmedabad
13496,Female,18-25,Business,No,Kochi
13497,Male,46-60,Regular,No,Bengaluru
13498,Male,26-35,Regular,Yes,Chennai
13499,Male,36-45,Budget,No,Kochi
13500,Female,36-45,Premium,No,Delhi
13501,Male,36-45,Regular,Yes,Mumbai
13502,Female,26-35,Budget,No,Lucknow
13503,Male,26-35,Regular,No,Bengaluru
13504,Male,46-60,Premium,Yes,Delhi
13505,Female,46-60,Regular,Yes,Bengaluru
13506,Male,26-35,Regular,No,Lucknow
13507,Male,26-35,Budget,No,Indore
13508,Male,36-45,Regular,No,Lucknow
13509,Female,36-45,Regular,No,Kochi
13510,Female,18-25,Budget,No,Bhubaneswar
13511,Male,18-25,Regular,No,Lucknow
13512,Female,60+,Budget,No,Delhi
13513,Female,26-35,Budget,No,Chennai
13514,Male,36-45,Premium,No,Jaipur
13515,Female,26-35,Budget,No,Jaipur
13516,Female,36-45,Business,No,Nagpur
13517,Male,46-60,Budget,Yes,Hyderabad
13518,Female,36-45,Regular,Yes,Hyderabad
13519,Male,36-45,Budget,No,Ahmedabad
13520,Male,18-25,Budget,No,Jaipur
13521,Female,18-25,Regular,No,Lucknow
13522,Female,18-25,Regular,No,Kochi
13523,Male,36-45,Regular,No,Hyderabad
13524,Male,26-35,Regular,Yes,Chandigarh
13525,Male,46-60,Budget,Yes,Kochi
13526,Male,26-35,Regular,No,Bengaluru
13527,Male,18-25,Business,Yes,Nagpur
13528,Female,26-35,Business,No,Mumbai
13529,Female,18-25,Business,No,Surat
13530,Male,36-45,Budget,No,Indore
13531,Female,36-45,Budget,No,Jaipur
13532,Female,36-45,Premium,Yes,Delhi
13533,Male,26-35,Business,No,Kochi
13534,Female,26-35,Regular,Yes,Jaipur
13535,Male,18-25,Budget,Yes,Delhi
13536,Female,46-60,Budget,Yes,Mumbai
13537,Female,26-35,Budget,No,Delhi
13538,Female,26-35,Regular,No,Jaipur
13539,Female,36-45,Regular,Yes,Mumbai
13540,Female,36-45,Business,Yes,Jaipur
13541,Female,26-35,Regular,No,Hyderabad
13542,Female,18-25,Regular,No,Hyderabad
13543,Female,26-35,Premium,No,Delhi
13544,Female,18-25,Regular,No,Ahmedabad
13545,Female,46-60,Budget,No,Indore
13546,Male,36-45,Regular,Yes,Nagpur
13547,Male,26-35,Business,No,Indore
13548,Male,36-45,Regular,No,Pune
13549,Male,26-35,Regular,No,Bengaluru
13550,Female,26-35,Regular,Yes,Chennai
13551,Male,36-45,Business,Yes,Jaipur
13552,Male,36-45,Budget,No,Indore
13553,Male,36-45,Regular,No,Jaipur
13554,Male,26-35,Budget,No,Ahmedabad
13555,Male,18-25,Budget,No,Mumbai
13556,Female,18-25,Regular,No,Surat
13557,Male,18-25,Budget,Yes,Surat
13558,Female,26-35,Budget,No,Indore
13559,Male,26-35,Regular,Yes,Ahmedabad
13560,Female,26-35,Regular,Yes,Bhubaneswar
13561,Female,36-45,Budget,No,Mumbai
13562,Female,18-25,Premium,No,Chandigarh
13563,Female,46-60,Budget,No,Lucknow
13564,Female,26-35,Budget,Yes,Mumbai
13565,Male,36-45,Regular,Yes,Ahmedabad
13566,Female,26-35,Premium,Yes,Ahmedabad
13567,Male,18-25,Budget,Yes,Lucknow
13568,Female,26-35,Premium,No,Jaipur
13569,Female,18-25,Budget,No,Hyderabad
13570,Female,18-25,Budget,No,Pune
13571,Female,26-35,Budget,Yes,Nagpur
13572,Male,26-35,Regular,No,Surat
13573,Male,26-35,Budget,No,Bengaluru
13574,Female,60+,Regular,Yes,Nagpur
13575,Female,26-35,Budget,No,Pune
13576,Female,36-45,Budget,Yes,Kochi
13577,Male,46-60,Budget,No,Jaipur
13578,Male,18-25,Budget,No,Lucknow
13579,Female,18-25,Business,No,Mumbai
13580,Male,18-25,Budget,Yes,Ahmedabad
13581,Male,46-60,Budget,No,Pune
13582,Female,26-35,Business,Yes,Jaipur
13583,Female,18-25,Regular,Yes,Delhi
13584,Male,46-60,Budget,No,Ahmedabad
13585,Male,36-45,Budget,Yes,Chennai
13586,Male,46-60,Regular,Yes,Jaipur
13587,Female,18-25,Regular,No,Hyderabad
13588,Male,36-45,Budget,Yes,Indore
13589,Female,26-35,Regular,Yes,Mumbai
13590,Female,26-35,Regular,No,Lucknow
13591,Female,26-35,Premium,No,Indore
13592,Female,36-45,Premium,Yes,Kochi
13593,Female,26-35,Regular,No,Jaipur
13594,Female,36-45,Premium,No,Lucknow
13595,Female,18-25,Regular,Yes,Indore
13596,Female,26-35,Regular,No,Nagpur
13597,Female,60+,Business,Yes,Lucknow
13598,Male,26-35,Premium,Yes,Nagpur
13599,Male,36-45,Regular,No,Mumbai
13600,Male,18-25,Regular,Yes,Bhubaneswar
13601,Male,26-35,Premium,Yes,Bhubaneswar
13602,Male,36-45,Business,No,Surat
13603,Male,36-45,Budget,Yes,Hyderabad
13604,Male,26-35,Budget,No,Jaipur
13605,Female,18-25,Budget,No,Surat
13606,Male,46-60,Regular,Yes,Bengaluru
13607,Female,60+,Regular,No,Jaipur
13608,Male,36-45,Regular,No,Mumbai
13609,Female,36-45,Business,No,Pune
13610,Male,36-45,Budget,Yes,Indore
13611,Female,36-45,Regular,No,Ahmedabad
13612,Male,18-25,Budget,No,Chandigarh
13613,Male,18-25,Business,No,Indore
13614,Male,46-60,Budget,No,Bhubaneswar
13615,Male,26-35,Budget,Yes,Bengaluru
13616,Male,60+,Regular,Yes,Chandigarh
13617,Male,60+,Budget,No,Indore
13618,Female,26-35,Premium,No,Nagpur
13619,Male,26-35,Budget,Yes,Hyderabad
13620,Female,18-25,Regular,No,Bengaluru
13621,Female,60+,Regular,No,Bengaluru
13622,Female,26-35,Premium,No,Ahmedabad
13623,Male,18-25,Regular,Yes,Chandigarh
13624,Male,46-60,Premium,Yes,Lucknow
13625,Female,18-25,Regular,No,Chandigarh
13626,Male,18-25,Business,No,Bhubaneswar
13627,Male,26-35,Regular,Yes,Mumbai
13628,Male,26-35,Budget,Yes,Bengaluru
13629,Female,26-35,Budget,No,Chennai
13630,Female,18-25,Regular,No,Mumbai
13631,Female,18-25,Regular,Yes,Bhubaneswar
13632,Female,26-35,Business,No,Delhi
13633,Male,26-35,Budget,Yes,Mumbai
13634,Male,46-60,Regular,No,Nagpur
13635,Female,26-35,Budget,No,Mumbai
13636,Female,36-45,Regular,No,Hyderabad
13637,Male,46-60,Budget,No,Hyderabad
13638,Female,26-35,Budget,Yes,Nagpur
13639,Male,26-35,Regular,Yes,Surat
13640,Female,26-35,Premium,No,Chandigarh
13641,Male,36-45,Premium,Yes,Indore
13642,Male,36-45,Regular,No,Ahmedabad
13643,Male,26-35,Budget,Yes,Nagpur
13644,Male,18-25,Budget,Yes,Bhubaneswar
13645,Female,18-25,Business,No,Chandigarh
13646,Male,60+,Regular,Yes,Ahmedabad
13647,Female,18-25,Regular,No,Lucknow
13648,Male,26-35,Premium,No,Bhubaneswar
13649,Male,60+,Regular,No,Ahmedabad
13650,Male,18-25,Premium,Yes,Hyderabad
13651,Male,18-25,Business,No,Nagpur
13652,Male,36-45,Business,No,Nagpur
13653,Female,26-35,Business,No,Indore
13654,Male,26-35,Budget,No,Kochi
13655,Male,46-60,Regular,No,Ahmedabad
13656,Female,60+,Premium,Yes,Bhubaneswar
13657,Male,26-35,Premium,No,Pune
13658,Male,26-35,Business,Yes,Chandigarh
13659,Female,46-60,Premium,No,Delhi
13660,Male,18-25,Budget,No,Nagpur
13661,Female,18-25,Budget,No,Delhi
13662,Female,18-25,Premium,No,Indore
13663,Male,26-35,Premium,Yes,Chennai
13664,Male,26-35,Regular,Yes,Jaipur
13665,Female,46-60,Business,No,Hyderabad
13666,Male,26-35,Regular,No,Mumbai
13667,Female,60+,Budget,Yes,Jaipur
13668,Male,36-45,Regular,No,Bengaluru
13669,Female,36-45,Regular,No,Indore
13670,Female,26-35,Business,Yes,Ahmedabad
13671,Male,46-60,Regular,Yes,Surat
13672,Female,36-45,Premium,Yes,Delhi
13673,Female,18-25,Regular,No,Indore
13674,Male,36-45,Business,Yes,Surat
13675,Male,36-45,Budget,No,Pune
13676,Female,18-25,Budget,Yes,Lucknow
13677,Male,26-35,Premium,Yes,Chandigarh
13678,Male,26-35,Budget,Yes,Delhi
13679,Male,26-35,Regular,No,Chandigarh
13680,Female,26-35,Budget,Yes,Lucknow
13681,Female,46-60,Budget,No,Chandigarh
13682,Female,18-25,Regular,No,Lucknow
13683,Male,26-35,Budget,No,Mumbai
13684,Male,26-35,Regular,No,Lucknow
13685,Female,26-35,Regular,No,Bengaluru
13686,Male,46-60,Budget,No,Nagpur
13687,Female,60+,Business,No,Lucknow
13688,Female,26-35,Budget,No,Ahmedabad
13689,Male,36-45,Regular,No,Kochi
13690,Female,36-45,Budget,No,Surat
13691,Male,26-35,Regular,Yes,Chennai
13692,Female,46-60,Regular,Yes,Hyderabad
13693,Male,18-25,Regular,No,Chandigarh
13694,Male,36-45,Budget,Yes,Surat
13695,Male,46-60,Regular,Yes,Bhubaneswar
13696,Male,46-60,Premium,Yes,Ahmedabad
13697,Female,26-35,Regular,No,Bengaluru
13698,Female,60+,Regular,Yes,Nagpur
13699,Female,26-35,Business,No,Nagpur
13700,Female,60+,Budget,No,Nagpur
13701,Male,60+,Budget,No,Pune
13702,Male,46-60,Business,No,Bhubaneswar
13703,Female,46-60,Regular,Yes,Indore
13704,Female,18-25,Premium,Yes,Ahmedabad
13705,Male,26-35,Regular,Yes,Chennai
13706,Female,36-45,Budget,Yes,Indore
13707,Female,26-35,Business,Yes,Bhubaneswar
13708,Female,46-60,Premium,Yes,Indore
13709,Male,26-35,Premium,Yes,Bengaluru
13710,Female,36-45,Regular,Yes,Mumbai
13711,Male,36-45,Regular,No,Ahmedabad
13712,Female,26-35,Premium,Yes,Chandigarh
13713,Female,26-35,Regular,Yes,Delhi
13714,Female,26-35,Budget,Yes,Chandigarh
13715,Male,18-25,Regular,Yes,Ahmedabad
13716,Male,36-45,Regular,Yes,Chandigarh
13717,Female,26-35,Regular,Yes,Surat
13718,Female,26-35,Premium,Yes,Bengaluru
13719,Female,26-35,Regular,No,Jaipur
13720,Male,36-45,Regular,No,Mumbai
13721,Male,36-45,Budget,No,Kochi
13722,Male,26-35,Premium,No,Surat
13723,Female,26-35,Regular,Yes,Chennai
13724,Female,26-35,Budget,Yes,Surat
13725,Male,26-35,Business,No,Pune
13726,Female,46-60,Regular,No,Nagpur
13727,Male,46-60,Business,Yes,Mumbai
13728,Male,60+,Premium,Yes,Chennai
13729,Male,18-25,Business,Yes,Bengaluru
13730,Male,36-45,Regular,No,Jaipur
13731,Male,26-35,Budget,No,Delhi
13732,Male,18-25,Budget,No,Chennai
13733,Male,26-35,Budget,Yes,Ahmedabad
13734,Female,26-35,Budget,No,Bhubaneswar
13735,Male,26-35,Budget,No,Bengaluru
13736,Female,18-25,Regular,No,Delhi
13737,Female,60+,Premium,No,Kochi
13738,Female,36-45,Regular,No,Bhubaneswar
13739,Male,26-35,Premium,No,Delhi
13740,Female,26-35,Premium,Yes,Ahmedabad
13741,Male,46-60,Regular,Yes,Bhubaneswar
13742,Male,46-60,Regular,No,Bengaluru
13743,Male,36-45,Premium,Yes,Surat
13744,Male,26-35,Premium,No,Ahmedabad
13745,Female,26-35,Budget,No,Chennai
13746,Male,60+,Business,No,Surat
13747,Male,46-60,Premium,No,Nagpur
13748,Male,18-25,Budget,No,Chennai
13749,Female,36-45,Regular,Yes,Jaipur
13750,Male,36-45,Regular,No,Chennai
13751,Female,18-25,Regular,No,Lucknow
13752,Female,18-25,Regular,No,Lucknow
13753,Male,36-45,Regular,Yes,Pune
13754,Male,46-60,Premium,No,Pune
13755,Male,26-35,Regular,Yes,Nagpur
13756,Female,26-35,Regular,Yes,Chennai
13757,Male,36-45,Premium,No,Lucknow
13758,Male,18-25,Regular,No,Delhi
13759,Male,18-25,Budget,Yes,Chandigarh
13760,Female,18-25,Business,Yes,Surat
13761,Male,36-45,Regular,Yes,Delhi
13762,Female,26-35,Budget,Yes,Delhi
13763,Male,26-35,Regular,No,Chandigarh
13764,Female,26-35,Premium,Yes,Jaipur
13765,Female,36-45,Budget,No,Indore
13766,Male,36-45,Budget,No,Lucknow
13767,Male,36-45,Regular,No,Kochi
13768,Female,36-45,Regular,No,Bhubaneswar
13769,Male,46-60,Budget,No,Jaipur
13770,Male,46-60,Regular,Yes,Pune
13771,Female,46-60,Budget,Yes,Bengaluru
13772,Female,26-35,Regular,No,Nagpur
13773,Male,36-45,Budget,No,Hyderabad
13774,Female,18-25,Budget,Yes,Lucknow
13775,Male,36-45,Budget,No,Bengaluru
13776,Female,36-45,Premium,No,Chennai
13777,Female,46-60,Regular,Yes,Bengaluru
13778,Male,36-45,Budget,Yes,Ahmedabad
13779,Female,36-45,Budget,No,Chandigarh
13780,Male,46-60,Budget,No,Hyderabad
13781,Male,36-45,Regular,Yes,Chandigarh
13782,Male,18-25,Regular,Yes,Nagpur
13783,Male,46-60,Regular,No,Pune
13784,Female,36-45,Budget,Yes,Delhi
13785,Male,36-45,Budget,No,Chandigarh
13786,Male,18-25,Budget,Yes,Ahmedabad
13787,Female,36-45,Regular,No,Mumbai
13788,Male,18-25,Regular,No,Pune
13789,Female,18-25,Regular,Yes,Indore
13790,Female,36-45,Budget,Yes,Nagpur
13791,Male,18-25,Budget,Yes,Lucknow
13792,Male,36-45,Premium,Yes,Chennai
13793,Female,26-35,Regular,Yes,Hyderabad
13794,Female,36-45,Budget,No,Bhubaneswar
13795,Female,18-25,Regular,No,Mumbai
13796,Female,36-45,Regular,Yes,Bengaluru
13797,Female,26-35,Regular,No,Ahmedabad
13798,Female,26-35,Regular,Yes,Chandigarh
13799,Female,26-35,Regular,No,Chandigarh
13800,Male,18-25,Budget,Yes,Chandigarh
13801,Female,46-60,Regular,No,Lucknow
13802,Female,18-25,Regular,No,Surat
13803,Male,18-25,Regular,Yes,Indore
13804,Female,36-45,Business,No,Nagpur
13805,Male,36-45,Regular,Yes,Ahmedabad
13806,Female,36-45,Regular,Yes,Pune
13807,Male,46-60,Regular,Yes,Mumbai
13808,Female,18-25,Budget,No,Surat
13809,Male,26-35,Budget,No,Nagpur
13810,Male,36-45,Regular,Yes,Indore
13811,Female,26-35,Budget,No,Pune
13812,Male,26-35,Business,Yes,Surat
13813,Female,46-60,Regular,No,Delhi
13814,Male,36-45,Regular,No,Mumbai
13815,Female,26-35,Regular,No,Mumbai
13816,Female,46-60,Budget,No,Chennai
13817,Male,60+,Business,Yes,Hyderabad
13818,Female,26-35,Budget,No,Pune
13819,Male,36-45,Regular,No,Bengaluru
13820,Male,36-45,Premium,Yes,Lucknow
13821,Male,26-35,Regular,Yes,Surat
13822,Male,46-60,Regular,No,Bengaluru
13823,Female,26-35,Budget,Yes,Indore
13824,Female,18-25,Budget,No,Jaipur
13825,Female,46-60,Budget,Yes,Mumbai
13826,Male,26-35,Regular,Yes,Chandigarh
13827,Male,46-60,Premium,Yes,Hyderabad
13828,Male,46-60,Budget,Yes,Chandigarh
13829,Female,18-25,Budget,No,Surat
13830,Female,46-60,Budget,No,Surat
13831,Female,26-35,Regular,Yes,Lucknow
13832,Female,60+,Regular,Yes,Indore
13833,Male,26-35,Budget,No,Delhi
13834,Male,46-60,Business,Yes,Indore
13835,Female,46-60,Regular,Yes,Hyderabad
13836,Male,26-35,Premium,Yes,Pune
13837,Male,46-60,Premium,No,Ahmedabad
13838,Female,46-60,Regular,No,Chennai
13839,Male,46-60,Budget,No,Pune
13840,Male,26-35,Budget,No,Delhi
13841,Male,26-35,Regular,Yes,Lucknow
13842,Female,36-45,Regular,Yes,Hyderabad
13843,Male,36-45,Premium,No,Ahmedabad
13844,Male,26-35,Budget,Yes,Chennai
13845,Male,26-35,Premium,Yes,Lucknow
13846,Female,36-45,Regular,No,Pune
13847,Male,18-25,Budget,No,Surat
13848,Female,26-35,Budget,No,Indore
13849,Female,26-35,Regular,No,Pune
13850,Male,36-45,Budget,No,Jaipur
13851,Female,46-60,Budget,No,Pune
13852,Male,26-35,Budget,No,Ahmedabad
13853,Female,18-25,Premium,No,Hyderabad
13854,Male,26-35,Budget,Yes,Pune
13855,Female,26-35,Budget,Yes,Nagpur
13856,Female,18-25,Budget,No,Chennai
13857,Male,46-60,Regular,Yes,Chennai
13858,Male,36-45,Regular,Yes,Surat
13859,Male,60+,Budget,No,Mumbai
13860,Male,26-35,Budget,No,Indore
13861,Female,26-35,Regular,No,Indore
13862,Male,18-25,Budget,Yes,Chandigarh
13863,Female,26-35,Budget,Yes,Nagpur
13864,Male,26-35,Budget,No,Mumbai
13865,Male,36-45,Regular,No,Pune
13866,Female,36-45,Regular,Yes,Chandigarh
13867,Female,26-35,Regular,No,Pune
13868,Female,18-25,Budget,Yes,Bhubaneswar
13869,Male,26-35,Premium,No,Lucknow
13870,Male,36-45,Budget,No,Nagpur
13871,Male,46-60,Premium,No,Indore
13872,Male,18-25,Budget,No,Surat
13873,Female,18-25,Regular,No,Chandigarh
13874,Female,18-25,Budget,Yes,Nagpur
13875,Male,26-35,Regular,No,Delhi
13876,Female,46-60,Regular,Yes,Mumbai
13877,Female,46-60,Budget,Yes,Bengaluru
13878,Female,46-60,Budget,Yes,Delhi
13879,Male,18-25,Business,No,Jaipur
13880,Female,18-25,Regular,Yes,Kochi
13881,Male,46-60,Budget,No,Nagpur
13882,Female,18-25,Regular,No,Delhi
13883,Male,36-45,Regular,No,Bengaluru
13884,Male,18-25,Regular,No,Chennai
13885,Female,18-25,Budget,Yes,Bhubaneswar
13886,Male,26-35,Budget,No,Delhi
13887,Male,18-25,Budget,No,Delhi
13888,Male,46-60,Premium,No,Jaipur
13889,Female,26-35,Regular,No,Surat
13890,Male,18-25,Regular,Yes,Nagpur
13891,Male,46-60,Premium,Yes,Delhi
13892,Female,26-35,Regular,Yes,Surat
13893,Male,26-35,Budget,No,Chennai
13894,Female,26-35,Budget,Yes,Chandigarh
13895,Male,26-35,Regular,No,Hyderabad
13896,Female,46-60,Budget,Yes,Chandigarh
13897,Female,18-25,Regular,No,Hyderabad
13898,Female,18-25,Budget,Yes,Delhi
13899,Female,36-45,Premium,Yes,Bhubaneswar
13900,Female,36-45,Premium,No,Nagpur
13901,Male,26-35,Regular,Yes,Jaipur
13902,Male,46-60,Budget,Yes,Surat
13903,Male,18-25,Premium,Yes,Bhubaneswar
13904,Male,46-60,Regular,No,Bengaluru
13905,Male,18-25,Budget,No,Jaipur
13906,Female,26-35,Budget,Yes,Indore
13907,Male,36-45,Premium,Yes,Surat
13908,Male,36-45,Regular,No,Indore
13909,Female,46-60,Regular,Yes,Bhubaneswar
13910,Female,26-35,Regular,Yes,Lucknow
13911,Male,36-45,Regular,No,Kochi
13912,Male,26-35,Budget,No,Jaipur
13913,Female,26-35,Regular,No,Nagpur
13914,Female,36-45,Budget,Yes,Kochi
13915,Male,36-45,Budget,No,Hyderabad
13916,Male,36-45,Budget,Yes,Nagpur
13917,Male,36-45,Budget,Yes,Ahmedabad
13918,Female,36-45,Budget,Yes,Chandigarh
13919,Female,18-25,Budget,No,Delhi
13920,Female,26-35,Premium,Yes,Delhi
13921,Male,26-35,Budget,No,Hyderabad
13922,Male,26-35,Budget,No,Bengaluru
13923,Female,46-60,Regular,Yes,Lucknow
13924,Female,18-25,Regular,No,Delhi
13925,Female,26-35,Regular,Yes,Jaipur
13926,Female,18-25,Business,No,Hyderabad
13927,Female,26-35,Budget,Yes,Chandigarh
13928,Male,46-60,Budget,No,Bhubaneswar
13929,Male,60+,Budget,No,Mumbai
13930,Female,18-25,Premium,No,Pune
13931,Male,18-25,Budget,No,Chennai
13932,Female,18-25,Regular,No,Indore
13933,Male,36-45,Regular,No,Indore
13934,Female,46-60,Budget,No,Jaipur
13935,Male,46-60,Budget,No,Bhubaneswar
13936,Female,26-35,Regular,No,Kochi
13937,Female,18-25,Regular,Yes,Hyderabad
13938,Female,36-45,Premium,Yes,Bengaluru
13939,Female,36-45,Budget,No,Ahmedabad
13940,Female,26-35,Business,Yes,Surat
13941,Male,46-60,Regular,Yes,Nagpur
13942,Female,36-45,Regular,Yes,Lucknow
13943,Female,18-25,Regular,No,Kochi
13944,Female,18-25,Regular,Yes,Hyderabad
13945,Male,46-60,Premium,Yes,Kochi
13946,Female,26-35,Budget,Yes,Lucknow
13947,Male,26-35,Business,No,Kochi
13948,Female,26-35,Regular,Yes,Chennai
13949,Female,18-25,Budget,No,Ahmedabad
13950,Female,46-60,Premium,Yes,Bhubaneswar
13951,Female,26-35,Budget,Yes,Jaipur
13952,Female,36-45,Regular,No,Indore
13953,Female,18-25,Business,No,Chennai
13954,Female,36-45,Budget,Yes,Hyderabad
13955,Male,26-35,Business,No,Chennai
13956,Male,36-45,Regular,Yes,Kochi
13957,Female,46-60,Budget,No,Ahmedabad
13958,Female,36-45,Budget,No,Delhi
13959,Male,46-60,Budget,No,Mumbai
13960,Female,36-45,Premium,Yes,Bengaluru
13961,Male,18-25,Regular,No,Lucknow
13962,Male,26-35,Regular,No,Lucknow
13963,Female,36-45,Regular,No,Chennai
13964,Male,18-25,Budget,Yes,Surat
13965,Female,60+,Budget,Yes,Kochi
13966,Male,46-60,Regular,No,Delhi
13967,Male,36-45,Premium,Yes,Bengaluru
13968,Male,36-45,Budget,Yes,Indore
13969,Male,46-60,Regular,No,Ahmedabad
13970,Female,36-45,Regular,No,Chandigarh
13971,Female,26-35,Regular,No,Ahmedabad
13972,Female,26-35,Regular,No,Lucknow
13973,Male,46-60,Regular,Yes,Kochi
13974,Female,36-45,Business,No,Indore
13975,Male,46-60,Budget,No,Nagpur
13976,Female,26-35,Budget,No,Hyderabad
13977,Female,36-45,Budget,Yes,Jaipur
13978,Male,26-35,Premium,No,Bengaluru
13979,Male,26-35,Budget,No,Mumbai
13980,Male,36-45,Regular,Yes,Delhi
13981,Male,46-60,Premium,No,Chandigarh
13982,Female,36-45,Budget,Yes,Kochi
13983,Male,36-45,Budget,No,Ahmedabad
13984,Male,36-45,Premium,Yes,Nagpur
13985,Male,26-35,Regular,Yes,Hyderabad
13986,Female,46-60,Premium,No,Mumbai
13987,Male,26-35,Business,Yes,Chennai
13988,Female,18-25,Budget,No,Chennai
13989,Male,60+,Business,Yes,Lucknow
13990,Male,26-35,Budget,Yes,Pune
13991,Male,36-45,Premium,No,Chennai
13992,Male,26-35,Budget,No,Lucknow
13993,Male,26-35,Premium,No,Pune
13994,Male,26-35,Budget,No,Ahmedabad
13995,Male,26-35,Regular,Yes,Surat
13996,Male,26-35,Budget,No,Indore
13997,Male,26-35,Budget,Yes,Surat
13998,Male,36-45,Business,No,Jaipur
13999,Female,18-25,Budget,No,Kochi
14000,Female,18-25,Budget,Yes,Pune
14001,Male,26-35,Budget,No,Delhi
14002,Female,46-60,Budget,No,Surat
14003,Female,18-25,Regular,Yes,Bengaluru
14004,Female,18-25,Regular,Yes,Mumbai
14005,Female,46-60,Premium,No,Lucknow
14006,Female,26-35,Regular,Yes,Ahmedabad
14007,Female,36-45,Regular,Yes,Lucknow
14008,Female,26-35,Regular,Yes,Pune
14009,Male,26-35,Budget,No,Ahmedabad
14010,Female,46-60,Regular,No,Hyderabad
14011,Male,26-35,Budget,No,Indore
14012,Male,46-60,Business,No,Jaipur
14013,Female,46-60,Business,Yes,Hyderabad
14014,Male,18-25,Business,Yes,Hyderabad
14015,Male,26-35,Regular,No,Bengaluru
14016,Male,46-60,Budget,Yes,Bhubaneswar
14017,Male,26-35,Regular,No,Indore
14018,Male,26-35,Regular,No,Indore
14019,Male,26-35,Budget,No,Kochi
14020,Female,26-35,Budget,Yes,Lucknow
14021,Male,36-45,Premium,Yes,Delhi
14022,Female,26-35,Budget,No,Bhubaneswar
14023,Male,26-35,Regular,Yes,Surat
14024,Female,26-35,Budget,Yes,Kochi
14025,Female,26-35,Regular,Yes,Lucknow
14026,Female,18-25,Regular,No,Surat
14027,Male,26-35,Budget,Yes,Chennai
14028,Male,26-35,Regular,No,Bhubaneswar
14029,Female,26-35,Budget,Yes,Chandigarh
14030,Male,60+,Budget,Yes,Ahmedabad
14031,Male,26-35,Premium,No,Ahmedabad
14032,Male,18-25,Budget,No,Bhubaneswar
14033,Female,18-25,Budget,Yes,Hyderabad
14034,Female,26-35,Regular,Yes,Bhubaneswar
14035,Female,36-45,Regular,No,Lucknow
14036,Male,36-45,Business,Yes,Jaipur
14037,Male,18-25,Budget,No,Bhubaneswar
14038,Male,18-25,Budget,No,Mumbai
14039,Female,26-35,Regular,No,Ahmedabad
14040,Male,36-45,Regular,No,Hyderabad
14041,Male,36-45,Business,No,Nagpur
14042,Female,18-25,Regular,Yes,Ahmedabad
14043,Male,36-45,Budget,No,Nagpur
14044,Male,26-35,Regular,No,Hyderabad
14045,Female,60+,Regular,Yes,Hyderabad
14046,Male,36-45,Regular,Yes,Jaipur
14047,Female,18-25,Budget,Yes,Pune
14048,Female,26-35,Regular,Yes,Ahmedabad
14049,Female,26-35,Business,No,Jaipur
14050,Male,26-35,Regular,Yes,Bhubaneswar
14051,Female,18-25,Premium,No,Chennai
14052,Male,18-25,Budget,No,Nagpur
14053,Female,26-35,Regular,No,Pune
14054,Male,26-35,Regular,No,Chennai
14055,Male,36-45,Premium,Yes,Surat
14056,Male,18-25,Regular,No,Surat
14057,Female,36-45,Budget,No,Lucknow
14058,Male,18-25,Budget,No,Chennai
14059,Male,18-25,Budget,Yes,Surat
14060,Male,26-35,Regular,Yes,Pune
14061,Female,46-60,Budget,No,Lucknow
14062,Male,60+,Budget,Yes,Pune
14063,Female,26-35,Business,Yes,Jaipur
14064,Male,18-25,Premium,No,Mumbai
14065,Male,60+,Regular,No,Pune
14066,Male,36-45,Regular,No,Ahmedabad
14067,Female,36-45,Budget,No,Pune
14068,Male,26-35,Budget,No,Indore
14069,Male,26-35,Budget,No,Kochi
14070,Male,36-45,Regular,No,Bhubaneswar
14071,Male,36-45,Business,No,Hyderabad
14072,Male,26-35,Regular,Yes,Lucknow
14073,Female,46-60,Premium,Yes,Chennai
14074,Female,36-45,Regular,Yes,Chennai
14075,Female,18-25,Business,No,Bengaluru
14076,Male,18-25,Regular,No,Bhubaneswar
14077,Female,18-25,Regular,No,Delhi
14078,Male,26-35,Budget,No,Chandigarh
14079,Female,46-60,Budget,Yes,Delhi
14080,Female,46-60,Budget,No,Jaipur
14081,Male,26-35,Premium,No,Mumbai
14082,Female,36-45,Premium,Yes,Hyderabad
14083,Female,46-60,Regular,Yes,Lucknow
14084,Female,26-35,Regular,Yes,Hyderabad
14085,Female,26-35,Business,Yes,Chandigarh
14086,Female,46-60,Business,Yes,Bengaluru
14087,Male,46-60,Regular,Yes,Indore
14088,Female,46-60,Budget,No,Pune
14089,Male,26-35,Budget,No,Bhubaneswar
14090,Male,26-35,Business,No,Bengaluru
14091,Male,26-35,Regular,No,Jaipur
14092,Male,26-35,Budget,No,Ahmedabad
14093,Male,26-35,Budget,No,Chandigarh
14094,Male,26-35,Regular,No,Kochi
14095,Male,26-35,Regular,No,Chennai
14096,Female,18-25,Budget,No,Indore
14097,Female,46-60,Budget,No,Delhi
14098,Female,46-60,Regular,No,Nagpur
14099,Male,18-25,Business,No,Hyderabad
14100,Female,36-45,Premium,No,Surat
14101,Male,46-60,Business,Yes,Hyderabad
14102,Female,46-60,Regular,Yes,Pune
14103,Female,60+,Premium,Yes,Delhi
14104,Female,36-45,Business,No,Surat
14105,Male,18-25,Regular,No,Surat
14106,Female,18-25,Regular,Yes,Mumbai
14107,Male,46-60,Regular,No,Bengaluru
14108,Male,36-45,Regular,Yes,Chennai
14109,Male,46-60,Regular,Yes,Bhubaneswar
14110,Male,26-35,Premium,Yes,Delhi
14111,Male,26-35,Budget,Yes,Chandigarh
14112,Female,18-25,Business,No,Indore
14113,Male,46-60,Regular,No,Chennai
14114,Male,18-25,Budget,Yes,Ahmedabad
14115,Male,26-35,Premium,Yes,Jaipur
14116,Male,60+,Premium,No,Chennai
14117,Male,26-35,Budget,No,Nagpur
14118,Female,18-25,Regular,No,Delhi
14119,Female,18-25,Premium,Yes,Kochi
14120,Female,18-25,Regular,Yes,Pune
14121,Male,60+,Regular,No,Hyderabad
14122,Female,36-45,Budget,No,Kochi
14123,Male,26-35,Budget,No,Surat
14124,Male,26-35,Regular,No,Indore
14125,Female,26-35,Regular,No,Bengaluru
14126,Male,26-35,Regular,Yes,Ahmedabad
14127,Female,36-45,Budget,No,Hyderabad
14128,Male,46-60,Budget,Yes,Lucknow
14129,Female,26-35,Business,No,Bengaluru
14130,Male,46-60,Business,No,Hyderabad
14131,Female,26-35,Regular,Yes,Mumbai
14132,Male,18-25,Business,Yes,Chennai
14133,Female,36-45,Budget,Yes,Chandigarh
14134,Male,26-35,Business,No,Lucknow
14135,Male,18-25,Budget,No,Pune
14136,Male,18-25,Regular,No,Chandigarh
14137,Male,18-25,Regular,No,Bhubaneswar
14138,Female,26-35,Premium,No,Hyderabad
14139,Female,26-35,Regular,Yes,Bengaluru
14140,Male,46-60,Premium,No,Surat
14141,Male,60+,Budget,Yes,Nagpur
14142,Female,18-25,Regular,Yes,Hyderabad
14143,Male,26-35,Budget,No,Bhubaneswar
14144,Female,46-60,Budget,Yes,Surat
14145,Female,26-35,Budget,No,Indore
14146,Female,18-25,Regular,No,Indore
14147,Female,26-35,Budget,Yes,Chennai
14148,Male,26-35,Regular,Yes,Bengaluru
14149,Female,26-35,Budget,No,Nagpur
14150,Male,26-35,Premium,Yes,Indore
14151,Female,26-35,Premium,Yes,Chennai
14152,Male,36-45,Regular,No,Surat
14153,Female,46-60,Budget,No,Chennai
14154,Male,46-60,Budget,No,Ahmedabad
14155,Male,26-35,Premium,No,Surat
14156,Male,18-25,Premium,No,Indore
14157,Male,46-60,Regular,Yes,Mumbai
14158,Female,26-35,Regular,Yes,Mumbai
14159,Female,18-25,Budget,Yes,Bhubaneswar
14160,Female,36-45,Premium,Yes,Indore
14161,Male,26-35,Business,Yes,Chennai
14162,Male,46-60,Budget,No,Pune
14163,Female,26-35,Regular,Yes,Bhubaneswar
14164,Male,46-60,Business,No,Pune
14165,Male,26-35,Budget,No,Bengaluru
14166,Male,46-60,Budget,Yes,Chennai
14167,Female,18-25,Regular,Yes,Bhubaneswar
14168,Male,18-25,Budget,Yes,Mumbai
14169,Female,18-25,Premium,Yes,Bengaluru
14170,Female,36-45,Budget,No,Nagpur
14171,Female,18-25,Regular,Yes,Kochi
14172,Female,26-35,Regular,No,Nagpur
14173,Female,18-25,Regular,Yes,Delhi
14174,Male,46-60,Regular,No,Chennai
14175,Female,36-45,Budget,Yes,Mumbai
14176,Male,36-45,Premium,No,Nagpur
14177,Male,26-35,Regular,Yes,Delhi
14178,Female,36-45,Premium,Yes,Chandigarh
14179,Female,26-35,Budget,No,Nagpur
14180,Male,36-45,Budget,Yes,Ahmedabad
14181,Male,60+,Budget,Yes,Surat
14182,Female,18-25,Budget,Yes,Chandigarh
14183,Female,26-35,Regular,Yes,Hyderabad
14184,Female,36-45,Regular,Yes,Jaipur
14185,Male,36-45,Business,Yes,Hyderabad
14186,Male,36-45,Premium,Yes,Lucknow
14187,Male,26-35,Premium,No,Mumbai
14188,Male,46-60,Budget,No,Kochi
14189,Female,36-45,Regular,No,Jaipur
14190,Female,46-60,Regular,Yes,Ahmedabad
14191,Female,26-35,Budget,Yes,Ahmedabad
14192,Female,26-35,Regular,No,Kochi
14193,Female,26-35,Premium,Yes,Pune
14194,Female,60+,Premium,No,Nagpur
14195,Male,26-35,Regular,Yes,Surat
14196,Male,46-60,Regular,No,Nagpur
14197,Female,36-45,Regular,Yes,Bengaluru
14198,Male,26-35,Regular,Yes,Pune
14199,Female,46-60,Premium,Yes,Delhi
14200,Male,26-35,Regular,Yes,Nagpur
14201,Female,18-25,Regular,Yes,Nagpur
14202,Female,26-35,Budget,Yes,Kochi
14203,Male,26-35,Budget,Yes,Hyderabad
14204,Male,36-45,Budget,Yes,Surat
14205,Male,26-35,Regular,No,Chennai
14206,Male,36-45,Budget,Yes,Hyderabad
14207,Male,36-45,Budget,No,Mumbai
14208,Female,18-25,Premium,Yes,Bengaluru
14209,Male,18-25,Budget,Yes,Lucknow
14210,Female,46-60,Regular,No,Nagpur
14211,Male,60+,Budget,No,Bengaluru
14212,Female,26-35,Premium,Yes,Kochi
14213,Male,36-45,Budget,No,Delhi
14214,Male,26-35,Budget,No,Surat
14215,Female,18-25,Regular,Yes,Lucknow
14216,Male,36-45,Regular,No,Bhubaneswar
14217,Female,18-25,Budget,No,Hyderabad
14218,Female,36-45,Regular,Yes,Jaipur
14219,Male,26-35,Regular,Yes,Bhubaneswar
14220,Female,36-45,Regular,No,Jaipur
14221,Male,26-35,Premium,No,Surat
14222,Male,46-60,Budget,No,Kochi
14223,Female,18-25,Budget,No,Delhi
14224,Male,46-60,Regular,Yes,Bengaluru
14225,Female,26-35,Budget,Yes,Jaipur
14226,Female,26-35,Business,No,Chandigarh
14227,Female,36-45,Regular,Yes,Delhi
14228,Female,36-45,Budget,No,Bengaluru
14229,Male,60+,Regular,Yes,Delhi
14230,Male,46-60,Budget,Yes,Ahmedabad
14231,Female,36-45,Business,No,Surat
14232,Female,18-25,Regular,No,Jaipur
14233,Female,26-35,Regular,No,Ahmedabad
14234,Female,46-60,Premium,No,Pune
14235,Female,26-35,Budget,No,Bhubaneswar
14236,Female,26-35,Budget,No,Nagpur
14237,Female,26-35,Budget,Yes,Pune
14238,Female,46-60,Regular,No,Bengaluru
14239,Male,46-60,Business,Yes,Ahmedabad
14240,Female,18-25,Regular,Yes,Pune
14241,Male,18-25,Premium,No,Jaipur
14242,Male,36-45,Regular,No,Bengaluru
14243,Female,26-35,Regular,No,Lucknow
14244,Female,26-35,Business,No,Pune
14245,Male,18-25,Regular,No,Kochi
14246,Male,26-35,Regular,Yes,Pune
14247,Female,18-25,Budget,Yes,Kochi
14248,Female,18-25,Regular,No,Pune
14249,Male,26-35,Budget,Yes,Delhi
14250,Female,26-35,Business,No,Jaipur
14251,Male,18-25,Regular,No,Surat
14252,Female,26-35,Budget,No,Chennai
14253,Female,26-35,Budget,No,Ahmedabad
14254,Female,46-60,Budget,No,Bhubaneswar
14255,Male,46-60,Regular,No,Jaipur
14256,Male,18-25,Business,Yes,Bengaluru
14257,Female,36-45,Regular,No,Chandigarh
14258,Female,46-60,Business,No,Pune
14259,Male,26-35,Premium,Yes,Bhubaneswar
14260,Female,36-45,Regular,Yes,Surat
14261,Male,60+,Regular,No,Indore
14262,Female,26-35,Regular,Yes,Chandigarh
14263,Male,26-35,Regular,No,Mumbai
14264,Female,36-45,Regular,Yes,Pune
14265,Female,46-60,Premium,Yes,Delhi
14266,Male,26-35,Premium,Yes,Mumbai
14267,Female,26-35,Budget,No,Bengaluru
14268,Female,26-35,Regular,Yes,Indore
14269,Female,18-25,Business,No,Jaipur
14270,Female,18-25,Premium,Yes,Surat
14271,Female,60+,Premium,No,Kochi
14272,Male,36-45,Regular,No,Jaipur
14273,Male,26-35,Regular,No,Bengaluru
14274,Female,46-60,Business,No,Delhi
14275,Male,60+,Regular,No,Delhi
14276,Female,26-35,Regular,No,Hyderabad
14277,Male,46-60,Budget,No,Pune
14278,Male,36-45,Budget,Yes,Ahmedabad
14279,Male,46-60,Budget,No,Mumbai
14280,Female,18-25,Regular,Yes,Surat
14281,Male,18-25,Business,Yes,Kochi
14282,Female,46-60,Regular,No,Bhubaneswar
14283,Female,60+,Budget,No,Hyderabad
14284,Female,46-60,Regular,Yes,Chandigarh
14285,Male,46-60,Budget,No,Nagpur
14286,Female,46-60,Regular,No,Indore
14287,Male,36-45,Budget,Yes,Nagpur
14288,Female,36-45,Regular,No,Hyderabad
14289,Male,26-35,Budget,Yes,Nagpur
14290,Male,26-35,Budget,Yes,Ahmedabad
14291,Male,46-60,Budget,Yes,Kochi
14292,Female,26-35,Regular,Yes,Bengaluru
14293,Female,26-35,Premium,Yes,Surat
14294,Male,26-35,Regular,No,Delhi
14295,Male,36-45,Business,Yes,Pune
14296,Female,46-60,Regular,Yes,Indore
14297,Female,26-35,Regular,No,Ahmedabad
14298,Female,60+,Regular,Yes,Bhubaneswar
14299,Female,36-45,Budget,No,Hyderabad
14300,Male,18-25,Regular,Yes,Chennai
14301,Female,26-35,Regular,Yes,Delhi
14302,Female,36-45,Budget,No,Hyderabad
14303,Female,26-35,Budget,Yes,Indore
14304,Male,46-60,Budget,Yes,Surat
14305,Male,36-45,Regular,Yes,Bengaluru
14306,Male,26-35,Budget,No,Jaipur
14307,Female,26-35,Premium,No,Indore
14308,Male,18-25,Budget,No,Indore
14309,Male,26-35,Regular,No,Chennai
14310,Male,26-35,Regular,No,Jaipur
14311,Male,46-60,Regular,Yes,Hyderabad
14312,Female,18-25,Budget,No,Jaipur
14313,Male,46-60,Budget,Yes,Bhubaneswar
14314,Male,36-45,Budget,Yes,Bhubaneswar
14315,Male,26-35,Budget,No,Surat
14316,Female,18-25,Budget,Yes,Pune
14317,Female,18-25,Regular,Yes,Chandigarh
14318,Female,36-45,Regular,No,Kochi
14319,Male,26-35,Budget,No,Bhubaneswar
14320,Male,46-60,Regular,Yes,Nagpur
14321,Male,26-35,Budget,Yes,Bengaluru
14322,Female,36-45,Premium,Yes,Lucknow
14323,Male,18-25,Business,Yes,Kochi
14324,Female,26-35,Budget,Yes,Bengaluru
14325,Female,36-45,Regular,Yes,Bengaluru
14326,Female,36-45,Budget,Yes,Chennai
14327,Female,18-25,Budget,No,Jaipur
14328,Female,18-25,Budget,No,Chennai
14329,Male,26-35,Regular,No,Indore
14330,Male,26-35,Premium,Yes,Delhi
14331,Male,46-60,Business,No,Pune
14332,Male,36-45,Budget,No,Delhi
14333,Male,26-35,Budget,No,Hyderabad
14334,Female,18-25,Budget,Yes,Hyderabad
14335,Male,36-45,Regular,No,Bengaluru
14336,Male,26-35,Budget,No,Bhubaneswar
14337,Male,26-35,Budget,No,Surat
14338,Female,26-35,Business,No,Nagpur
14339,Male,26-35,Budget,No,Bengaluru
14340,Female,26-35,Business,No,Bhubaneswar
14341,Female,60+,Business,No,Ahmedabad
14342,Female,26-35,Business,Yes,Bengaluru
14343,Female,36-45,Budget,Yes,Mumbai
14344,Female,46-60,Regular,No,Kochi
14345,Female,26-35,Business,No,Lucknow
14346,Female,60+,Budget,No,Nagpur
14347,Male,26-35,Regular,No,Jaipur
14348,Female,46-60,Regular,No,Hyderabad
14349,Female,18-25,Budget,Yes,Bengaluru
14350,Male,18-25,Budget,No,Delhi
14351,Male,26-35,Budget,Yes,Surat
14352,Male,26-35,Premium,No,Lucknow
14353,Female,36-45,Regular,Yes,Hyderabad
14354,Male,36-45,Premium,No,Hyderabad
14355,Male,18-25,Budget,No,Indore
14356,Female,46-60,Budget,Yes,Chennai
14357,Male,26-35,Business,Yes,Nagpur
14358,Male,26-35,Business,No,Delhi
14359,Male,60+,Budget,Yes,Surat
14360,Female,18-25,Regular,No,Kochi
14361,Female,36-45,Regular,No,Mumbai
14362,Male,18-25,Budget,No,Chennai
14363,Male,18-25,Regular,Yes,Chandigarh
14364,Female,18-25,Budget,No,Ahmedabad
14365,Female,46-60,Premium,Yes,Pune
14366,Female,46-60,Budget,No,Kochi
14367,Female,36-45,Regular,Yes,Delhi
14368,Male,18-25,Budget,No,Nagpur
14369,Male,46-60,Budget,Yes,Hyderabad
14370,Male,36-45,Budget,Yes,Indore
14371,Male,26-35,Regular,No,Nagpur
14372,Female,46-60,Regular,Yes,Kochi
14373,Female,18-25,Premium,Yes,Jaipur
14374,Male,36-45,Premium,Yes,Chennai
14375,Female,36-45,Budget,No,Ahmedabad
14376,Male,18-25,Business,No,Nagpur
14377,Male,26-35,Regular,No,Jaipur
14378,Male,46-60,Regular,No,Chennai
14379,Female,18-25,Regular,Yes,Bengaluru
14380,Female,36-45,Budget,No,Kochi
14381,Female,18-25,Regular,No,Jaipur
14382,Male,18-25,Regular,No,Kochi
14383,Female,26-35,Business,Yes,Mumbai
14384,Female,36-45,Regular,Yes,Pune
14385,Female,36-45,Budget,No,Delhi
14386,Male,26-35,Business,Yes,Hyderabad
14387,Male,46-60,Budget,No,Indore
14388,Female,26-35,Regular,No,Hyderabad
14389,Male,26-35,Budget,No,Hyderabad
14390,Female,46-60,Budget,Yes,Indore
14391,Female,46-60,Budget,Yes,Chennai
14392,Male,26-35,Budget,No,Chennai
14393,Male,60+,Regular,No,Mumbai
14394,Male,46-60,Business,No,Delhi
14395,Female,46-60,Regular,No,Chennai
14396,Male,26-35,Budget,No,Pune
14397,Male,46-60,Regular,Yes,Surat
14398,Female,26-35,Budget,No,Delhi
14399,Female,26-35,Budget,Yes,Delhi
14400,Male,26-35,Regular,No,Nagpur
14401,Female,26-35,Regular,Yes,Kochi
14402,Male,46-60,Business,Yes,Bengaluru
14403,Male,36-45,Regular,No,Indore
14404,Female,60+,Regular,No,Ahmedabad
14405,Female,36-45,Budget,Yes,Indore
14406,Male,18-25,Budget,Yes,Nagpur
14407,Female,18-25,Regular,No,Nagpur
14408,Female,36-45,Regular,Yes,Chandigarh
14409,Male,60+,Budget,No,Lucknow
14410,Female,26-35,Budget,Yes,Delhi
14411,Female,26-35,Budget,No,Mumbai
14412,Male,36-45,Regular,No,Chandigarh
14413,Male,18-25,Premium,No,Bengaluru
14414,Male,26-35,Regular,No,Lucknow
14415,Male,26-35,Premium,No,Lucknow
14416,Male,36-45,Premium,Yes,Kochi
14417,Male,46-60,Budget,No,Surat
14418,Male,18-25,Premium,No,Kochi
14419,Female,46-60,Budget,No,Bengaluru
14420,Male,26-35,Regular,Yes,Mumbai
14421,Male,18-25,Regular,No,Kochi
14422,Male,18-25,Business,No,Nagpur
14423,Male,36-45,Budget,No,Bengaluru
14424,Female,26-35,Regular,Yes,Mumbai
14425,Female,26-35,Regular,Yes,Kochi
14426,Male,36-45,Budget,No,Delhi
14427,Female,36-45,Premium,No,Indore
14428,Male,36-45,Budget,No,Mumbai
14429,Male,26-35,Regular,No,Kochi
14430,Male,26-35,Budget,No,Jaipur
14431,Male,26-35,Business,No,Delhi
14432,Female,26-35,Regular,No,Chennai
14433,Female,46-60,Regular,Yes,Mumbai
14434,Female,60+,Regular,No,Jaipur
14435,Female,46-60,Business,Yes,Pune
14436,Male,36-45,Budget,No,Nagpur
14437,Male,26-35,Regular,No,Mumbai
14438,Female,26-35,Regular,No,Mumbai
14439,Male,18-25,Regular,Yes,Delhi
14440,Female,18-25,Budget,Yes,Pune
14441,Female,46-60,Budget,No,Jaipur
14442,Female,46-60,Budget,Yes,Delhi
14443,Female,36-45,Regular,No,Delhi
14444,Female,46-60,Budget,No,Bhubaneswar
14445,Male,18-25,Premium,No,Jaipur
14446,Male,36-45,Premium,No,Kochi
14447,Male,26-35,Premium,Yes,Chandigarh
14448,Female,26-35,Budget,Yes,Chandigarh
14449,Female,26-35,Regular,No,Kochi
14450,Male,46-60,Regular,Yes,Ahmedabad
14451,Male,46-60,Regular,Yes,Ahmedabad
14452,Male,26-35,Premium,Yes,Mumbai
14453,Male,60+,Business,No,Indore
14454,Male,26-35,Business,No,Hyderabad
14455,Female,36-45,Premium,Yes,Lucknow
14456,Female,36-45,Regular,No,Kochi
14457,Male,18-25,Regular,Yes,Bhubaneswar
14458,Female,18-25,Regular,Yes,Mumbai
14459,Male,26-35,Budget,No,Surat
14460,Female,36-45,Premium,Yes,Surat
14461,Male,46-60,Regular,No,Chandigarh
14462,Male,18-25,Business,No,Chandigarh
14463,Female,26-35,Budget,Yes,Indore
14464,Female,18-25,Regular,No,Bengaluru
14465,Male,18-25,Budget,No,Mumbai
14466,Female,18-25,Regular,No,Bhubaneswar
14467,Male,46-60,Budget,No,Chandigarh
14468,Female,36-45,Budget,Yes,Chandigarh
14469,Female,26-35,Premium,No,Indore
14470,Female,26-35,Regular,No,Lucknow
14471,Male,46-60,Budget,Yes,Mumbai
14472,Female,60+,Budget,Yes,Delhi
14473,Female,26-35,Budget,Yes,Bhubaneswar
14474,Male,46-60,Regular,No,Kochi
14475,Male,46-60,Budget,Yes,Nagpur
14476,Male,26-35,Regular,No,Ahmedabad
14477,Female,46-60,Budget,Yes,Lucknow
14478,Male,36-45,Budget,No,Mumbai
14479,Female,26-35,Budget,No,Ahmedabad
14480,Male,26-35,Regular,Yes,Ahmedabad
14481,Male,26-35,Budget,No,Delhi
14482,Male,36-45,Budget,No,Nagpur
14483,Female,26-35,Regular,Yes,Indore
14484,Female,18-25,Regular,No,Surat
14485,Male,18-25,Premium,Yes,Jaipur
14486,Female,36-45,Business,Yes,Lucknow
14487,Female,36-45,Regular,Yes,Jaipur
14488,Male,46-60,Budget,Yes,Chandigarh
14489,Female,26-35,Regular,Yes,Bengaluru
14490,Female,46-60,Budget,Yes,Pune
14491,Male,36-45,Regular,No,Delhi
14492,Female,46-60,Budget,Yes,Surat
14493,Male,18-25,Regular,No,Kochi
14494,Female,36-45,Budget,No,Bengaluru
14495,Male,26-35,Regular,Yes,Nagpur
14496,Male,46-60,Premium,Yes,Chennai
14497,Female,26-35,Budget,No,Bengaluru
14498,Male,26-35,Budget,No,Nagpur
14499,Male,36-45,Regular,No,Bengaluru
14500,Female,46-60,Premium,No,Bengaluru
14501,Male,46-60,Premium,Yes,Lucknow
14502,Male,18-25,Regular,Yes,Lucknow
14503,Male,46-60,Regular,Yes,Indore
14504,Male,46-60,Regular,Yes,Lucknow
14505,Male,46-60,Regular,Yes,Delhi
14506,Female,18-25,Business,Yes,Chennai
14507,Female,46-60,Budget,No,Jaipur
14508,Male,26-35,Premium,No,Hyderabad
14509,Male,36-45,Regular,Yes,Indore
14510,Male,60+,Budget,No,Bhubaneswar
14511,Female,36-45,Budget,Yes,Surat
14512,Female,46-60,Budget,No,Kochi
14513,Female,46-60,Regular,No,Ahmedabad
14514,Male,18-25,Budget,No,Hyderabad
14515,Male,26-35,Budget,No,Nagpur
14516,Female,26-35,Budget,No,Lucknow
14517,Female,46-60,Regular,No,Chennai
14518,Male,26-35,Regular,No,Bhubaneswar
14519,Male,26-35,Regular,Yes,Lucknow
14520,Male,26-35,Budget,Yes,Nagpur
14521,Female,18-25,Business,No,Ahmedabad
14522,Female,26-35,Regular,No,Kochi
14523,Female,36-45,Regular,Yes,Ahmedabad
14524,Female,18-25,Budget,No,Surat
14525,Male,26-35,Budget,No,Chennai
14526,Female,46-60,Regular,Yes,Chandigarh
14527,Male,60+,Budget,Yes,Mumbai
14528,Male,36-45,Budget,Yes,Chandigarh
14529,Male,26-35,Budget,Yes,Kochi
14530,Male,36-45,Regular,No,Pune
14531,Female,36-45,Budget,No,Lucknow
14532,Female,46-60,Budget,Yes,Nagpur
14533,Female,26-35,Budget,No,Ahmedabad
14534,Female,26-35,Premium,Yes,Pune
14535,Female,26-35,Regular,No,Bengaluru
14536,Male,18-25,Budget,Yes,Jaipur
14537,Male,26-35,Regular,Yes,Mumbai
14538,Female,46-60,Regular,Yes,Chennai
14539,Male,18-25,Regular,No,Ahmedabad
14540,Female,26-35,Regular,Yes,Surat
14541,Female,36-45,Regular,No,Surat
14542,Female,60+,Regular,No,Mumbai
14543,Male,46-60,Premium,Yes,Jaipur
14544,Male,60+,Budget,Yes,Hyderabad
14545,Male,26-35,Regular,No,Lucknow
14546,Female,26-35,Regular,No,Chandigarh
14547,Male,26-35,Budget,No,Bhubaneswar
14548,Female,26-35,Budget,No,Mumbai
14549,Male,60+,Budget,Yes,Ahmedabad
14550,Female,36-45,Regular,No,Surat
14551,Male,26-35,Regular,Yes,Chandigarh
14552,Male,26-35,Business,Yes,Chennai
14553,Female,26-35,Budget,Yes,Mumbai
14554,Female,18-25,Regular,No,Ahmedabad
14555,Male,26-35,Regular,No,Indore
14556,Male,36-45,Premium,No,Bhubaneswar
14557,Female,18-25,Regular,Yes,Pune
14558,Female,26-35,Business,Yes,Nagpur
14559,Female,36-45,Budget,No,Kochi
14560,Male,36-45,Business,Yes,Nagpur
14561,Female,26-35,Budget,No,Kochi
14562,Male,36-45,Regular,Yes,Bengaluru
14563,Female,46-60,Regular,No,Chennai
14564,Female,26-35,Regular,Yes,Nagpur
14565,Female,18-25,Budget,No,Kochi
14566,Female,18-25,Business,No,Nagpur
14567,Male,26-35,Budget,Yes,Lucknow
14568,Male,18-25,Budget,Yes,Lucknow
14569,Female,36-45,Regular,No,Ahmedabad
14570,Female,36-45,Budget,No,Delhi
14571,Female,36-45,Budget,Yes,Pune
14572,Female,36-45,Budget,Yes,Chennai
14573,Male,26-35,Regular,No,Bengaluru
14574,Male,18-25,Regular,Yes,Delhi
14575,Female,46-60,Premium,No,Lucknow
14576,Female,18-25,Premium,No,Pune
14577,Male,60+,Regular,Yes,Bengaluru
14578,Female,26-35,Regular,No,Ahmedabad
14579,Female,18-25,Regular,Yes,Bhubaneswar
14580,Female,26-35,Regular,No,Delhi
14581,Male,46-60,Regular,No,Jaipur
14582,Male,46-60,Regular,Yes,Bhubaneswar
14583,Male,18-25,Budget,Yes,Ahmedabad
14584,Male,26-35,Premium,Yes,Hyderabad
14585,Female,46-60,Business,Yes,Bengaluru
14586,Female,36-45,Premium,No,Ahmedabad
14587,Male,36-45,Regular,Yes,Ahmedabad
14588,Female,36-45,Budget,Yes,Nagpur
14589,Male,26-35,Budget,No,Jaipur
14590,Male,26-35,Premium,No,Hyderabad
14591,Female,26-35,Regular,No,Hyderabad
14592,Female,46-60,Regular,No,Chennai
14593,Male,18-25,Regular,No,Bhubaneswar
14594,Female,46-60,Premium,No,Indore
14595,Female,18-25,Regular,No,Nagpur
14596,Female,26-35,Budget,No,Chandigarh
14597,Male,46-60,Regular,Yes,Mumbai
14598,Male,46-60,Regular,Yes,Chennai
14599,Female,36-45,Regular,Yes,Bengaluru
14600,Male,36-45,Regular,Yes,Nagpur
14601,Male,46-60,Business,No,Indore
14602,Male,18-25,Budget,Yes,Delhi
14603,Male,26-35,Premium,No,Nagpur
14604,Male,26-35,Regular,Yes,Hyderabad
14605,Male,26-35,Budget,Yes,Surat
14606,Female,18-25,Premium,No,Jaipur
14607,Female,26-35,Regular,Yes,Nagpur
14608,Male,36-45,Regular,No,Chandigarh
14609,Female,36-45,Budget,No,Bengaluru
14610,Female,26-35,Budget,No,Surat
14611,Male,18-25,Budget,No,Bengaluru
14612,Female,26-35,Regular,Yes,Surat
14613,Male,18-25,Business,Yes,Bengaluru
14614,Male,26-35,Premium,Yes,Kochi
14615,Male,18-25,Premium,No,Ahmedabad
14616,Female,18-25,Business,Yes,Jaipur
14617,Male,26-35,Premium,Yes,Indore
14618,Female,36-45,Budget,Yes,Surat
14619,Male,60+,Budget,Yes,Bengaluru
14620,Female,26-35,Regular,No,Nagpur
14621,Male,26-35,Regular,Yes,Chennai
14622,Female,26-35,Budget,Yes,Lucknow
14623,Male,18-25,Business,No,Surat
14624,Female,60+,Regular,Yes,Surat
14625,Female,46-60,Regular,Yes,Ahmedabad
14626,Female,46-60,Budget,Yes,Delhi
14627,Male,46-60,Premium,No,Chennai
14628,Male,26-35,Budget,No,Surat
14629,Male,18-25,Budget,No,Hyderabad
14630,Female,36-45,Regular,No,Mumbai
14631,Male,18-25,Budget,Yes,Indore
14632,Female,26-35,Regular,Yes,Nagpur
14633,Female,36-45,Premium,No,Pune
14634,Male,26-35,Regular,No,Chandigarh
14635,Female,26-35,Regular,Yes,Chandigarh
14636,Male,46-60,Business,No,Surat
14637,Female,26-35,Business,No,Hyderabad
14638,Female,26-35,Regular,Yes,Surat
14639,Male,18-25,Regular,Yes,Mumbai
14640,Female,60+,Budget,Yes,Ahmedabad
14641,Male,60+,Premium,No,Nagpur
14642,Male,36-45,Regular,Yes,Jaipur
14643,Female,26-35,Budget,No,Surat
14644,Male,18-25,Budget,No,Hyderabad
14645,Female,36-45,Regular,Yes,Bengaluru
14646,Female,18-25,Budget,Yes,Bhubaneswar
14647,Male,36-45,Budget,Yes,Jaipur
14648,Male,36-45,Regular,Yes,Surat
14649,Female,26-35,Regular,Yes,Pune
14650,Male,36-45,Regular,Yes,Chennai
14651,Male,26-35,Regular,Yes,Bengaluru
14652,Male,26-35,Budget,No,Chennai
14653,Female,26-35,Premium,Yes,Lucknow
14654,Male,18-25,Regular,No,Nagpur
14655,Male,26-35,Regular,No,Ahmedabad
14656,Male,26-35,Regular,No,Mumbai
14657,Female,26-35,Business,No,Delhi
14658,Male,26-35,Budget,Yes,Surat
14659,Female,36-45,Budget,Yes,Mumbai
14660,Female,26-35,Premium,Yes,Hyderabad
14661,Male,18-25,Budget,Yes,Bengaluru
14662,Male,46-60,Regular,No,Kochi
14663,Female,26-35,Premium,Yes,Ahmedabad
14664,Male,26-35,Premium,No,Surat
14665,Male,26-35,Regular,Yes,Hyderabad
14666,Male,36-45,Regular,No,Mumbai
14667,Female,36-45,Budget,Yes,Mumbai
14668,Female,46-60,Budget,Yes,Surat
14669,Male,60+,Regular,Yes,Chennai
14670,Male,26-35,Regular,No,Mumbai
14671,Female,26-35,Premium,No,Kochi
14672,Female,46-60,Premium,Yes,Nagpur
14673,Male,18-25,Business,Yes,Chennai
14674,Female,18-25,Regular,No,Indore
14675,Male,36-45,Regular,Yes,Nagpur
14676,Male,46-60,Budget,No,Bengaluru
14677,Female,36-45,Regular,Yes,Pune
14678,Male,26-35,Regular,No,Delhi
14679,Male,26-35,Budget,No,Jaipur
14680,Male,26-35,Regular,No,Hyderabad
14681,Male,26-35,Regular,Yes,Lucknow
14682,Female,18-25,Regular,No,Hyderabad
14683,Female,26-35,Premium,Yes,Chennai
14684,Male,46-60,Budget,Yes,Jaipur
14685,Female,60+,Premium,Yes,Lucknow
14686,Male,18-25,Budget,Yes,Kochi
14687,Male,18-25,Budget,No,Hyderabad
14688,Male,26-35,Business,No,Chandigarh
14689,Female,18-25,Regular,No,Bengaluru
14690,Female,26-35,Budget,Yes,Bhubaneswar
14691,Female,18-25,Business,Yes,Chennai
14692,Female,26-35,Regular,Yes,Nagpur
14693,Male,46-60,Budget,No,Pune
14694,Male,18-25,Budget,No,Surat
14695,Male,46-60,Budget,Yes,Hyderabad
14696,Female,36-45,Budget,Yes,Bhubaneswar
14697,Male,18-25,Budget,No,Chennai
14698,Female,18-25,Budget,Yes,Surat
14699,Male,36-45,Regular,No,Delhi
14700,Female,26-35,Regular,No,Lucknow
14701,Male,26-35,Regular,No,Pune
14702,Male,18-25,Budget,Yes,Surat
14703,Male,46-60,Budget,No,Kochi
14704,Male,26-35,Business,No,Nagpur
14705,Female,26-35,Budget,Yes,Indore
14706,Female,18-25,Budget,No,Kochi
14707,Female,26-35,Regular,No,Chennai
14708,Male,26-35,Regular,Yes,Hyderabad
14709,Female,36-45,Budget,No,Indore
14710,Female,18-25,Budget,No,Jaipur
14711,Female,26-35,Budget,No,Indore
14712,Female,26-35,Budget,Yes,Surat
14713,Female,26-35,Budget,Yes,Chandigarh
14714,Female,36-45,Premium,No,Jaipur
14715,Male,36-45,Business,No,Lucknow
14716,Male,36-45,Premium,Yes,Chandigarh
14717,Female,18-25,Regular,No,Bhubaneswar
14718,Male,46-60,Business,No,Lucknow
14719,Male,26-35,Business,Yes,Bengaluru
14720,Female,18-25,Regular,No,Ahmedabad
14721,Female,18-25,Budget,Yes,Nagpur
14722,Male,18-25,Regular,No,Kochi
14723,Female,26-35,Budget,No,Chandigarh
14724,Male,26-35,Budget,No,Ahmedabad
14725,Female,36-45,Budget,No,Indore
14726,Female,46-60,Premium,No,Mumbai
14727,Male,18-25,Budget,No,Mumbai
14728,Female,18-25,Budget,No,Chandigarh
14729,Female,26-35,Regular,Yes,Lucknow
14730,Male,18-25,Budget,No,Kochi
14731,Male,26-35,Regular,No,Delhi
14732,Female,26-35,Premium,Yes,Chennai
14733,Female,18-25,Budget,No,Bhubaneswar
14734,Female,46-60,Premium,No,Pune
14735,Female,60+,Budget,No,Mumbai
14736,Female,26-35,Regular,Yes,Delhi
14737,Female,36-45,Regular,Yes,Chandigarh
14738,Female,36-45,Premium,Yes,Indore
14739,Male,26-35,Regular,Yes,Delhi
14740,Female,18-25,Business,No,Mumbai
14741,Female,26-35,Premium,Yes,Bhubaneswar
14742,Female,26-35,Budget,No,Lucknow
14743,Male,46-60,Budget,No,Lucknow
14744,Female,26-35,Regular,No,Kochi
14745,Female,18-25,Regular,No,Surat
14746,Male,26-35,Regular,No,Lucknow
14747,Male,36-45,Regular,No,Indore
14748,Male,36-45,Business,Yes,Mumbai
14749,Female,36-45,Budget,Yes,Jaipur
14750,Male,26-35,Premium,No,Jaipur
14751,Female,46-60,Premium,Yes,Ahmedabad
14752,Male,18-25,Regular,Yes,Chennai
14753,Female,26-35,Business,No,Hyderabad
14754,Male,18-25,Regular,No,Mumbai
14755,Male,18-25,Business,No,Chandigarh
14756,Female,26-35,Regular,No,Chandigarh
14757,Male,26-35,Premium,No,Hyderabad
14758,Male,26-35,Regular,No,Mumbai
14759,Female,36-45,Regular,No,Mumbai
14760,Female,18-25,Regular,No,Chandigarh
14761,Male,26-35,Premium,No,Nagpur
14762,Female,26-35,Regular,No,Surat
14763,Male,26-35,Business,Yes,Mumbai
14764,Female,46-60,Budget,No,Jaipur
14765,Male,26-35,Business,Yes,Delhi
14766,Female,18-25,Regular,Yes,Pune
14767,Female,26-35,Business,No,Delhi
14768,Female,18-25,Budget,Yes,Ahmedabad
14769,Female,36-45,Regular,No,Kochi
14770,Female,36-45,Budget,No,Bhubaneswar
14771,Female,18-25,Business,Yes,Indore
14772,Male,26-35,Budget,No,Jaipur
14773,Male,26-35,Budget,Yes,Chandigarh
14774,Male,26-35,Regular,No,Mumbai
14775,Male,26-35,Premium,No,Delhi
14776,Female,26-35,Premium,Yes,Jaipur
14777,Female,46-60,Business,No,Bhubaneswar
14778,Male,46-60,Budget,No,Delhi
14779,Female,46-60,Budget,No,Delhi
14780,Male,18-25,Regular,Yes,Kochi
14781,Female,46-60,Budget,Yes,Indore
14782,Male,46-60,Regular,Yes,Kochi
14783,Female,26-35,Budget,No,Bengaluru
14784,Male,36-45,Budget,Yes,Chennai
14785,Female,46-60,Premium,No,Chennai
14786,Male,18-25,Regular,No,Chandigarh
14787,Female,46-60,Business,No,Mumbai
14788,Female,60+,Regular,Yes,Delhi
14789,Male,26-35,Budget,No,Surat
14790,Male,36-45,Budget,No,Nagpur
14791,Female,46-60,Budget,No,Jaipur
14792,Female,46-60,Budget,Yes,Jaipur
14793,Female,36-45,Budget,Yes,Ahmedabad
14794,Female,26-35,Budget,No,Lucknow
14795,Male,26-35,Regular,No,Mumbai
14796,Female,36-45,Budget,No,Kochi
14797,Male,46-60,Regular,No,Bengaluru
14798,Female,36-45,Regular,No,Chennai
14799,Female,18-25,Budget,Yes,Nagpur
14800,Female,60+,Regular,No,Chennai
14801,Male,18-25,Budget,Yes,Chandigarh
14802,Male,26-35,Regular,Yes,Bengaluru
14803,Female,26-35,Premium,No,Bhubaneswar
14804,Female,18-25,Budget,Yes,Delhi
14805,Female,46-60,Regular,No,Indore
14806,Male,26-35,Business,Yes,Chennai
14807,Male,36-45,Premium,Yes,Bengaluru
14808,Female,36-45,Budget,No,Bengaluru
14809,Female,60+,Regular,Yes,Indore
14810,Female,36-45,Regular,Yes,Delhi
14811,Male,36-45,Regular,No,Bengaluru
14812,Female,18-25,Budget,No,Bhubaneswar
14813,Female,60+,Regular,No,Delhi
14814,Male,18-25,Regular,Yes,Bengaluru
14815,Male,60+,Regular,Yes,Chandigarh
14816,Female,26-35,Premium,Yes,Bengaluru
14817,Female,18-25,Regular,Yes,Hyderabad
14818,Male,26-35,Premium,Yes,Pune
14819,Female,18-25,Budget,Yes,Surat
14820,Female,46-60,Regular,No,Mumbai
14821,Male,60+,Business,Yes,Jaipur
14822,Male,26-35,Regular,No,Bengaluru
14823,Female,26-35,Business,No,Indore
14824,Male,18-25,Regular,No,Delhi
14825,Female,26-35,Budget,Yes,Pune
14826,Male,26-35,Budget,No,Surat
14827,Male,26-35,Regular,No,Chandigarh
14828,Male,36-45,Regular,Yes,Lucknow
14829,Female,46-60,Regular,No,Bengaluru
14830,Female,46-60,Regular,Yes,Bhubaneswar
14831,Male,46-60,Regular,No,Jaipur
14832,Male,26-35,Regular,No,Nagpur
14833,Male,26-35,Regular,Yes,Kochi
14834,Female,36-45,Regular,Yes,Chennai
14835,Male,36-45,Business,No,Bhubaneswar
14836,Male,46-60,Premium,Yes,Delhi
14837,Male,26-35,Budget,Yes,Jaipur
14838,Female,46-60,Budget,No,Hyderabad
14839,Male,26-35,Regular,No,Kochi
14840,Male,46-60,Business,No,Bhubaneswar
14841,Female,36-45,Regular,No,Indore
14842,Male,26-35,Regular,No,Kochi
14843,Male,46-60,Regular,No,Ahmedabad
14844,Male,26-35,Budget,No,Jaipur
14845,Male,26-35,Regular,No,Lucknow
14846,Male,26-35,Regular,Yes,Bengaluru
14847,Female,46-60,Regular,No,Ahmedabad
14848,Male,18-25,Regular,Yes,Lucknow
14849,Male,26-35,Budget,Yes,Hyderabad
14850,Male,26-35,Budget,No,Bengaluru
14851,Female,46-60,Premium,Yes,Bengaluru
14852,Male,26-35,Regular,No,Chandigarh
14853,Male,46-60,Regular,No,Jaipur
14854,Male,60+,Budget,No,Bhubaneswar
14855,Male,26-35,Budget,Yes,Pune
14856,Female,26-35,Regular,No,Lucknow
14857,Male,26-35,Premium,No,Hyderabad
14858,Female,46-60,Budget,No,Indore
14859,Male,26-35,Budget,No,Indore
14860,Female,18-25,Regular,Yes,Jaipur
14861,Male,46-60,Regular,Yes,Nagpur
14862,Male,46-60,Regular,Yes,Lucknow
14863,Male,26-35,Premium,Yes,Ahmedabad
14864,Female,46-60,Budget,No,Nagpur
14865,Female,26-35,Business,No,Chennai
14866,Female,26-35,Premium,Yes,Nagpur
14867,Female,46-60,Regular,No,Chandigarh
14868,Female,26-35,Regular,No,Ahmedabad
14869,Female,18-25,Regular,No,Chandigarh
14870,Female,36-45,Budget,No,Jaipur
14871,Male,18-25,Budget,Yes,Indore
14872,Male,18-25,Regular,No,Lucknow
14873,Male,26-35,Regular,No,Kochi
14874,Male,36-45,Budget,Yes,Bengaluru
14875,Female,26-35,Business,Yes,Ahmedabad
14876,Female,26-35,Business,No,Lucknow
14877,Female,26-35,Regular,Yes,Kochi
14878,Female,26-35,Regular,No,Pune
14879,Female,36-45,Budget,No,Bengaluru
14880,Male,18-25,Regular,No,Lucknow
14881,Female,36-45,Premium,No,Chennai
14882,Male,36-45,Regular,No,Surat
14883,Male,26-35,Business,No,Ahmedabad
14884,Male,36-45,Budget,No,Bengaluru
14885,Male,26-35,Budget,Yes,Lucknow
14886,Female,46-60,Regular,No,Bengaluru
14887,Female,36-45,Premium,No,Delhi
14888,Male,46-60,Regular,Yes,Surat
14889,Female,26-35,Budget,Yes,Bhubaneswar
14890,Female,46-60,Budget,No,Mumbai
14891,Female,26-35,Business,Yes,Hyderabad
14892,Female,26-35,Premium,No,Kochi
14893,Female,46-60,Regular,Yes,Kochi
14894,Female,18-25,Regular,No,Nagpur
14895,Male,36-45,Regular,No,Chennai
14896,Male,36-45,Regular,Yes,Lucknow
14897,Male,46-60,Budget,No,Mumbai
14898,Male,26-35,Regular,Yes,Ahmedabad
14899,Female,46-60,Budget,Yes,Chandigarh
14900,Female,18-25,Premium,No,Bengaluru
14901,Female,46-60,Premium,Yes,Mumbai
14902,Male,60+,Regular,No,Surat
14903,Female,26-35,Budget,No,Bhubaneswar
14904,Male,46-60,Regular,No,Pune
14905,Male,46-60,Premium,No,Chandigarh
14906,Female,26-35,Budget,No,Chennai
14907,Female,26-35,Business,Yes,Indore
14908,Male,26-35,Budget,Yes,Surat
14909,Male,26-35,Business,No,Bengaluru
14910,Male,46-60,Regular,Yes,Hyderabad
14911,Female,46-60,Budget,No,Nagpur
14912,Male,36-45,Business,Yes,Delhi
14913,Female,26-35,Premium,Yes,Kochi
14914,Female,18-25,Budget,No,Kochi
14915,Male,26-35,Regular,Yes,Jaipur
14916,Female,60+,Budget,No,Chennai
14917,Female,26-35,Regular,Yes,Pune
14918,Male,26-35,Regular,No,Jaipur
14919,Male,26-35,Premium,Yes,Indore
14920,Female,36-45,Business,Yes,Pune
14921,Female,36-45,Business,No,Indore
14922,Male,36-45,Budget,No,Delhi
14923,Male,36-45,Business,Yes,Delhi
14924,Female,26-35,Regular,Yes,Hyderabad
14925,Male,26-35,Regular,Yes,Kochi
14926,Female,46-60,Premium,Yes,Bengaluru
14927,Female,26-35,Business,No,Chennai
14928,Female,18-25,Business,Yes,Lucknow
14929,Female,36-45,Regular,No,Surat
14930,Male,36-45,Budget,No,Indore
14931,Male,60+,Regular,Yes,Kochi
14932,Female,36-45,Regular,No,Kochi
14933,Male,46-60,Budget,Yes,Mumbai
14934,Male,26-35,Budget,Yes,Hyderabad
14935,Male,36-45,Business,No,Lucknow
14936,Female,26-35,Budget,Yes,Surat
14937,Female,26-35,Regular,No,Mumbai
14938,Female,46-60,Regular,Yes,Nagpur
14939,Male,26-35,Regular,Yes,Jaipur
14940,Female,18-25,Regular,No,Bhubaneswar
14941,Male,26-35,Regular,Yes,Mumbai
14942,Male,26-35,Premium,Yes,Indore
14943,Female,60+,Premium,No,Delhi
14944,Male,46-60,Budget,No,Chennai
14945,Male,26-35,Regular,Yes,Hyderabad
14946,Male,46-60,Regular,Yes,Hyderabad
14947,Female,36-45,Budget,Yes,Jaipur
14948,Female,46-60,Budget,Yes,Bengaluru
14949,Male,36-45,Premium,No,Mumbai
14950,Male,36-45,Budget,No,Jaipur
14951,Male,26-35,Premium,No,Lucknow
14952,Female,26-35,Premium,No,Mumbai
14953,Male,60+,Regular,Yes,Kochi
14954,Female,18-25,Regular,No,Ahmedabad
14955,Male,36-45,Business,Yes,Lucknow
14956,Female,18-25,Regular,Yes,Delhi
14957,Female,46-60,Regular,No,Lucknow
14958,Female,26-35,Budget,No,Lucknow
14959,Male,60+,Regular,Yes,Chandigarh
14960,Male,36-45,Business,No,Mumbai
14961,Male,26-35,Regular,Yes,Delhi
14962,Male,46-60,Budget,No,Jaipur
14963,Female,46-60,Regular,Yes,Delhi
14964,Male,26-35,Regular,No,Surat
14965,Male,60+,Budget,Yes,Indore
14966,Male,18-25,Budget,No,Surat
14967,Male,18-25,Regular,Yes,Chennai
14968,Female,26-35,Regular,Yes,Hyderabad
14969,Female,26-35,Budget,Yes,Chandigarh
14970,Female,36-45,Regular,Yes,Indore
14971,Female,46-60,Regular,Yes,Surat
14972,Male,18-25,Regular,Yes,Ahmedabad
14973,Male,36-45,Regular,No,Chandigarh
14974,Female,26-35,Business,No,Kochi
14975,Female,46-60,Budget,Yes,Indore
14976,Male,36-45,Premium,No,Mumbai
14977,Female,36-45,Regular,No,Nagpur
14978,Female,18-25,Regular,No,Ahmedabad
14979,Male,46-60,Budget,No,Lucknow
14980,Male,18-25,Regular,No,Chennai
14981,Male,46-60,Budget,No,Indore
14982,Male,26-35,Business,No,Chennai
14983,Male,26-35,Regular,Yes,Surat
14984,Male,46-60,Budget,No,Jaipur
14985,Female,26-35,Budget,Yes,Indore
14986,Male,46-60,Regular,Yes,Chennai
14987,Female,26-35,Budget,No,Bengaluru
14988,Female,46-60,Regular,No,Delhi
14989,Female,18-25,Regular,Yes,Mumbai
14990,Female,26-35,Business,No,Delhi
14991,Female,18-25,Business,Yes,Ahmedabad
14992,Male,60+,Budget,Yes,Pune
14993,Male,18-25,Budget,Yes,Nagpur
14994,Male,26-35,Regular,Yes,Ahmedabad
14995,Male,26-35,Budget,Yes,Jaipur
14996,Female,36-45,Budget,No,Chennai
14997,Female,36-45,Regular,No,Chennai
14998,Male,26-35,Budget,No,Nagpur
14999,Male,36-45,Budget,No,Delhi
15000,Female,46-60,Budget,No,Surat
15001,Female,18-25,Budget,No,Ahmedabad
15002,Female,26-35,Regular,No,Delhi
15003,Female,46-60,Premium,Yes,Chandigarh
15004,Male,36-45,Business,No,Nagpur
15005,Female,36-45,Regular,No,Mumbai
15006,Female,26-35,Regular,No,Nagpur
15007,Male,18-25,Regular,No,Hyderabad
15008,Male,36-45,Budget,Yes,Ahmedabad
15009,Female,36-45,Premium,No,Nagpur
15010,Female,46-60,Regular,No,Delhi
15011,Male,26-35,Budget,No,Kochi
15012,Female,36-45,Regular,Yes,Bhubaneswar
15013,Male,18-25,Business,Yes,Indore
15014,Male,26-35,Business,Yes,Surat
15015,Female,46-60,Premium,Yes,Jaipur
15016,Male,36-45,Premium,No,Nagpur
15017,Male,18-25,Premium,No,Mumbai
15018,Female,36-45,Budget,No,Surat
15019,Male,26-35,Premium,No,Ahmedabad
15020,Male,46-60,Regular,No,Hyderabad
15021,Male,46-60,Business,Yes,Mumbai
15022,Male,18-25,Regular,No,Lucknow
15023,Male,36-45,Regular,No,Bengaluru
15024,Female,46-60,Business,Yes,Surat
15025,Male,60+,Budget,Yes,Hyderabad
15026,Male,18-25,Budget,Yes,Bengaluru
15027,Male,18-25,Regular,No,Delhi
15028,Male,26-35,Premium,No,Lucknow
15029,Female,46-60,Business,No,Kochi
15030,Male,46-60,Regular,Yes,Nagpur
15031,Male,18-25,Regular,Yes,Hyderabad
15032,Male,18-25,Budget,No,Hyderabad
15033,Male,18-25,Budget,Yes,Chennai
15034,Female,18-25,Regular,Yes,Mumbai
15035,Male,26-35,Budget,No,Ahmedabad
15036,Male,36-45,Regular,Yes,Kochi
15037,Male,46-60,Regular,No,Surat
15038,Male,18-25,Budget,Yes,Surat
15039,Female,36-45,Business,No,Chandigarh
15040,Female,18-25,Budget,No,Indore
15041,Male,36-45,Premium,Yes,Kochi
15042,Female,18-25,Budget,Yes,Jaipur
15043,Male,46-60,Budget,No,Kochi
15044,Female,18-25,Business,Yes,Surat
15045,Female,60+,Budget,No,Chandigarh
15046,Male,36-45,Budget,No,Hyderabad
15047,Female,36-45,Premium,Yes,Lucknow
15048,Female,26-35,Regular,Yes,Ahmedabad
15049,Female,26-35,Budget,No,Hyderabad
15050,Female,26-35,Premium,Yes,Hyderabad
15051,Female,18-25,Budget,Yes,Nagpur
15052,Male,36-45,Business,No,Delhi
15053,Female,36-45,Budget,No,Jaipur
15054,Female,46-60,Budget,Yes,Pune
15055,Female,18-25,Budget,No,Chennai
15056,Male,36-45,Regular,No,Chandigarh
15057,Male,36-45,Regular,Yes,Bhubaneswar
15058,Male,36-45,Premium,No,Lucknow
15059,Male,18-25,Premium,Yes,Chandigarh
15060,Male,46-60,Budget,Yes,Nagpur
15061,Female,36-45,Regular,No,Surat
15062,Male,46-60,Budget,No,Mumbai
15063,Male,36-45,Budget,Yes,Jaipur
15064,Male,60+,Regular,Yes,Bhubaneswar
15065,Male,36-45,Budget,No,Delhi
15066,Male,18-25,Budget,Yes,Surat
15067,Male,46-60,Premium,No,Bengaluru
15068,Female,26-35,Budget,No,Nagpur
15069,Female,26-35,Budget,Yes,Pune
15070,Male,46-60,Budget,Yes,Surat
15071,Female,46-60,Premium,Yes,Surat
15072,Female,26-35,Regular,No,Indore
15073,Female,60+,Regular,Yes,Hyderabad
15074,Male,46-60,Budget,Yes,Mumbai
15075,Male,46-60,Premium,Yes,Kochi
15076,Female,46-60,Regular,No,Kochi
15077,Female,26-35,Regular,Yes,Nagpur
15078,Female,26-35,Premium,No,Chennai
15079,Female,18-25,Regular,No,Chennai
15080,Male,18-25,Budget,No,Nagpur
15081,Male,60+,Budget,No,Chennai
15082,Male,36-45,Regular,No,Ahmedabad
15083,Male,18-25,Regular,Yes,Jaipur
15084,Male,46-60,Budget,No,Chennai
15085,Female,26-35,Regular,No,Delhi
15086,Female,26-35,Budget,No,Bengaluru
15087,Male,36-45,Budget,No,Pune
15088,Male,26-35,Premium,No,Nagpur
15089,Male,36-45,Budget,No,Chandigarh
15090,Female,36-45,Regular,Yes,Nagpur
15091,Male,36-45,Regular,No,Chandigarh
15092,Male,36-45,Premium,No,Chandigarh
15093,Male,26-35,Regular,Yes,Jaipur
15094,Male,26-35,Regular,No,Mumbai
15095,Male,26-35,Regular,No,Bhubaneswar
15096,Male,26-35,Budget,Yes,Chandigarh
15097,Female,36-45,Regular,No,Chandigarh
15098,Female,36-45,Regular,No,Bengaluru
15099,Female,46-60,Budget,No,Kochi
15100,Male,26-35,Budget,Yes,Ahmedabad
15101,Female,46-60,Premium,No,Delhi
15102,Female,36-45,Regular,No,Surat
15103,Female,26-35,Budget,Yes,Ahmedabad
15104,Female,60+,Regular,Yes,Jaipur
15105,Female,36-45,Regular,No,Indore
15106,Female,26-35,Regular,No,Bengaluru
15107,Female,46-60,Premium,No,Hyderabad
15108,Male,26-35,Budget,No,Bhubaneswar
15109,Male,26-35,Regular,Yes,Chandigarh
15110,Male,36-45,Budget,No,Kochi
15111,Female,46-60,Budget,No,Bhubaneswar
15112,Male,26-35,Business,Yes,Mumbai
15113,Female,36-45,Budget,No,Bengaluru
15114,Male,36-45,Budget,Yes,Pune
15115,Male,18-25,Business,No,Bengaluru
15116,Male,18-25,Business,No,Indore
15117,Female,26-35,Regular,Yes,Pune
15118,Female,18-25,Business,No,Pune
15119,Female,60+,Regular,No,Mumbai
15120,Male,26-35,Regular,Yes,Nagpur
15121,Female,46-60,Budget,Yes,Surat
15122,Female,18-25,Budget,No,Pune
15123,Female,18-25,Premium,No,Surat
15124,Male,46-60,Regular,Yes,Lucknow
15125,Male,18-25,Premium,No,Bhubaneswar
15126,Male,18-25,Budget,Yes,Chandigarh
15127,Male,26-35,Regular,No,Pune
15128,Male,46-60,Budget,No,Jaipur
15129,Female,18-25,Budget,Yes,Indore
15130,Female,46-60,Budget,No,Delhi
15131,Female,36-45,Regular,Yes,Delhi
15132,Female,36-45,Budget,Yes,Lucknow
15133,Male,26-35,Budget,No,Chandigarh
15134,Male,26-35,Premium,No,Chandigarh
15135,Female,36-45,Premium,Yes,Bhubaneswar
15136,Male,26-35,Budget,Yes,Indore
15137,Female,26-35,Regular,No,Nagpur
15138,Male,26-35,Budget,Yes,Bhubaneswar
15139,Female,36-45,Premium,Yes,Delhi
15140,Male,26-35,Regular,No,Bhubaneswar
15141,Female,26-35,Budget,Yes,Bengaluru
15142,Male,18-25,Regular,No,Kochi
15143,Female,26-35,Regular,Yes,Chennai
15144,Female,18-25,Budget,No,Lucknow
15145,Male,26-35,Business,Yes,Bhubaneswar
15146,Male,26-35,Regular,No,Delhi
15147,Female,36-45,Budget,No,Indore
15148,Male,36-45,Budget,Yes,Hyderabad
15149,Female,26-35,Budget,No,Delhi
15150,Male,46-60,Regular,No,Pune
15151,Male,18-25,Regular,Yes,Kochi
15152,Male,18-25,Regular,Yes,Indore
15153,Male,26-35,Regular,No,Chennai
15154,Male,60+,Budget,Yes,Kochi
15155,Female,18-25,Regular,No,Bengaluru
15156,Female,46-60,Regular,Yes,Hyderabad
15157,Female,26-35,Budget,No,Nagpur
15158,Female,36-45,Regular,No,Ahmedabad
15159,Female,46-60,Regular,Yes,Chennai
15160,Male,18-25,Premium,Yes,Pune
15161,Male,26-35,Regular,No,Delhi
15162,Female,26-35,Budget,Yes,Jaipur
15163,Male,26-35,Budget,Yes,Mumbai
15164,Male,36-45,Premium,Yes,Chennai
15165,Male,36-45,Budget,Yes,Jaipur
15166,Male,36-45,Budget,No,Delhi
15167,Male,36-45,Budget,Yes,Pune
15168,Male,26-35,Regular,Yes,Mumbai
15169,Female,36-45,Budget,No,Bengaluru
15170,Male,36-45,Regular,Yes,Indore
15171,Male,26-35,Regular,No,Chandigarh
15172,Female,26-35,Budget,No,Surat
15173,Female,36-45,Regular,Yes,Chandigarh
15174,Male,18-25,Regular,No,Surat
15175,Female,26-35,Premium,Yes,Hyderabad
15176,Male,18-25,Regular,No,Nagpur
15177,Female,26-35,Business,No,Surat
15178,Male,46-60,Regular,No,Bengaluru
15179,Female,18-25,Regular,Yes,Mumbai
15180,Female,18-25,Regular,No,Nagpur
15181,Female,18-25,Budget,Yes,Bhubaneswar
15182,Female,46-60,Premium,Yes,Delhi
15183,Female,26-35,Premium,No,Nagpur
15184,Female,26-35,Budget,No,Hyderabad
15185,Male,18-25,Business,No,Chandigarh
15186,Female,46-60,Premium,No,Ahmedabad
15187,Male,18-25,Regular,No,Chennai
15188,Male,26-35,Budget,No,Bengaluru
15189,Female,26-35,Premium,No,Lucknow
15190,Female,18-25,Regular,Yes,Bhubaneswar
15191,Female,46-60,Regular,No,Surat
15192,Female,46-60,Regular,Yes,Delhi
15193,Female,36-45,Regular,No,Surat
15194,Male,36-45,Budget,Yes,Pune
15195,Female,46-60,Regular,No,Mumbai
15196,Female,36-45,Budget,No,Ahmedabad
15197,Male,36-45,Regular,Yes,Delhi
15198,Male,26-35,Budget,No,Nagpur
15199,Male,46-60,Budget,No,Jaipur
15200,Male,60+,Business,No,Delhi
15201,Male,36-45,Regular,No,Lucknow
15202,Female,36-45,Regular,No,Lucknow
15203,Female,26-35,Budget,Yes,Indore
15204,Male,36-45,Regular,No,Mumbai
15205,Male,36-45,Regular,No,Lucknow
15206,Female,18-25,Budget,No,Bhubaneswar
15207,Male,26-35,Business,No,Chandigarh
15208,Male,26-35,Regular,Yes,Surat
15209,Male,26-35,Regular,Yes,Kochi
15210,Female,26-35,Business,No,Kochi
15211,Female,26-35,Regular,Yes,Ahmedabad
15212,Male,18-25,Business,No,Kochi
15213,Female,36-45,Budget,No,Chandigarh
15214,Male,26-35,Regular,No,Chandigarh
15215,Male,36-45,Budget,No,Bengaluru
15216,Female,18-25,Premium,Yes,Indore
15217,Female,36-45,Budget,No,Surat
15218,Female,36-45,Premium,No,Hyderabad
15219,Female,60+,Budget,No,Lucknow
15220,Female,36-45,Regular,No,Indore
15221,Female,26-35,Regular,Yes,Chandigarh
15222,Female,36-45,Budget,No,Delhi
15223,Female,36-45,Budget,Yes,Kochi
15224,Female,18-25,Budget,No,Pune
15225,Female,18-25,Regular,No,Ahmedabad
15226,Female,46-60,Regular,Yes,Indore
15227,Male,26-35,Regular,Yes,Surat
15228,Female,26-35,Budget,Yes,Mumbai
15229,Female,26-35,Regular,No,Chennai
15230,Male,26-35,Regular,Yes,Pune
15231,Male,36-45,Budget,No,Bengaluru
15232,Female,26-35,Budget,Yes,Jaipur
15233,Female,26-35,Budget,No,Bengaluru
15234,Male,46-60,Regular,No,Pune
15235,Female,36-45,Regular,No,Bengaluru
15236,Male,46-60,Budget,No,Indore
15237,Male,26-35,Budget,No,Bhubaneswar
15238,Male,36-45,Premium,No,Bengaluru
15239,Female,18-25,Business,Yes,Kochi
15240,Male,18-25,Regular,Yes,Chandigarh
15241,Female,36-45,Premium,Yes,Bengaluru
15242,Female,36-45,Business,Yes,Nagpur
15243,Female,18-25,Budget,Yes,Hyderabad
15244,Female,26-35,Budget,No,Ahmedabad
15245,Male,46-60,Regular,No,Indore
15246,Female,26-35,Budget,No,Pune
15247,Female,26-35,Budget,Yes,Nagpur
15248,Female,46-60,Budget,Yes,Mumbai
15249,Female,46-60,Premium,Yes,Chandigarh
15250,Male,60+,Regular,Yes,Mumbai
15251,Female,60+,Budget,Yes,Indore
15252,Female,26-35,Premium,No,Bengaluru
15253,Male,18-25,Budget,No,Mumbai
15254,Male,36-45,Budget,Yes,Ahmedabad
15255,Female,26-35,Regular,No,Kochi
15256,Female,26-35,Regular,No,Delhi
15257,Male,26-35,Budget,Yes,Lucknow
15258,Male,26-35,Regular,Yes,Bhubaneswar
15259,Male,36-45,Regular,No,Lucknow
15260,Female,60+,Budget,No,Jaipur
15261,Male,18-25,Regular,Yes,Lucknow
15262,Female,18-25,Premium,Yes,Indore
15263,Female,46-60,Budget,Yes,Kochi
15264,Male,26-35,Budget,Yes,Surat
15265,Female,26-35,Premium,Yes,Bhubaneswar
15266,Male,18-25,Business,No,Lucknow
15267,Male,18-25,Business,Yes,Indore
15268,Male,18-25,Budget,No,Jaipur
15269,Male,26-35,Regular,No,Bhubaneswar
15270,Male,36-45,Regular,Yes,Surat
15271,Female,18-25,Regular,Yes,Bengaluru
15272,Male,18-25,Regular,Yes,Hyderabad
15273,Male,46-60,Budget,No,Mumbai
15274,Male,46-60,Business,No,Nagpur
15275,Male,18-25,Business,No,Indore
15276,Male,18-25,Regular,Yes,Surat
15277,Female,60+,Premium,No,Ahmedabad
15278,Male,18-25,Regular,No,Lucknow
15279,Male,36-45,Regular,Yes,Jaipur
15280,Female,36-45,Regular,Yes,Chennai
15281,Female,36-45,Budget,No,Pune
15282,Male,36-45,Regular,Yes,Ahmedabad
15283,Male,26-35,Budget,No,Indore
15284,Male,18-25,Regular,Yes,Jaipur
15285,Male,26-35,Budget,Yes,Hyderabad
15286,Female,26-35,Budget,Yes,Ahmedabad
15287,Female,46-60,Regular,No,Hyderabad
15288,Female,18-25,Budget,Yes,Mumbai
15289,Female,46-60,Business,Yes,Mumbai
15290,Male,18-25,Business,Yes,Surat
15291,Female,46-60,Budget,Yes,Chandigarh
15292,Male,26-35,Business,No,Surat
15293,Male,18-25,Budget,No,Mumbai
15294,Female,26-35,Budget,Yes,Lucknow
15295,Male,46-60,Budget,Yes,Mumbai
15296,Female,36-45,Budget,No,Bhubaneswar
15297,Male,26-35,Premium,No,Bhubaneswar
15298,Female,46-60,Regular,No,Surat
15299,Female,18-25,Regular,No,Nagpur
15300,Male,26-35,Regular,No,Pune
15301,Male,46-60,Regular,Yes,Chennai
15302,Male,36-45,Budget,Yes,Lucknow
15303,Male,26-35,Regular,Yes,Hyderabad
15304,Female,46-60,Premium,No,Mumbai
15305,Female,46-60,Budget,No,Bengaluru
15306,Female,60+,Budget,No,Nagpur
15307,Male,26-35,Business,No,Lucknow
15308,Female,46-60,Regular,No,Delhi
15309,Male,18-25,Premium,No,Jaipur
15310,Male,60+,Budget,Yes,Pune
15311,Male,26-35,Regular,Yes,Bengaluru
15312,Female,46-60,Budget,No,Chennai
15313,Female,26-35,Regular,Yes,Chandigarh
15314,Female,18-25,Premium,Yes,Mumbai
15315,Male,18-25,Regular,No,Bengaluru
15316,Female,46-60,Budget,Yes,Surat
15317,Female,46-60,Premium,Yes,Jaipur
15318,Male,36-45,Premium,Yes,Lucknow
15319,Male,18-25,Regular,No,Ahmedabad
15320,Female,36-45,Regular,Yes,Delhi
15321,Female,18-25,Premium,Yes,Lucknow
15322,Female,36-45,Budget,No,Surat
15323,Male,18-25,Regular,Yes,Delhi
15324,Male,26-35,Regular,Yes,Chennai
15325,Female,36-45,Budget,Yes,Mumbai
15326,Male,36-45,Regular,Yes,Jaipur
15327,Female,18-25,Regular,Yes,Chennai
15328,Female,46-60,Budget,No,Delhi
15329,Female,26-35,Premium,Yes,Mumbai
15330,Female,18-25,Premium,No,Pune
15331,Female,18-25,Regular,No,Pune
15332,Female,60+,Budget,Yes,Bhubaneswar
15333,Female,36-45,Budget,Yes,Chennai
15334,Male,18-25,Budget,Yes,Mumbai
15335,Female,26-35,Regular,Yes,Nagpur
15336,Female,36-45,Regular,Yes,Indore
15337,Female,26-35,Budget,Yes,Pune
15338,Female,46-60,Budget,No,Ahmedabad
15339,Male,26-35,Budget,Yes,Surat
15340,Female,46-60,Budget,No,Bhubaneswar
15341,Male,26-35,Business,No,Indore
15342,Female,36-45,Budget,No,Ahmedabad
15343,Female,60+,Budget,Yes,Chennai
15344,Male,46-60,Premium,Yes,Hyderabad
15345,Male,46-60,Business,No,Kochi
15346,Male,26-35,Budget,Yes,Hyderabad
15347,Female,26-35,Business,Yes,Ahmedabad
15348,Female,26-35,Regular,Yes,Indore
15349,Female,36-45,Regular,Yes,Chennai
15350,Male,18-25,Regular,No,Nagpur
15351,Female,18-25,Business,No,Nagpur
15352,Male,46-60,Premium,No,Nagpur
15353,Male,26-35,Regular,Yes,Ahmedabad
15354,Female,26-35,Regular,No,Nagpur
15355,Female,26-35,Premium,No,Bhubaneswar
15356,Female,26-35,Budget,Yes,Chandigarh
15357,Female,26-35,Regular,Yes,Indore
15358,Male,46-60,Budget,Yes,Surat
15359,Male,18-25,Regular,No,Mumbai
15360,Female,26-35,Regular,Yes,Delhi
15361,Male,26-35,Business,No,Bhubaneswar
15362,Female,18-25,Regular,Yes,Lucknow
15363,Female,36-45,Business,No,Mumbai
15364,Female,60+,Regular,No,Kochi
15365,Female,18-25,Budget,Yes,Hyderabad
15366,Male,46-60,Budget,No,Hyderabad
15367,Male,26-35,Business,Yes,Jaipur
15368,Male,18-25,Regular,No,Chandigarh
15369,Male,60+,Regular,Yes,Hyderabad
15370,Female,36-45,Budget,Yes,Nagpur
15371,Male,46-60,Premium,No,Chennai
15372,Male,26-35,Regular,No,Surat
15373,Male,46-60,Budget,Yes,Chandigarh
15374,Male,46-60,Regular,No,Hyderabad
15375,Male,18-25,Budget,Yes,Kochi
15376,Female,36-45,Regular,No,Delhi
15377,Male,26-35,Regular,No,Nagpur
15378,Female,18-25,Budget,No,Delhi
15379,Female,26-35,Regular,No,Ahmedabad
15380,Female,60+,Budget,No,Mumbai
15381,Male,18-25,Regular,No,Surat
15382,Male,26-35,Regular,Yes,Kochi
15383,Male,26-35,Regular,Yes,Mumbai
15384,Female,26-35,Budget,No,Chandigarh
15385,Male,26-35,Budget,No,Surat
15386,Female,46-60,Budget,No,Chennai
15387,Female,26-35,Business,No,Mumbai
15388,Female,26-35,Budget,No,Chandigarh
15389,Female,46-60,Regular,Yes,Indore
15390,Female,36-45,Business,Yes,Mumbai
15391,Female,18-25,Budget,Yes,Mumbai
15392,Female,18-25,Business,Yes,Chandigarh
15393,Female,36-45,Business,No,Surat
15394,Female,26-35,Premium,No,Indore
15395,Male,18-25,Regular,No,Ahmedabad
15396,Male,26-35,Regular,No,Jaipur
15397,Female,36-45,Budget,No,Delhi
15398,Male,26-35,Regular,Yes,Kochi
15399,Male,26-35,Business,No,Indore
15400,Male,46-60,Budget,Yes,Hyderabad
15401,Female,18-25,Regular,No,Mumbai
15402,Female,26-35,Budget,No,Lucknow
15403,Female,60+,Business,No,Indore
15404,Female,46-60,Budget,No,Ahmedabad
15405,Male,60+,Budget,Yes,Nagpur
15406,Male,18-25,Premium,No,Bengaluru
15407,Female,18-25,Regular,No,Bhubaneswar
15408,Male,36-45,Regular,Yes,Pune
15409,Male,36-45,Business,Yes,Chennai
15410,Female,46-60,Budget,No,Lucknow
15411,Female,26-35,Premium,No,Kochi
15412,Female,60+,Business,Yes,Pune
15413,Male,26-35,Budget,Yes,Ahmedabad
15414,Male,26-35,Regular,No,Ahmedabad
15415,Male,26-35,Regular,Yes,Chennai
15416,Male,36-45,Budget,No,Pune
15417,Male,18-25,Regular,No,Surat
15418,Female,36-45,Regular,Yes,Surat
15419,Male,60+,Budget,No,Ahmedabad
15420,Male,46-60,Budget,Yes,Nagpur
15421,Male,26-35,Regular,No,Mumbai
15422,Male,18-25,Premium,No,Hyderabad
15423,Male,46-60,Regular,No,Pune
15424,Male,36-45,Budget,Yes,Pune
15425,Male,26-35,Regular,Yes,Surat
15426,Female,18-25,Business,Yes,Bengaluru
15427,Male,46-60,Budget,No,Bhubaneswar
15428,Female,46-60,Premium,No,Kochi
15429,Female,26-35,Budget,Yes,Pune
15430,Female,36-45,Premium,Yes,Bengaluru
15431,Female,18-25,Regular,No,Mumbai
15432,Male,36-45,Regular,Yes,Lucknow
15433,Male,26-35,Regular,No,Surat
15434,Female,26-35,Budget,No,Bhubaneswar
15435,Female,18-25,Premium,No,Nagpur
15436,Male,60+,Budget,No,Pune
15437,Female,18-25,Regular,No,Chandigarh
15438,Male,18-25,Business,Yes,Mumbai
15439,Female,26-35,Budget,Yes,Delhi
15440,Female,18-25,Budget,Yes,Mumbai
15441,Female,26-35,Premium,No,Chandigarh
15442,Male,18-25,Budget,Yes,Chennai
15443,Male,36-45,Business,No,Nagpur
15444,Male,18-25,Budget,Yes,Surat
15445,Male,26-35,Business,No,Chandigarh
15446,Male,46-60,Regular,Yes,Surat
15447,Female,26-35,Premium,No,Pune
15448,Male,18-25,Business,Yes,Delhi
15449,Male,46-60,Budget,Yes,Delhi
15450,Female,26-35,Budget,Yes,Bengaluru
15451,Male,26-35,Premium,Yes,Kochi
15452,Female,60+,Budget,Yes,Hyderabad
15453,Male,26-35,Regular,Yes,Surat
15454,Male,36-45,Premium,Yes,Jaipur
15455,Female,18-25,Budget,Yes,Indore
15456,Male,46-60,Regular,No,Surat
15457,Female,60+,Budget,Yes,Hyderabad
15458,Female,18-25,Business,No,Indore
15459,Male,36-45,Budget,No,Pune
15460,Female,36-45,Business,No,Bengaluru
15461,Male,18-25,Regular,No,Mumbai
15462,Female,46-60,Budget,Yes,Surat
15463,Female,18-25,Premium,No,Surat
15464,Male,26-35,Budget,No,Indore
15465,Female,36-45,Budget,No,Kochi
15466,Female,36-45,Budget,Yes,Pune
15467,Female,18-25,Budget,No,Bhubaneswar
15468,Male,46-60,Regular,No,Pune
15469,Female,46-60,Budget,No,Delhi
15470,Male,26-35,Regular,Yes,Bhubaneswar
15471,Male,46-60,Budget,No,Pune
15472,Male,46-60,Budget,No,Ahmedabad
15473,Female,26-35,Budget,Yes,Bengaluru
15474,Female,26-35,Budget,Yes,Hyderabad
15475,Female,18-25,Budget,Yes,Chennai
15476,Male,60+,Budget,No,Chennai
15477,Female,26-35,Budget,No,Delhi
15478,Female,18-25,Regular,No,Kochi
15479,Male,46-60,Premium,No,Hyderabad
15480,Male,36-45,Budget,No,Mumbai
15481,Female,26-35,Premium,No,Hyderabad
15482,Female,46-60,Business,No,Lucknow
15483,Male,36-45,Budget,No,Indore
15484,Female,46-60,Premium,Yes,Pune
15485,Male,36-45,Regular,No,Ahmedabad
15486,Male,46-60,Regular,Yes,Jaipur
15487,Female,36-45,Regular,No,Jaipur
15488,Female,26-35,Budget,No,Chandigarh
15489,Female,36-45,Regular,Yes,Chennai
15490,Male,36-45,Budget,Yes,Bhubaneswar
15491,Female,26-35,Regular,Yes,Mumbai
15492,Female,36-45,Regular,No,Surat
15493,Female,46-60,Budget,No,Surat
15494,Female,36-45,Budget,No,Chandigarh
15495,Female,46-60,Regular,No,Pune
15496,Male,60+,Budget,No,Nagpur
15497,Male,36-45,Budget,No,Chennai
15498,Male,18-25,Premium,No,Jaipur
15499,Male,26-35,Regular,Yes,Chandigarh
15500,Male,26-35,Budget,No,Lucknow
15501,Male,46-60,Budget,Yes,Hyderabad
15502,Male,26-35,Business,No,Jaipur
15503,Male,18-25,Budget,Yes,Jaipur
15504,Female,46-60,Regular,No,Jaipur
15505,Male,60+,Premium,Yes,Lucknow
15506,Male,36-45,Business,No,Jaipur
15507,Female,46-60,Budget,No,Surat
15508,Female,26-35,Regular,No,Chennai
15509,Female,26-35,Regular,No,Ahmedabad
15510,Female,60+,Premium,No,Nagpur
15511,Female,18-25,Business,Yes,Hyderabad
15512,Male,26-35,Budget,Yes,Ahmedabad
15513,Female,36-45,Premium,No,Hyderabad
15514,Female,36-45,Business,No,Bhubaneswar
15515,Female,36-45,Budget,No,Indore
15516,Male,36-45,Regular,Yes,Pune
15517,Female,18-25,Regular,Yes,Jaipur
15518,Female,18-25,Budget,Yes,Nagpur
15519,Female,36-45,Budget,No,Bhubaneswar
15520,Female,60+,Budget,No,Surat
15521,Female,18-25,Budget,No,Chennai
15522,Female,26-35,Regular,No,Pune
15523,Female,26-35,Budget,No,Nagpur
15524,Female,26-35,Budget,No,Chennai
15525,Male,18-25,Budget,Yes,Mumbai
15526,Female,36-45,Budget,No,Indore
15527,Male,18-25,Regular,No,Lucknow
15528,Male,26-35,Budget,Yes,Kochi
15529,Male,46-60,Premium,Yes,Delhi
15530,Male,18-25,Budget,No,Jaipur
15531,Male,26-35,Regular,No,Kochi
15532,Female,36-45,Premium,Yes,Delhi
15533,Male,26-35,Budget,No,Bengaluru
15534,Female,60+,Premium,Yes,Bhubaneswar
15535,Male,26-35,Regular,Yes,Chennai
15536,Female,36-45,Budget,Yes,Mumbai
15537,Female,46-60,Regular,Yes,Hyderabad
15538,Male,18-25,Business,No,Kochi
15539,Female,18-25,Budget,Yes,Hyderabad
15540,Female,26-35,Premium,No,Ahmedabad
15541,Male,60+,Regular,No,Indore
15542,Female,26-35,Budget,No,Lucknow
15543,Female,18-25,Regular,No,Pune
15544,Female,26-35,Premium,No,Surat
15545,Male,26-35,Regular,No,Hyderabad
15546,Male,36-45,Regular,No,Bhubaneswar
15547,Female,26-35,Budget,No,Delhi
15548,Male,36-45,Business,No,Pune
15549,Male,26-35,Regular,Yes,Lucknow
15550,Male,36-45,Budget,Yes,Nagpur
15551,Male,26-35,Business,Yes,Delhi
15552,Male,18-25,Premium,Yes,Bengaluru
15553,Female,36-45,Budget,No,Kochi
15554,Female,36-45,Regular,Yes,Bengaluru
15555,Male,26-35,Regular,No,Surat
15556,Male,46-60,Budget,No,Mumbai
15557,Male,26-35,Budget,Yes,Hyderabad
15558,Male,60+,Regular,Yes,Kochi
15559,Male,18-25,Premium,No,Surat
15560,Male,36-45,Regular,Yes,Nagpur
15561,Female,26-35,Budget,Yes,Nagpur
15562,Male,26-35,Regular,Yes,Nagpur
15563,Male,26-35,Regular,Yes,Chandigarh
15564,Male,18-25,Budget,No,Indore
15565,Female,18-25,Regular,Yes,Lucknow
15566,Female,18-25,Regular,No,Bengaluru
15567,Female,36-45,Regular,Yes,Kochi
15568,Female,46-60,Regular,No,Bhubaneswar
15569,Male,46-60,Budget,No,Chennai
15570,Female,60+,Budget,Yes,Bhubaneswar
15571,Female,18-25,Budget,Yes,Surat
15572,Male,46-60,Regular,Yes,Delhi
15573,Male,26-35,Regular,No,Kochi
15574,Female,36-45,Regular,No,Pune
15575,Female,36-45,Regular,No,Jaipur
15576,Male,18-25,Regular,No,Ahmedabad
15577,Female,36-45,Premium,No,Chandigarh
15578,Male,18-25,Regular,Yes,Chennai
15579,Male,26-35,Budget,No,Ahmedabad
15580,Female,26-35,Regular,Yes,Bengaluru
15581,Female,26-35,Premium,Yes,Kochi
15582,Male,46-60,Budget,Yes,Pune
15583,Female,26-35,Budget,Yes,Ahmedabad
15584,Female,18-25,Premium,Yes,Lucknow
15585,Female,60+,Business,No,Pune
15586,Female,18-25,Premium,Yes,Hyderabad
15587,Male,36-45,Regular,Yes,Chandigarh
15588,Male,26-35,Regular,No,Bhubaneswar
15589,Male,18-25,Budget,Yes,Nagpur
15590,Male,26-35,Business,Yes,Chennai
15591,Female,26-35,Business,No,Bengaluru
15592,Female,36-45,Budget,No,Chandigarh
15593,Female,46-60,Regular,No,Delhi
15594,Male,26-35,Regular,Yes,Surat
15595,Female,18-25,Regular,Yes,Jaipur
15596,Female,46-60,Budget,No,Lucknow
15597,Male,18-25,Budget,No,Delhi
15598,Female,36-45,Regular,Yes,Hyderabad
15599,Female,26-35,Regular,Yes,Ahmedabad
15600,Female,46-60,Budget,Yes,Bengaluru
15601,Male,46-60,Premium,Yes,Lucknow
15602,Male,36-45,Business,No,Pune
15603,Male,26-35,Budget,Yes,Bhubaneswar
15604,Male,26-35,Premium,Yes,Chandigarh
15605,Male,46-60,Premium,No,Bengaluru
15606,Male,18-25,Premium,Yes,Lucknow
15607,Male,18-25,Regular,Yes,Jaipur
15608,Female,36-45,Budget,No,Bhubaneswar
15609,Female,18-25,Regular,No,Delhi
15610,Male,26-35,Budget,No,Chandigarh
15611,Female,60+,Premium,No,Hyderabad
15612,Female,18-25,Regular,No,Mumbai
15613,Male,26-35,Budget,No,Chennai
15614,Male,18-25,Regular,Yes,Mumbai
15615,Female,36-45,Premium,Yes,Hyderabad
15616,Female,46-60,Budget,Yes,Bhubaneswar
15617,Male,46-60,Budget,No,Chandigarh
15618,Female,26-35,Budget,Yes,Lucknow
15619,Female,26-35,Regular,Yes,Mumbai
15620,Male,36-45,Regular,Yes,Nagpur
15621,Male,36-45,Budget,Yes,Jaipur
15622,Female,18-25,Regular,No,Pune
15623,Female,18-25,Regular,No,Bengaluru
15624,Male,46-60,Regular,No,Chandigarh
15625,Male,26-35,Budget,No,Chennai
15626,Female,60+,Business,No,Delhi
15627,Female,36-45,Business,No,Mumbai
15628,Male,26-35,Regular,No,Lucknow
15629,Female,26-35,Regular,Yes,Jaipur
15630,Male,46-60,Premium,Yes,Delhi
15631,Male,26-35,Premium,No,Pune
15632,Female,18-25,Budget,No,Bengaluru
15633,Female,18-25,Business,No,Hyderabad
15634,Female,18-25,Budget,Yes,Bengaluru
15635,Male,46-60,Business,No,Hyderabad
15636,Male,60+,Regular,No,Pune
15637,Female,18-25,Regular,No,Pune
15638,Male,18-25,Business,No,Jaipur
15639,Male,36-45,Budget,No,Mumbai
15640,Female,18-25,Regular,No,Lucknow
15641,Male,18-25,Budget,No,Nagpur
15642,Female,18-25,Budget,Yes,Hyderabad
15643,Female,36-45,Budget,Yes,Ahmedabad
15644,Female,36-45,Premium,No,Ahmedabad
15645,Male,46-60,Regular,No,Delhi
15646,Female,46-60,Budget,Yes,Indore
15647,Male,18-25,Regular,No,Ahmedabad
15648,Female,36-45,Budget,No,Hyderabad
15649,Male,26-35,Regular,No,Surat
15650,Male,46-60,Regular,Yes,Surat
15651,Female,36-45,Budget,Yes,Nagpur
15652,Female,46-60,Regular,Yes,Kochi
15653,Female,46-60,Premium,Yes,Chandigarh
15654,Male,26-35,Premium,No,Indore
15655,Female,26-35,Budget,Yes,Bhubaneswar
15656,Female,26-35,Budget,Yes,Mumbai
15657,Male,18-25,Budget,Yes,Bhubaneswar
15658,Female,36-45,Budget,Yes,Pune
15659,Male,26-35,Regular,Yes,Chennai
15660,Female,26-35,Budget,No,Chandigarh
15661,Male,26-35,Regular,Yes,Chennai
15662,Male,26-35,Budget,Yes,Surat
15663,Male,26-35,Budget,No,Lucknow
15664,Female,26-35,Premium,Yes,Chennai
15665,Male,36-45,Business,No,Jaipur
15666,Male,60+,Business,Yes,Mumbai
15667,Female,18-25,Regular,Yes,Nagpur
15668,Female,46-60,Premium,Yes,Lucknow
15669,Male,60+,Regular,Yes,Delhi
15670,Female,18-25,Premium,Yes,Bengaluru
15671,Female,26-35,Regular,No,Chennai
15672,Female,18-25,Budget,Yes,Delhi
15673,Male,26-35,Regular,Yes,Pune
15674,Female,46-60,Regular,Yes,Surat
15675,Male,36-45,Regular,No,Ahmedabad
15676,Male,26-35,Budget,No,Bengaluru
15677,Male,26-35,Budget,No,Nagpur
15678,Male,18-25,Budget,Yes,Delhi
15679,Female,36-45,Premium,Yes,Lucknow
15680,Female,26-35,Regular,Yes,Ahmedabad
15681,Male,18-25,Regular,No,Hyderabad
15682,Male,36-45,Premium,Yes,Ahmedabad
15683,Female,18-25,Budget,No,Chennai
15684,Male,36-45,Regular,Yes,Pune
15685,Male,26-35,Regular,No,Jaipur
15686,Male,46-60,Premium,No,Chandigarh
15687,Female,46-60,Regular,Yes,Chennai
15688,Male,18-25,Budget,No,Ahmedabad
15689,Male,60+,Regular,No,Surat
15690,Female,26-35,Budget,Yes,Jaipur
15691,Female,18-25,Budget,No,Chandigarh
15692,Female,26-35,Budget,Yes,Pune
15693,Female,46-60,Budget,No,Chandigarh
15694,Female,26-35,Business,No,Mumbai
15695,Male,36-45,Premium,No,Mumbai
15696,Female,26-35,Regular,Yes,Bengaluru
15697,Male,36-45,Regular,Yes,Chennai
15698,Male,60+,Premium,Yes,Jaipur
15699,Female,36-45,Regular,Yes,Ahmedabad
15700,Male,26-35,Premium,No,Delhi
15701,Male,26-35,Regular,Yes,Kochi
15702,Male,36-45,Regular,No,Indore
15703,Male,18-25,Budget,Yes,Bengaluru
15704,Male,60+,Regular,Yes,Jaipur
15705,Female,36-45,Regular,No,Hyderabad
15706,Male,36-45,Budget,No,Bengaluru
15707,Female,26-35,Business,No,Ahmedabad
15708,Female,18-25,Regular,No,Pune
15709,Female,26-35,Premium,No,Indore
15710,Male,26-35,Regular,No,Lucknow
15711,Male,36-45,Budget,No,Hyderabad
15712,Male,26-35,Budget,Yes,Chandigarh
15713,Male,26-35,Budget,Yes,Indore
15714,Female,18-25,Premium,No,Chennai
15715,Male,46-60,Regular,No,Hyderabad
15716,Female,36-45,Regular,Yes,Ahmedabad
15717,Male,26-35,Regular,Yes,Surat
15718,Female,26-35,Regular,Yes,Surat
15719,Male,26-35,Premium,No,Pune
15720,Female,26-35,Premium,Yes,Jaipur
15721,Female,26-35,Budget,Yes,Ahmedabad
15722,Female,36-45,Regular,No,Nagpur
15723,Male,46-60,Budget,Yes,Hyderabad
15724,Female,36-45,Regular,Yes,Chennai
15725,Male,46-60,Regular,Yes,Bengaluru
15726,Male,18-25,Budget,Yes,Bhubaneswar
15727,Female,26-35,Budget,Yes,Nagpur
15728,Male,36-45,Business,No,Delhi
15729,Male,26-35,Regular,No,Mumbai
15730,Male,36-45,Budget,Yes,Indore
15731,Male,46-60,Premium,No,Delhi
15732,Male,26-35,Regular,No,Chennai
15733,Male,26-35,Regular,Yes,Bhubaneswar
15734,Female,18-25,Regular,No,Hyderabad
15735,Female,26-35,Regular,No,Chennai
15736,Male,26-35,Budget,No,Hyderabad
15737,Female,26-35,Premium,Yes,Bhubaneswar
15738,Female,26-35,Budget,Yes,Bengaluru
15739,Female,46-60,Budget,Yes,Chandigarh
15740,Female,36-45,Regular,No,Chandigarh
15741,Female,18-25,Budget,Yes,Bengaluru
15742,Male,26-35,Regular,No,Surat
15743,Female,36-45,Regular,No,Chennai
15744,Male,46-60,Budget,No,Nagpur
15745,Female,46-60,Budget,No,Bhubaneswar
15746,Female,26-35,Budget,No,Nagpur
15747,Female,36-45,Regular,No,Bhubaneswar
15748,Male,36-45,Budget,No,Delhi
15749,Male,18-25,Budget,No,Kochi
15750,Male,26-35,Regular,No,Indore
15751,Female,26-35,Budget,No,Chandigarh
15752,Female,46-60,Regular,No,Hyderabad
15753,Male,36-45,Regular,No,Ahmedabad
15754,Male,36-45,Premium,No,Hyderabad
15755,Male,36-45,Regular,No,Jaipur
15756,Female,18-25,Budget,Yes,Chandigarh
15757,Female,26-35,Budget,No,Pune
15758,Female,26-35,Budget,No,Chennai
15759,Female,26-35,Budget,No,Kochi
15760,Female,18-25,Regular,No,Mumbai
15761,Male,46-60,Premium,No,Chennai
15762,Male,46-60,Regular,Yes,Pune
15763,Female,18-25,Business,No,Chandigarh
15764,Female,36-45,Budget,No,Lucknow
15765,Female,46-60,Budget,No,Bhubaneswar
15766,Male,26-35,Regular,No,Delhi
15767,Male,36-45,Budget,No,Jaipur
15768,Male,46-60,Budget,No,Chandigarh
15769,Female,36-45,Regular,Yes,Jaipur
15770,Male,26-35,Budget,No,Nagpur
15771,Female,36-45,Business,No,Delhi
15772,Male,46-60,Budget,Yes,Ahmedabad
15773,Female,26-35,Budget,No,Jaipur
15774,Female,18-25,Budget,Yes,Chandigarh
15775,Female,26-35,Regular,Yes,Bhubaneswar
15776,Male,18-25,Regular,No,Indore
15777,Female,36-45,Premium,Yes,Mumbai
15778,Male,46-60,Budget,No,Ahmedabad
15779,Male,36-45,Regular,Yes,Lucknow
15780,Male,46-60,Regular,No,Bengaluru
15781,Female,46-60,Budget,No,Indore
15782,Male,18-25,Budget,Yes,Jaipur
15783,Female,46-60,Budget,No,Hyderabad
15784,Male,18-25,Regular,No,Indore
15785,Female,46-60,Business,Yes,Indore
15786,Male,26-35,Regular,No,Ahmedabad
15787,Female,18-25,Regular,No,Chandigarh
15788,Male,26-35,Regular,No,Bhubaneswar
15789,Male,26-35,Regular,Yes,Pune
15790,Female,26-35,Regular,No,Kochi
15791,Female,26-35,Regular,Yes,Bengaluru
15792,Male,46-60,Premium,No,Delhi
15793,Female,18-25,Regular,No,Nagpur
15794,Male,46-60,Regular,Yes,Mumbai
15795,Male,26-35,Regular,Yes,Mumbai
15796,Male,18-25,Premium,No,Nagpur
15797,Female,46-60,Budget,Yes,Bhubaneswar
15798,Female,36-45,Regular,No,Lucknow
15799,Female,18-25,Budget,Yes,Delhi
15800,Female,18-25,Premium,Yes,Jaipur
15801,Female,36-45,Budget,Yes,Chennai
15802,Male,36-45,Premium,Yes,Ahmedabad
15803,Female,18-25,Premium,No,Lucknow
15804,Male,46-60,Regular,Yes,Kochi
15805,Male,26-35,Regular,No,Indore
15806,Male,36-45,Budget,Yes,Surat
15807,Female,46-60,Budget,No,Chandigarh
15808,Male,60+,Regular,No,Kochi
15809,Male,26-35,Regular,Yes,Indore
15810,Male,26-35,Premium,No,Kochi
15811,Male,60+,Premium,No,Delhi
15812,Male,60+,Regular,Yes,Indore
15813,Male,18-25,Premium,No,Surat
15814,Female,26-35,Premium,Yes,Nagpur
15815,Female,46-60,Regular,No,Chandigarh
15816,Female,60+,Budget,No,Mumbai
15817,Male,46-60,Budget,No,Delhi
15818,Female,26-35,Budget,No,Pune
15819,Male,46-60,Budget,Yes,Indore
15820,Female,26-35,Regular,No,Mumbai
15821,Female,60+,Business,No,Lucknow
15822,Female,18-25,Regular,No,Surat
15823,Male,36-45,Regular,Yes,Jaipur
15824,Male,18-25,Business,Yes,Nagpur
15825,Female,46-60,Budget,No,Delhi
15826,Female,46-60,Budget,No,Hyderabad
15827,Male,18-25,Regular,No,Jaipur
15828,Male,26-35,Budget,Yes,Surat
15829,Female,26-35,Budget,Yes,Indore
15830,Male,18-25,Business,No,Indore
15831,Male,46-60,Regular,No,Hyderabad
15832,Male,46-60,Regular,No,Indore
15833,Female,46-60,Business,No,Jaipur
15834,Female,36-45,Regular,No,Pune
15835,Female,18-25,Regular,Yes,Ahmedabad
15836,Male,36-45,Regular,No,Hyderabad
15837,Male,36-45,Budget,Yes,Bhubaneswar
15838,Male,46-60,Regular,No,Kochi
15839,Female,26-35,Budget,Yes,Delhi
15840,Male,26-35,Premium,No,Pune
15841,Male,46-60,Budget,No,Kochi
15842,Female,46-60,Regular,No,Delhi
15843,Male,60+,Regular,Yes,Chennai
15844,Male,18-25,Budget,Yes,Pune
15845,Female,26-35,Regular,Yes,Ahmedabad
15846,Male,18-25,Regular,No,Chandigarh
15847,Male,60+,Budget,Yes,Nagpur
15848,Female,60+,Budget,No,Chennai
15849,Female,18-25,Regular,Yes,Surat
15850,Male,36-45,Regular,No,Indore
15851,Female,26-35,Budget,No,Hyderabad
15852,Male,26-35,Regular,Yes,Nagpur
15853,Male,46-60,Budget,Yes,Pune
15854,Male,46-60,Premium,No,Kochi
15855,Male,18-25,Business,Yes,Chennai
15856,Female,26-35,Regular,No,Pune
15857,Female,18-25,Regular,No,Hyderabad
15858,Female,18-25,Regular,Yes,Delhi
15859,Female,36-45,Regular,No,Bengaluru
15860,Female,36-45,Budget,No,Nagpur
15861,Female,26-35,Regular,No,Hyderabad
15862,Female,18-25,Budget,No,Pune
15863,Male,18-25,Regular,Yes,Chennai
15864,Female,36-45,Regular,No,Kochi
15865,Male,46-60,Regular,Yes,Kochi
15866,Female,36-45,Budget,Yes,Mumbai
15867,Male,26-35,Regular,No,Bengaluru
15868,Female,26-35,Regular,Yes,Mumbai
15869,Female,26-35,Regular,Yes,Bhubaneswar
15870,Female,46-60,Regular,Yes,Mumbai
15871,Female,36-45,Budget,No,Chennai
15872,Male,26-35,Regular,No,Kochi
15873,Male,18-25,Budget,Yes,Indore
15874,Female,26-35,Regular,No,Bengaluru
15875,Female,18-25,Budget,Yes,Jaipur
15876,Female,26-35,Business,Yes,Mumbai
15877,Male,36-45,Budget,No,Jaipur
15878,Male,26-35,Budget,No,Hyderabad
15879,Female,18-25,Premium,No,Delhi
15880,Male,18-25,Budget,No,Pune
15881,Male,46-60,Budget,No,Indore
15882,Female,36-45,Regular,No,Hyderabad
15883,Male,18-25,Budget,No,Bengaluru
15884,Female,46-60,Regular,No,Mumbai
15885,Female,60+,Regular,Yes,Mumbai
15886,Male,26-35,Regular,Yes,Jaipur
15887,Male,26-35,Budget,Yes,Indore
15888,Female,36-45,Budget,No,Chandigarh
15889,Male,46-60,Regular,Yes,Jaipur
15890,Female,26-35,Budget,No,Bhubaneswar
15891,Male,46-60,Regular,No,Chennai
15892,Female,26-35,Business,No,Mumbai
15893,Female,36-45,Budget,Yes,Lucknow
15894,Female,26-35,Budget,No,Jaipur
15895,Female,26-35,Regular,Yes,Indore
15896,Female,26-35,Regular,No,Pune
15897,Female,26-35,Premium,No,Kochi
15898,Male,18-25,Budget,No,Surat
15899,Female,18-25,Business,No,Lucknow
15900,Male,36-45,Premium,Yes,Nagpur
15901,Male,18-25,Business,Yes,Surat
15902,Female,18-25,Regular,No,Surat
15903,Female,36-45,Premium,Yes,Chennai
15904,Female,18-25,Regular,No,Jaipur
15905,Female,18-25,Budget,No,Mumbai
15906,Male,18-25,Regular,No,Surat
15907,Male,36-45,Business,No,Jaipur
15908,Male,46-60,Regular,Yes,Indore
15909,Female,36-45,Regular,No,Bhubaneswar
15910,Male,26-35,Budget,Yes,Kochi
15911,Female,26-35,Premium,No,Chennai
15912,Male,36-45,Regular,No,Indore
15913,Female,36-45,Regular,No,Lucknow
15914,Male,46-60,Premium,No,Pune
15915,Male,26-35,Budget,No,Chandigarh
15916,Female,26-35,Premium,Yes,Kochi
15917,Male,36-45,Premium,Yes,Chandigarh
15918,Female,26-35,Premium,No,Pune
15919,Female,46-60,Regular,Yes,Nagpur
15920,Male,18-25,Budget,Yes,Surat
15921,Male,60+,Budget,No,Jaipur
15922,Male,26-35,Budget,Yes,Chandigarh
15923,Female,60+,Regular,No,Delhi
15924,Male,18-25,Budget,No,Chandigarh
15925,Female,46-60,Premium,Yes,Indore
15926,Male,18-25,Premium,Yes,Bengaluru
15927,Male,26-35,Budget,No,Kochi
15928,Male,46-60,Budget,Yes,Chennai
15929,Female,26-35,Budget,No,Bengaluru
15930,Female,36-45,Business,No,Kochi
15931,Female,26-35,Regular,Yes,Kochi
15932,Female,18-25,Regular,Yes,Bengaluru
15933,Female,26-35,Regular,No,Indore
15934,Male,26-35,Premium,Yes,Chennai
15935,Male,18-25,Regular,Yes,Pune
15936,Male,18-25,Budget,No,Mumbai
15937,Male,26-35,Budget,Yes,Bhubaneswar
15938,Female,36-45,Regular,No,Bhubaneswar
15939,Female,18-25,Budget,Yes,Chennai
15940,Female,26-35,Regular,Yes,Nagpur
15941,Female,26-35,Budget,Yes,Indore
15942,Male,46-60,Regular,Yes,Pune
15943,Male,26-35,Budget,No,Bhubaneswar
15944,Female,36-45,Budget,No,Delhi
15945,Female,26-35,Business,No,Indore
15946,Female,18-25,Regular,No,Bengaluru
15947,Female,36-45,Budget,Yes,Lucknow
15948,Female,26-35,Regular,Yes,Kochi
15949,Male,18-25,Business,No,Jaipur
15950,Female,26-35,Regular,No,Chandigarh
15951,Female,26-35,Budget,Yes,Hyderabad
15952,Male,46-60,Regular,Yes,Ahmedabad
15953,Female,46-60,Budget,Yes,Delhi
15954,Female,18-25,Premium,No,Pune
15955,Female,26-35,Regular,No,Chandigarh
15956,Female,18-25,Premium,No,Kochi
15957,Male,18-25,Budget,Yes,Mumbai
15958,Male,26-35,Regular,No,Indore
15959,Male,26-35,Regular,Yes,Surat
15960,Male,36-45,Business,Yes,Hyderabad
15961,Male,60+,Business,Yes,Delhi
15962,Male,36-45,Budget,No,Hyderabad
15963,Male,26-35,Budget,No,Nagpur
15964,Female,26-35,Budget,No,Bengaluru
15965,Male,18-25,Budget,No,Chennai
15966,Female,18-25,Regular,Yes,Surat
15967,Male,18-25,Budget,No,Pune
15968,Male,46-60,Regular,No,Jaipur
15969,Male,18-25,Premium,Yes,Chandigarh
15970,Male,46-60,Regular,No,Indore
15971,Male,46-60,Premium,No,Hyderabad
15972,Male,46-60,Budget,No,Pune
15973,Male,26-35,Budget,No,Hyderabad
15974,Female,18-25,Budget,No,Kochi
15975,Male,36-45,Budget,No,Chandigarh
15976,Male,46-60,Regular,Yes,Delhi
15977,Female,26-35,Regular,No,Hyderabad
15978,Male,26-35,Budget,Yes,Surat
15979,Male,46-60,Regular,Yes,Nagpur
15980,Female,46-60,Budget,No,Kochi
15981,Female,60+,Regular,Yes,Hyderabad
15982,Male,26-35,Premium,No,Bhubaneswar
15983,Female,26-35,Business,No,Delhi
15984,Male,26-35,Regular,Yes,Bengaluru
15985,Female,18-25,Regular,No,Surat
15986,Male,46-60,Regular,No,Indore
15987,Male,36-45,Regular,Yes,Jaipur
15988,Male,18-25,Regular,Yes,Nagpur
15989,Female,60+,Budget,No,Hyderabad
15990,Female,18-25,Budget,No,Bengaluru
15991,Female,26-35,Budget,Yes,Bengaluru
15992,Male,26-35,Regular,Yes,Chennai
15993,Female,36-45,Budget,No,Lucknow
15994,Male,26-35,Premium,No,Ahmedabad
15995,Male,46-60,Business,No,Hyderabad
15996,Female,26-35,Regular,No,Chandigarh
15997,Female,26-35,Premium,Yes,Lucknow
15998,Male,36-45,Budget,No,Mumbai
15999,Male,18-25,Business,No,Hyderabad
16000,Male,26-35,Regular,Yes,Nagpur
16001,Female,26-35,Budget,Yes,Jaipur
16002,Male,46-60,Budget,Yes,Nagpur
16003,Male,46-60,Budget,No,Indore
16004,Male,46-60,Budget,No,Indore
16005,Male,36-45,Regular,No,Ahmedabad
16006,Female,26-35,Business,Yes,Bengaluru
16007,Male,18-25,Premium,No,Indore
16008,Male,26-35,Premium,No,Pune
16009,Female,26-35,Budget,No,Jaipur
16010,Male,26-35,Premium,No,Lucknow
16011,Female,36-45,Premium,Yes,Chennai
16012,Male,36-45,Business,Yes,Bengaluru
16013,Male,18-25,Regular,No,Bengaluru
16014,Female,18-25,Regular,No,Kochi
16015,Female,26-35,Budget,No,Mumbai
16016,Male,18-25,Budget,No,Ahmedabad
16017,Male,18-25,Regular,No,Jaipur
16018,Male,26-35,Budget,No,Chennai
16019,Female,36-45,Regular,Yes,Chandigarh
16020,Male,46-60,Budget,No,Delhi
16021,Male,18-25,Business,No,Hyderabad
16022,Female,26-35,Regular,No,Bhubaneswar
16023,Female,26-35,Budget,Yes,Hyderabad
16024,Male,46-60,Premium,Yes,Indore
16025,Male,46-60,Budget,No,Kochi
16026,Male,46-60,Premium,Yes,Bengaluru
16027,Male,26-35,Regular,No,Surat
16028,Male,60+,Premium,No,Kochi
16029,Male,36-45,Budget,Yes,Bhubaneswar
16030,Male,26-35,Budget,Yes,Pune
16031,Male,36-45,Budget,No,Indore
16032,Male,26-35,Budget,No,Mumbai
16033,Female,36-45,Budget,No,Chennai
16034,Female,26-35,Regular,No,Mumbai
16035,Female,18-25,Business,No,Pune
16036,Female,36-45,Budget,No,Indore
16037,Female,26-35,Premium,No,Chennai
16038,Male,26-35,Regular,Yes,Indore
16039,Female,26-35,Budget,Yes,Pune
16040,Female,26-35,Budget,No,Hyderabad
16041,Male,18-25,Budget,No,Chandigarh
16042,Male,26-35,Regular,No,Indore
16043,Male,46-60,Budget,No,Hyderabad
16044,Male,26-35,Budget,No,Bengaluru
16045,Female,18-25,Regular,Yes,Hyderabad
16046,Female,46-60,Regular,Yes,Nagpur
16047,Female,26-35,Business,No,Chennai
16048,Male,26-35,Regular,No,Delhi
16049,Male,36-45,Regular,No,Indore
16050,Female,26-35,Budget,No,Chennai
16051,Male,36-45,Business,Yes,Hyderabad
16052,Female,46-60,Premium,No,Bhubaneswar
16053,Male,26-35,Regular,Yes,Bengaluru
16054,Female,18-25,Regular,No,Chandigarh
16055,Female,26-35,Regular,No,Indore
16056,Male,46-60,Premium,No,Jaipur
16057,Female,36-45,Budget,No,Ahmedabad
16058,Female,26-35,Regular,Yes,Delhi
16059,Male,36-45,Premium,Yes,Pune
16060,Female,26-35,Premium,Yes,Bengaluru
16061,Female,36-45,Regular,Yes,Bhubaneswar
16062,Female,26-35,Budget,No,Delhi
16063,Female,26-35,Budget,Yes,Kochi
16064,Female,36-45,Premium,No,Mumbai
16065,Male,60+,Premium,Yes,Pune
16066,Female,26-35,Business,Yes,Chandigarh
16067,Female,26-35,Business,No,Indore
16068,Female,26-35,Regular,Yes,Bengaluru
16069,Female,26-35,Business,No,Hyderabad
16070,Female,60+,Budget,Yes,Chennai
16071,Female,36-45,Budget,Yes,Indore
16072,Female,26-35,Regular,No,Kochi
16073,Female,46-60,Budget,No,Bhubaneswar
16074,Female,26-35,Regular,No,Mumbai
16075,Male,46-60,Regular,No,Surat
16076,Male,36-45,Budget,Yes,Indore
16077,Male,46-60,Regular,No,Pune
16078,Female,46-60,Regular,Yes,Bhubaneswar
16079,Male,36-45,Premium,No,Jaipur
16080,Female,26-35,Regular,No,Hyderabad
16081,Male,18-25,Regular,Yes,Mumbai
16082,Male,36-45,Premium,Yes,Kochi
16083,Female,26-35,Budget,No,Bengaluru
16084,Female,46-60,Premium,Yes,Mumbai
16085,Male,36-45,Business,Yes,Surat
16086,Female,26-35,Regular,No,Hyderabad
16087,Male,26-35,Budget,Yes,Chennai
16088,Male,26-35,Regular,No,Nagpur
16089,Male,46-60,Budget,Yes,Lucknow
16090,Male,36-45,Regular,No,Delhi
16091,Female,46-60,Regular,No,Chennai
16092,Male,26-35,Regular,No,Pune
16093,Female,46-60,Regular,Yes,Surat
16094,Male,46-60,Regular,Yes,Indore
16095,Male,46-60,Budget,No,Bhubaneswar
16096,Female,36-45,Budget,No,Nagpur
16097,Female,26-35,Budget,Yes,Chandigarh
16098,Female,26-35,Business,No,Lucknow
16099,Male,36-45,Regular,No,Surat
16100,Male,26-35,Regular,No,Chandigarh
16101,Male,26-35,Regular,Yes,Bhubaneswar
16102,Female,26-35,Regular,Yes,Ahmedabad
16103,Male,18-25,Business,No,Jaipur
16104,Female,26-35,Budget,Yes,Pune
16105,Female,18-25,Regular,Yes,Bengaluru
16106,Male,46-60,Premium,Yes,Indore
16107,Female,26-35,Regular,Yes,Kochi
16108,Female,18-25,Budget,No,Bhubaneswar
16109,Male,26-35,Regular,No,Chandigarh
16110,Female,26-35,Budget,Yes,Nagpur
16111,Male,26-35,Budget,Yes,Chandigarh
16112,Female,46-60,Regular,No,Kochi
16113,Male,36-45,Budget,Yes,Hyderabad
16114,Female,46-60,Premium,No,Kochi
16115,Female,26-35,Budget,Yes,Chandigarh
16116,Female,18-25,Regular,No,Indore
16117,Female,18-25,Regular,Yes,Lucknow
16118,Female,18-25,Business,Yes,Mumbai
16119,Male,36-45,Budget,No,Bhubaneswar
16120,Male,36-45,Regular,Yes,Ahmedabad
16121,Female,18-25,Premium,Yes,Lucknow
16122,Male,60+,Premium,Yes,Lucknow
16123,Female,26-35,Budget,Yes,Bhubaneswar
16124,Male,46-60,Premium,No,Bhubaneswar
16125,Female,26-35,Budget,No,Lucknow
16126,Male,26-35,Premium,Yes,Jaipur
16127,Male,46-60,Premium,No,Mumbai
16128,Male,36-45,Budget,No,Chandigarh
16129,Female,26-35,Regular,Yes,Pune
16130,Male,26-35,Business,Yes,Bhubaneswar
16131,Female,26-35,Premium,Yes,Hyderabad
16132,Female,36-45,Budget,Yes,Ahmedabad
16133,Female,26-35,Premium,No,Surat
16134,Male,26-35,Business,Yes,Bengaluru
16135,Female,46-60,Regular,No,Surat
16136,Female,26-35,Budget,No,Bhubaneswar
16137,Female,46-60,Budget,No,Bhubaneswar
16138,Male,26-35,Business,Yes,Bengaluru
16139,Male,18-25,Budget,No,Jaipur
16140,Male,26-35,Premium,No,Ahmedabad
16141,Male,60+,Budget,Yes,Indore
16142,Female,26-35,Regular,No,Chennai
16143,Male,18-25,Premium,No,Nagpur
16144,Female,26-35,Budget,No,Chandigarh
16145,Male,60+,Premium,No,Nagpur
16146,Male,18-25,Budget,No,Bengaluru
16147,Male,46-60,Premium,No,Mumbai
16148,Female,26-35,Premium,Yes,Bengaluru
16149,Male,36-45,Budget,No,Ahmedabad
16150,Female,18-25,Budget,No,Kochi
16151,Male,60+,Business,No,Kochi
16152,Female,26-35,Budget,Yes,Indore
16153,Female,36-45,Budget,No,Chandigarh
16154,Female,36-45,Budget,No,Nagpur
16155,Female,26-35,Regular,Yes,Jaipur
16156,Male,36-45,Regular,Yes,Bengaluru
16157,Female,36-45,Premium,Yes,Mumbai
16158,Male,26-35,Regular,Yes,Pune
16159,Female,36-45,Regular,Yes,Mumbai
16160,Male,46-60,Budget,Yes,Lucknow
16161,Male,60+,Budget,Yes,Chennai
16162,Female,46-60,Budget,No,Bhubaneswar
16163,Male,60+,Regular,No,Hyderabad
16164,Female,18-25,Regular,No,Jaipur
16165,Male,46-60,Budget,Yes,Nagpur
16166,Female,26-35,Premium,Yes,Chandigarh
16167,Female,36-45,Regular,No,Surat
16168,Male,18-25,Regular,Yes,Bhubaneswar
16169,Male,26-35,Regular,No,Surat
16170,Male,18-25,Regular,No,Nagpur
16171,Male,46-60,Regular,No,Hyderabad
16172,Male,46-60,Regular,No,Delhi
16173,Female,26-35,Budget,No,Delhi
16174,Male,26-35,Budget,Yes,Chennai
16175,Male,46-60,Budget,Yes,Ahmedabad
16176,Female,60+,Budget,Yes,Chennai
16177,Female,26-35,Regular,No,Surat
16178,Male,26-35,Regular,No,Bhubaneswar
16179,Male,26-35,Business,Yes,Hyderabad
16180,Female,36-45,Business,Yes,Surat
16181,Female,26-35,Regular,No,Indore
16182,Female,18-25,Budget,Yes,Ahmedabad
16183,Female,18-25,Budget,Yes,Jaipur
16184,Male,46-60,Business,No,Hyderabad
16185,Female,18-25,Budget,No,Indore
16186,Female,46-60,Regular,No,Chandigarh
16187,Female,60+,Budget,No,Nagpur
16188,Male,26-35,Regular,No,Nagpur
16189,Male,18-25,Budget,Yes,Bengaluru
16190,Male,18-25,Premium,No,Chandigarh
16191,Female,46-60,Regular,Yes,Delhi
16192,Female,36-45,Regular,Yes,Hyderabad
16193,Female,36-45,Budget,Yes,Kochi
16194,Female,46-60,Budget,No,Jaipur
16195,Female,18-25,Business,Yes,Chennai
16196,Female,18-25,Premium,Yes,Surat
16197,Female,26-35,Budget,Yes,Bhubaneswar
16198,Male,26-35,Regular,No,Bengaluru
16199,Female,60+,Premium,Yes,Kochi
16200,Female,26-35,Regular,Yes,Chennai
16201,Male,26-35,Regular,Yes,Nagpur
16202,Male,36-45,Regular,No,Indore
16203,Male,26-35,Budget,No,Hyderabad
16204,Male,36-45,Premium,Yes,Chennai
16205,Male,36-45,Regular,No,Delhi
16206,Male,26-35,Regular,Yes,Bengaluru
16207,Female,26-35,Budget,No,Pune
16208,Male,26-35,Budget,No,Delhi
16209,Female,36-45,Business,No,Bengaluru
16210,Female,36-45,Budget,Yes,Surat
16211,Female,36-45,Regular,Yes,Kochi
16212,Male,60+,Budget,Yes,Bengaluru
16213,Female,46-60,Regular,Yes,Mumbai
16214,Female,18-25,Budget,No,Nagpur
16215,Male,26-35,Budget,Yes,Lucknow
16216,Female,36-45,Regular,No,Delhi
16217,Male,46-60,Budget,Yes,Hyderabad
16218,Female,26-35,Premium,No,Lucknow
16219,Male,36-45,Premium,Yes,Ahmedabad
16220,Male,26-35,Budget,No,Mumbai
16221,Male,26-35,Regular,Yes,Nagpur
16222,Male,60+,Regular,Yes,Hyderabad
16223,Male,18-25,Regular,No,Nagpur
16224,Female,26-35,Premium,Yes,Hyderabad
16225,Female,46-60,Business,Yes,Chennai
16226,Female,46-60,Budget,No,Pune
16227,Male,26-35,Premium,No,Mumbai
16228,Male,18-25,Regular,No,Bhubaneswar
16229,Male,36-45,Budget,No,Surat
16230,Female,46-60,Regular,Yes,Bengaluru
16231,Female,26-35,Regular,Yes,Hyderabad
16232,Female,18-25,Regular,Yes,Pune
16233,Male,18-25,Business,Yes,Indore
16234,Female,26-35,Premium,Yes,Chandigarh
16235,Female,18-25,Premium,No,Pune
16236,Female,46-60,Regular,Yes,Kochi
16237,Female,60+,Regular,No,Chennai
16238,Female,36-45,Regular,No,Pune
16239,Female,18-25,Budget,Yes,Nagpur
16240,Female,36-45,Regular,Yes,Bengaluru
16241,Male,26-35,Regular,No,Kochi
16242,Female,26-35,Budget,No,Lucknow
16243,Male,18-25,Regular,No,Kochi
16244,Female,18-25,Budget,Yes,Surat
16245,Male,36-45,Business,No,Mumbai
16246,Male,26-35,Business,Yes,Surat
16247,Female,18-25,Business,No,Nagpur
16248,Male,18-25,Regular,No,Bhubaneswar
16249,Male,18-25,Business,No,Chandigarh
16250,Female,36-45,Regular,No,Chandigarh
16251,Female,46-60,Budget,No,Chandigarh
16252,Female,36-45,Regular,Yes,Ahmedabad
16253,Female,46-60,Budget,Yes,Hyderabad
16254,Male,26-35,Business,No,Indore
16255,Female,36-45,Budget,Yes,Nagpur
16256,Female,26-35,Budget,No,Bhubaneswar
16257,Female,26-35,Premium,Yes,Indore
16258,Female,60+,Budget,Yes,Pune
16259,Female,46-60,Budget,Yes,Delhi
16260,Male,46-60,Budget,Yes,Jaipur
16261,Female,26-35,Budget,Yes,Delhi
16262,Male,36-45,Regular,Yes,Chandigarh
16263,Female,26-35,Regular,No,Bengaluru
16264,Female,26-35,Business,No,Kochi
16265,Male,26-35,Budget,Yes,Chennai
16266,Female,36-45,Budget,No,Nagpur
16267,Female,60+,Regular,No,Kochi
16268,Female,18-25,Premium,No,Nagpur
16269,Female,26-35,Regular,Yes,Pune
16270,Female,46-60,Business,Yes,Hyderabad
16271,Female,18-25,Regular,No,Pune
16272,Female,18-25,Business,No,Delhi
16273,Female,26-35,Budget,No,Hyderabad
16274,Male,60+,Regular,No,Bengaluru
16275,Female,46-60,Regular,Yes,Nagpur
16276,Male,26-35,Premium,No,Ahmedabad
16277,Female,46-60,Regular,No,Chandigarh
16278,Female,46-60,Regular,Yes,Pune
16279,Female,46-60,Regular,No,Jaipur
16280,Male,18-25,Premium,No,Delhi
16281,Male,26-35,Premium,No,Hyderabad
16282,Male,60+,Regular,Yes,Bhubaneswar
16283,Male,46-60,Budget,Yes,Pune
16284,Male,18-25,Budget,Yes,Nagpur
16285,Male,26-35,Budget,No,Kochi
16286,Female,26-35,Premium,Yes,Hyderabad
16287,Female,26-35,Budget,No,Indore
16288,Male,46-60,Budget,No,Indore
16289,Male,26-35,Budget,No,Delhi
16290,Male,18-25,Regular,No,Hyderabad
16291,Female,36-45,Budget,Yes,Kochi
16292,Female,26-35,Budget,Yes,Jaipur
16293,Male,46-60,Premium,Yes,Indore
16294,Male,36-45,Regular,Yes,Kochi
16295,Male,36-45,Regular,No,Nagpur
16296,Male,26-35,Regular,Yes,Lucknow
16297,Male,36-45,Regular,No,Lucknow
16298,Male,18-25,Regular,Yes,Delhi
16299,Male,46-60,Business,No,Surat
16300,Male,26-35,Regular,No,Kochi
16301,Male,26-35,Regular,No,Hyderabad
16302,Female,26-35,Premium,Yes,Surat
16303,Female,26-35,Budget,Yes,Pune
16304,Male,18-25,Regular,Yes,Pune
16305,Male,26-35,Regular,Yes,Nagpur
16306,Female,26-35,Regular,Yes,Indore
16307,Female,60+,Regular,Yes,Surat
16308,Male,26-35,Regular,Yes,Ahmedabad
16309,Female,36-45,Budget,Yes,Lucknow
16310,Male,18-25,Regular,No,Indore
16311,Female,26-35,Premium,Yes,Ahmedabad
16312,Male,46-60,Premium,No,Mumbai
16313,Female,26-35,Budget,Yes,Chandigarh
16314,Female,26-35,Budget,No,Nagpur
16315,Male,26-35,Budget,No,Jaipur
16316,Female,36-45,Regular,No,Ahmedabad
16317,Female,18-25,Budget,Yes,Lucknow
16318,Male,46-60,Regular,No,Ahmedabad
16319,Female,26-35,Budget,No,Hyderabad
16320,Male,26-35,Premium,Yes,Pune
16321,Female,36-45,Budget,No,Nagpur
16322,Male,36-45,Business,No,Kochi
16323,Female,26-35,Budget,Yes,Kochi
16324,Male,18-25,Budget,No,Chandigarh
16325,Male,36-45,Regular,No,Delhi
16326,Male,46-60,Business,No,Indore
16327,Female,18-25,Budget,No,Kochi
16328,Female,26-35,Business,No,Chennai
16329,Female,46-60,Premium,No,Delhi
16330,Male,26-35,Regular,No,Mumbai
16331,Male,36-45,Regular,Yes,Lucknow
16332,Female,26-35,Regular,No,Indore
16333,Male,46-60,Regular,No,Jaipur
16334,Male,26-35,Premium,Yes,Hyderabad
16335,Female,46-60,Business,Yes,Jaipur
16336,Male,36-45,Budget,No,Ahmedabad
16337,Female,18-25,Business,No,Kochi
16338,Male,46-60,Budget,Yes,Surat
16339,Female,18-25,Business,Yes,Chandigarh
16340,Male,26-35,Budget,Yes,Jaipur
16341,Female,26-35,Budget,No,Hyderabad
16342,Female,18-25,Premium,Yes,Bengaluru
16343,Female,46-60,Budget,Yes,Chandigarh
16344,Female,26-35,Regular,No,Surat
16345,Male,18-25,Regular,Yes,Hyderabad
16346,Male,46-60,Budget,No,Nagpur
16347,Male,26-35,Regular,No,Kochi
16348,Female,60+,Premium,Yes,Delhi
16349,Male,18-25,Budget,No,Nagpur
16350,Male,26-35,Regular,No,Hyderabad
16351,Female,36-45,Budget,No,Mumbai
16352,Female,36-45,Budget,Yes,Surat
16353,Female,18-25,Business,No,Ahmedabad
16354,Male,26-35,Budget,Yes,Bengaluru
16355,Male,46-60,Regular,Yes,Lucknow
16356,Male,36-45,Regular,Yes,Ahmedabad
16357,Male,26-35,Regular,No,Lucknow
16358,Female,46-60,Premium,Yes,Hyderabad
16359,Male,26-35,Regular,No,Pune
16360,Male,26-35,Regular,Yes,Chandigarh
16361,Female,46-60,Budget,No,Mumbai
16362,Male,36-45,Budget,No,Mumbai
16363,Male,26-35,Regular,No,Ahmedabad
16364,Female,18-25,Regular,No,Pune
16365,Female,26-35,Budget,No,Nagpur
16366,Female,18-25,Premium,No,Bengaluru
16367,Female,36-45,Regular,No,Surat
16368,Male,36-45,Budget,Yes,Lucknow
16369,Male,26-35,Budget,Yes,Delhi
16370,Female,36-45,Regular,No,Bhubaneswar
16371,Male,18-25,Budget,No,Kochi
16372,Female,60+,Budget,No,Hyderabad
16373,Male,36-45,Premium,No,Ahmedabad
16374,Male,26-35,Regular,Yes,Hyderabad
16375,Female,46-60,Regular,Yes,Pune
16376,Female,18-25,Budget,No,Delhi
16377,Female,26-35,Premium,Yes,Lucknow
16378,Male,60+,Budget,No,Bhubaneswar
16379,Male,26-35,Budget,Yes,Ahmedabad
16380,Male,18-25,Regular,Yes,Chennai
16381,Male,18-25,Budget,Yes,Chandigarh
16382,Female,36-45,Regular,Yes,Chandigarh
16383,Female,36-45,Business,No,Chandigarh
16384,Male,18-25,Budget,Yes,Bengaluru
16385,Female,18-25,Premium,Yes,Lucknow
16386,Male,46-60,Regular,No,Pune
16387,Male,46-60,Premium,No,Bengaluru
16388,Male,26-35,Business,No,Pune
16389,Female,36-45,Budget,No,Lucknow
16390,Female,26-35,Business,No,Bhubaneswar
16391,Male,46-60,Regular,No,Ahmedabad
16392,Female,18-25,Premium,No,Surat
16393,Female,46-60,Budget,Yes,Delhi
16394,Female,46-60,Regular,Yes,Hyderabad
16395,Female,26-35,Regular,Yes,Mumbai
16396,Male,36-45,Business,No,Kochi
16397,Male,26-35,Regular,No,Pune
16398,Male,26-35,Regular,No,Delhi
16399,Female,18-25,Budget,No,Kochi
16400,Female,26-35,Budget,No,Nagpur
16401,Female,36-45,Budget,No,Kochi
16402,Male,26-35,Business,Yes,Jaipur
16403,Female,26-35,Regular,Yes,Kochi
16404,Male,46-60,Regular,No,Mumbai
16405,Male,18-25,Regular,No,Jaipur
16406,Male,46-60,Budget,Yes,Chandigarh
16407,Male,46-60,Budget,Yes,Ahmedabad
16408,Male,36-45,Regular,Yes,Delhi
16409,Male,18-25,Regular,Yes,Nagpur
16410,Male,26-35,Budget,No,Bengaluru
16411,Male,18-25,Budget,No,Surat
16412,Female,36-45,Business,No,Bhubaneswar
16413,Female,18-25,Budget,Yes,Jaipur
16414,Male,26-35,Premium,Yes,Bengaluru
16415,Male,26-35,Regular,No,Bengaluru
16416,Male,18-25,Regular,No,Pune
16417,Male,18-25,Regular,Yes,Lucknow
16418,Female,18-25,Premium,No,Chandigarh
16419,Female,26-35,Regular,Yes,Pune
16420,Male,18-25,Budget,No,Bhubaneswar
16421,Male,18-25,Regular,Yes,Mumbai
16422,Male,46-60,Budget,No,Surat
16423,Male,36-45,Budget,No,Ahmedabad
16424,Male,36-45,Regular,No,Indore
16425,Female,18-25,Regular,No,Kochi
16426,Female,26-35,Premium,Yes,Jaipur
16427,Male,18-25,Budget,No,Bengaluru
16428,Male,60+,Business,No,Jaipur
16429,Male,46-60,Business,No,Bengaluru
16430,Female,46-60,Budget,No,Ahmedabad
16431,Female,26-35,Regular,No,Indore
16432,Female,36-45,Budget,No,Nagpur
16433,Female,26-35,Budget,Yes,Ahmedabad
16434,Male,46-60,Regular,No,Pune
16435,Male,18-25,Budget,Yes,Nagpur
16436,Female,36-45,Regular,Yes,Jaipur
16437,Male,26-35,Business,No,Chandigarh
16438,Female,36-45,Budget,No,Bhubaneswar
16439,Female,46-60,Premium,No,Pune
16440,Male,26-35,Regular,No,Pune
16441,Male,36-45,Regular,Yes,Lucknow
16442,Female,46-60,Regular,No,Ahmedabad
16443,Female,26-35,Regular,Yes,Delhi
16444,Female,18-25,Regular,Yes,Ahmedabad
16445,Male,60+,Business,No,Surat
16446,Male,46-60,Business,No,Indore
16447,Female,36-45,Regular,No,Chennai
16448,Male,46-60,Budget,Yes,Delhi
16449,Female,26-35,Regular,Yes,Chandigarh
16450,Female,18-25,Budget,No,Lucknow
16451,Female,36-45,Regular,Yes,Chandigarh
16452,Male,60+,Budget,No,Jaipur
16453,Male,36-45,Regular,No,Jaipur
16454,Female,36-45,Business,Yes,Delhi
16455,Female,36-45,Regular,No,Surat
16456,Female,26-35,Regular,No,Mumbai
16457,Female,46-60,Budget,No,Jaipur
16458,Female,46-60,Budget,Yes,Lucknow
16459,Male,26-35,Premium,No,Hyderabad
16460,Male,26-35,Premium,Yes,Nagpur
16461,Male,60+,Budget,No,Mumbai
16462,Female,26-35,Premium,Yes,Mumbai
16463,Male,26-35,Premium,No,Chandigarh
16464,Male,26-35,Regular,No,Delhi
16465,Male,18-25,Regular,No,Chandigarh
16466,Male,36-45,Regular,No,Nagpur
16467,Male,26-35,Regular,No,Nagpur
16468,Male,36-45,Budget,Yes,Indore
16469,Male,36-45,Business,No,Bhubaneswar
16470,Male,18-25,Regular,No,Lucknow
16471,Female,26-35,Regular,No,Jaipur
16472,Male,46-60,Budget,No,Bhubaneswar
16473,Female,18-25,Business,Yes,Mumbai
16474,Female,36-45,Regular,Yes,Nagpur
16475,Male,26-35,Budget,No,Delhi
16476,Female,26-35,Regular,Yes,Indore
16477,Female,36-45,Budget,Yes,Pune
16478,Female,46-60,Budget,Yes,Chennai
16479,Male,26-35,Budget,Yes,Ahmedabad
16480,Male,18-25,Budget,No,Mumbai
16481,Female,36-45,Regular,Yes,Lucknow
16482,Male,36-45,Regular,No,Mumbai
16483,Male,18-25,Premium,No,Jaipur
16484,Female,36-45,Regular,Yes,Bengaluru
16485,Female,18-25,Regular,No,Ahmedabad
16486,Female,18-25,Budget,No,Bengaluru
16487,Male,18-25,Regular,No,Jaipur
16488,Female,46-60,Regular,No,Indore
16489,Female,18-25,Budget,Yes,Chennai
16490,Female,18-25,Budget,Yes,Kochi
16491,Male,26-35,Business,Yes,Hyderabad
16492,Male,26-35,Regular,Yes,Pune
16493,Female,26-35,Regular,No,Ahmedabad
16494,Female,18-25,Budget,No,Chandigarh
16495,Male,60+,Budget,Yes,Nagpur
16496,Male,46-60,Budget,No,Lucknow
16497,Female,26-35,Budget,No,Bhubaneswar
16498,Male,26-35,Regular,Yes,Chandigarh
16499,Male,26-35,Budget,No,Bengaluru
16500,Female,46-60,Regular,Yes,Surat
16501,Female,26-35,Business,Yes,Indore
16502,Male,26-35,Premium,Yes,Chandigarh
16503,Female,26-35,Premium,No,Bengaluru
16504,Male,26-35,Regular,No,Surat
16505,Female,36-45,Regular,Yes,Indore
16506,Female,36-45,Business,No,Mumbai
16507,Male,60+,Budget,Yes,Jaipur
16508,Female,36-45,Budget,No,Surat
16509,Male,36-45,Premium,No,Indore
16510,Male,46-60,Premium,No,Indore
16511,Female,26-35,Budget,Yes,Jaipur
16512,Female,26-35,Regular,No,Chandigarh
16513,Male,18-25,Budget,Yes,Indore
16514,Male,18-25,Budget,No,Ahmedabad
16515,Male,26-35,Budget,Yes,Delhi
16516,Male,36-45,Business,No,Bengaluru
16517,Female,18-25,Budget,No,Chennai
16518,Female,26-35,Regular,No,Jaipur
16519,Male,26-35,Regular,No,Mumbai
16520,Female,26-35,Budget,Yes,Mumbai
16521,Female,36-45,Regular,No,Nagpur
16522,Female,18-25,Budget,No,Pune
16523,Male,60+,Business,No,Chennai
16524,Female,36-45,Premium,Yes,Jaipur
16525,Male,36-45,Budget,Yes,Indore
16526,Male,36-45,Premium,No,Indore
16527,Female,26-35,Regular,No,Bengaluru
16528,Female,18-25,Budget,Yes,Hyderabad
16529,Male,46-60,Regular,No,Chennai
16530,Female,46-60,Budget,No,Surat
16531,Male,46-60,Regular,No,Hyderabad
16532,Female,46-60,Business,Yes,Mumbai
16533,Male,60+,Regular,No,Chandigarh
16534,Female,26-35,Regular,Yes,Mumbai
16535,Female,26-35,Premium,No,Ahmedabad
16536,Male,46-60,Budget,No,Mumbai
16537,Female,18-25,Premium,No,Nagpur
16538,Female,26-35,Budget,No,Jaipur
16539,Male,36-45,Budget,No,Delhi
16540,Female,26-35,Budget,Yes,Indore
16541,Male,36-45,Regular,No,Bengaluru
16542,Male,36-45,Regular,Yes,Bengaluru
16543,Female,46-60,Business,No,Delhi
16544,Male,26-35,Regular,No,Mumbai
16545,Female,36-45,Budget,No,Nagpur
16546,Female,36-45,Regular,No,Lucknow
16547,Male,26-35,Regular,No,Nagpur
16548,Male,46-60,Regular,No,Indore
16549,Male,36-45,Regular,No,Mumbai
16550,Female,26-35,Regular,Yes,Nagpur
16551,Male,26-35,Premium,No,Pune
16552,Male,36-45,Regular,Yes,Jaipur
16553,Male,36-45,Regular,No,Bengaluru
16554,Female,36-45,Budget,Yes,Mumbai
16555,Male,18-25,Budget,No,Lucknow
16556,Male,36-45,Budget,No,Lucknow
16557,Male,26-35,Regular,Yes,Chandigarh
16558,Female,36-45,Business,Yes,Bhubaneswar
16559,Female,36-45,Regular,Yes,Bhubaneswar
16560,Male,26-35,Budget,No,Bengaluru
16561,Female,26-35,Budget,Yes,Delhi
16562,Male,46-60,Regular,Yes,Bhubaneswar
16563,Male,26-35,Premium,Yes,Delhi
16564,Female,26-35,Regular,No,Jaipur
16565,Female,18-25,Business,No,Delhi
16566,Female,60+,Budget,No,Bengaluru
16567,Male,18-25,Regular,Yes,Nagpur
16568,Male,46-60,Regular,No,Chandigarh
16569,Male,26-35,Premium,Yes,Jaipur
16570,Female,60+,Regular,Yes,Chandigarh
16571,Male,36-45,Business,No,Bengaluru
16572,Male,36-45,Regular,Yes,Mumbai
16573,Male,26-35,Premium,Yes,Ahmedabad
16574,Female,26-35,Regular,No,Ahmedabad
16575,Female,46-60,Premium,No,Delhi
16576,Female,26-35,Business,No,Ahmedabad
16577,Male,36-45,Premium,No,Bhubaneswar
16578,Female,26-35,Regular,No,Surat
16579,Male,46-60,Budget,No,Mumbai
16580,Male,46-60,Regular,No,Surat
16581,Male,36-45,Business,No,Pune
16582,Male,36-45,Regular,Yes,Jaipur
16583,Female,46-60,Regular,Yes,Kochi
16584,Male,18-25,Budget,Yes,Ahmedabad
16585,Male,60+,Budget,No,Bengaluru
16586,Female,18-25,Business,No,Mumbai
16587,Male,26-35,Budget,No,Kochi
16588,Male,18-25,Regular,No,Surat
16589,Male,46-60,Budget,Yes,Ahmedabad
16590,Male,36-45,Regular,Yes,Kochi
16591,Female,26-35,Budget,Yes,Indore
16592,Female,18-25,Regular,No,Surat
16593,Female,26-35,Regular,No,Hyderabad
16594,Male,60+,Budget,No,Hyderabad
16595,Female,46-60,Budget,Yes,Indore
16596,Male,18-25,Budget,Yes,Bhubaneswar
16597,Female,36-45,Business,No,Delhi
16598,Female,36-45,Premium,Yes,Bengaluru
16599,Male,26-35,Budget,No,Bhubaneswar
16600,Male,26-35,Budget,No,Lucknow
16601,Female,60+,Budget,No,Chennai
16602,Male,60+,Regular,Yes,Mumbai
16603,Female,26-35,Budget,No,Bhubaneswar
16604,Male,18-25,Budget,No,Chandigarh
16605,Female,18-25,Regular,Yes,Chennai
16606,Female,46-60,Business,Yes,Mumbai
16607,Female,18-25,Premium,No,Bhubaneswar
16608,Male,18-25,Budget,No,Indore
16609,Male,36-45,Budget,No,Bengaluru
16610,Male,26-35,Premium,No,Chandigarh
16611,Male,46-60,Regular,No,Indore
16612,Female,26-35,Business,Yes,Bengaluru
16613,Female,26-35,Regular,No,Surat
16614,Female,26-35,Regular,No,Chennai
16615,Male,26-35,Budget,Yes,Chennai
16616,Male,26-35,Regular,No,Hyderabad
16617,Male,36-45,Budget,Yes,Jaipur
16618,Male,18-25,Regular,Yes,Bengaluru
16619,Male,26-35,Regular,No,Pune
16620,Female,26-35,Business,Yes,Lucknow
16621,Female,36-45,Regular,No,Pune
16622,Female,26-35,Business,Yes,Pune
16623,Female,26-35,Budget,Yes,Ahmedabad
16624,Female,26-35,Budget,Yes,Pune
16625,Male,26-35,Premium,No,Bhubaneswar
16626,Male,18-25,Regular,Yes,Chennai
16627,Male,26-35,Regular,Yes,Chandigarh
16628,Male,26-35,Regular,No,Indore
16629,Female,26-35,Regular,No,Mumbai
16630,Female,46-60,Regular,Yes,Hyderabad
16631,Male,36-45,Business,No,Chennai
16632,Male,36-45,Regular,Yes,Mumbai
16633,Male,46-60,Budget,No,Delhi
16634,Female,18-25,Budget,Yes,Nagpur
16635,Male,60+,Budget,Yes,Ahmedabad
16636,Female,46-60,Regular,Yes,Pune
16637,Female,18-25,Business,No,Indore
16638,Female,26-35,Budget,No,Nagpur
16639,Male,60+,Regular,Yes,Hyderabad
16640,Male,26-35,Regular,No,Delhi
16641,Female,46-60,Budget,No,Pune
16642,Female,36-45,Regular,Yes,Chandigarh
16643,Female,60+,Regular,No,Surat
16644,Female,36-45,Business,Yes,Bengaluru
16645,Female,26-35,Budget,No,Hyderabad
16646,Male,36-45,Business,Yes,Lucknow
16647,Male,60+,Premium,Yes,Bengaluru
16648,Female,36-45,Budget,No,Chennai
16649,Female,18-25,Regular,No,Kochi
16650,Female,26-35,Regular,No,Pune
16651,Male,36-45,Budget,Yes,Bhubaneswar
16652,Male,18-25,Budget,Yes,Mumbai
16653,Female,18-25,Regular,No,Bhubaneswar
16654,Male,36-45,Premium,No,Nagpur
16655,Male,46-60,Budget,Yes,Surat
16656,Male,18-25,Premium,Yes,Nagpur
16657,Female,46-60,Premium,Yes,Ahmedabad
16658,Male,36-45,Regular,Yes,Ahmedabad
16659,Male,46-60,Regular,Yes,Lucknow
16660,Male,18-25,Budget,Yes,Kochi
16661,Female,18-25,Budget,No,Nagpur
16662,Female,46-60,Business,Yes,Lucknow
16663,Male,18-25,Budget,Yes,Hyderabad
16664,Male,46-60,Regular,No,Mumbai
16665,Male,26-35,Budget,Yes,Chandigarh
16666,Male,46-60,Regular,Yes,Hyderabad
16667,Female,46-60,Regular,No,Chennai
16668,Female,36-45,Budget,Yes,Chandigarh
16669,Female,46-60,Budget,No,Ahmedabad
16670,Male,26-35,Premium,No,Bengaluru
16671,Female,46-60,Budget,No,Nagpur
16672,Female,18-25,Regular,Yes,Lucknow
16673,Male,26-35,Budget,Yes,Hyderabad
16674,Male,60+,Business,No,Delhi
16675,Female,18-25,Regular,No,Indore
16676,Male,18-25,Regular,Yes,Surat
16677,Female,26-35,Premium,No,Surat
16678,Male,46-60,Regular,No,Mumbai
16679,Female,26-35,Business,No,Hyderabad
16680,Female,26-35,Premium,No,Nagpur
16681,Male,18-25,Regular,Yes,Hyderabad
16682,Male,26-35,Regular,No,Pune
16683,Female,46-60,Business,No,Hyderabad
16684,Male,36-45,Regular,Yes,Jaipur
16685,Male,26-35,Regular,Yes,Pune
16686,Female,26-35,Budget,Yes,Ahmedabad
16687,Female,18-25,Regular,Yes,Surat
16688,Male,36-45,Premium,Yes,Chandigarh
16689,Female,26-35,Regular,Yes,Nagpur
16690,Female,26-35,Budget,Yes,Surat
16691,Female,18-25,Budget,No,Pune
16692,Male,60+,Budget,No,Bhubaneswar
16693,Female,18-25,Regular,No,Kochi
16694,Female,18-25,Regular,Yes,Delhi
16695,Male,18-25,Budget,No,Lucknow
16696,Female,18-25,Regular,Yes,Jaipur
16697,Female,60+,Regular,Yes,Pune
16698,Female,26-35,Budget,No,Hyderabad
16699,Male,26-35,Regular,No,Delhi
16700,Male,36-45,Regular,Yes,Hyderabad
16701,Male,18-25,Premium,No,Surat
16702,Male,26-35,Regular,Yes,Mumbai
16703,Male,26-35,Regular,No,Nagpur
16704,Female,18-25,Budget,Yes,Bengaluru
16705,Male,26-35,Budget,Yes,Nagpur
16706,Male,46-60,Business,No,Kochi
16707,Male,26-35,Premium,Yes,Jaipur
16708,Male,26-35,Budget,Yes,Surat
16709,Male,26-35,Budget,No,Chandigarh
16710,Female,26-35,Regular,No,Bengaluru
16711,Male,46-60,Business,No,Indore
16712,Female,18-25,Business,No,Bhubaneswar
16713,Female,36-45,Budget,Yes,Nagpur
16714,Female,18-25,Regular,No,Lucknow
16715,Female,46-60,Premium,Yes,Bhubaneswar
16716,Female,26-35,Regular,No,Nagpur
16717,Female,60+,Regular,No,Jaipur
16718,Female,36-45,Business,Yes,Surat
16719,Female,36-45,Regular,No,Jaipur
16720,Male,26-35,Regular,No,Chennai
16721,Male,18-25,Regular,Yes,Mumbai
16722,Male,46-60,Regular,No,Nagpur
16723,Female,26-35,Regular,Yes,Delhi
16724,Male,46-60,Budget,Yes,Kochi
16725,Male,36-45,Budget,Yes,Indore
16726,Female,26-35,Premium,No,Pune
16727,Female,18-25,Premium,Yes,Jaipur
16728,Female,46-60,Regular,Yes,Nagpur
16729,Male,26-35,Business,Yes,Pune
16730,Female,26-35,Business,No,Mumbai
16731,Male,36-45,Budget,Yes,Bengaluru
16732,Female,26-35,Business,No,Delhi
16733,Male,36-45,Premium,Yes,Surat
16734,Male,26-35,Budget,Yes,Pune
16735,Male,36-45,Regular,No,Ahmedabad
16736,Female,46-60,Regular,No,Lucknow
16737,Male,36-45,Premium,Yes,Bengaluru
16738,Male,36-45,Business,Yes,Jaipur
16739,Female,46-60,Premium,Yes,Surat
16740,Male,36-45,Regular,No,Hyderabad
16741,Female,46-60,Premium,No,Surat
16742,Male,36-45,Budget,No,Indore
16743,Female,36-45,Premium,Yes,Bengaluru
16744,Female,18-25,Premium,Yes,Lucknow
16745,Female,26-35,Budget,Yes,Kochi
16746,Male,36-45,Premium,Yes,Indore
16747,Male,18-25,Budget,No,Ahmedabad
16748,Female,18-25,Budget,Yes,Indore
16749,Female,18-25,Premium,Yes,Jaipur
16750,Male,46-60,Premium,No,Pune
16751,Female,26-35,Business,No,Bhubaneswar
16752,Male,18-25,Regular,Yes,Nagpur
16753,Male,36-45,Budget,Yes,Mumbai
16754,Female,26-35,Regular,Yes,Bengaluru
16755,Female,18-25,Premium,No,Lucknow
16756,Female,36-45,Budget,Yes,Hyderabad
16757,Female,46-60,Premium,No,Chandigarh
16758,Female,18-25,Budget,Yes,Hyderabad
16759,Male,26-35,Budget,Yes,Ahmedabad
16760,Female,18-25,Budget,No,Bengaluru
16761,Male,26-35,Regular,Yes,Ahmedabad
16762,Male,26-35,Budget,No,Nagpur
16763,Female,18-25,Regular,No,Hyderabad
16764,Male,60+,Premium,No,Ahmedabad
16765,Female,46-60,Regular,No,Bengaluru
16766,Male,36-45,Business,No,Kochi
16767,Male,36-45,Regular,No,Delhi
16768,Female,60+,Budget,Yes,Chandigarh
16769,Female,26-35,Budget,Yes,Mumbai
16770,Female,36-45,Regular,No,Nagpur
16771,Male,26-35,Budget,Yes,Chennai
16772,Male,18-25,Regular,Yes,Jaipur
16773,Male,18-25,Budget,No,Indore
16774,Male,36-45,Budget,No,Mumbai
16775,Female,46-60,Business,Yes,Bhubaneswar
16776,Male,26-35,Budget,Yes,Bhubaneswar
16777,Female,26-35,Premium,No,Bhubaneswar
16778,Male,46-60,Regular,No,Kochi
16779,Female,46-60,Budget,Yes,Lucknow
16780,Male,36-45,Regular,Yes,Ahmedabad
16781,Female,26-35,Business,No,Chennai
16782,Female,36-45,Regular,No,Surat
16783,Male,36-45,Business,No,Bhubaneswar
16784,Female,46-60,Regular,No,Ahmedabad
16785,Male,60+,Regular,Yes,Delhi
16786,Male,18-25,Budget,No,Nagpur
16787,Male,26-35,Regular,No,Indore
16788,Female,26-35,Business,Yes,Chennai
16789,Male,36-45,Business,No,Delhi
16790,Female,36-45,Regular,No,Delhi
16791,Male,36-45,Business,No,Lucknow
16792,Female,36-45,Regular,No,Bhubaneswar
16793,Female,36-45,Budget,No,Mumbai
16794,Male,26-35,Business,No,Delhi
16795,Male,36-45,Regular,Yes,Bhubaneswar
16796,Female,46-60,Budget,No,Mumbai
16797,Male,36-45,Budget,No,Pune
16798,Male,46-60,Budget,No,Ahmedabad
16799,Female,60+,Business,No,Mumbai
16800,Male,26-35,Regular,Yes,Delhi
16801,Female,18-25,Regular,No,Surat
16802,Female,36-45,Regular,Yes,Bhubaneswar
16803,Male,26-35,Regular,No,Delhi
16804,Female,36-45,Premium,Yes,Lucknow
16805,Female,36-45,Regular,No,Mumbai
16806,Female,46-60,Budget,Yes,Lucknow
16807,Female,36-45,Budget,Yes,Bengaluru
16808,Male,26-35,Regular,No,Mumbai
16809,Female,46-60,Budget,Yes,Ahmedabad
16810,Female,46-60,Regular,Yes,Surat
16811,Female,26-35,Regular,Yes,Chennai
16812,Female,18-25,Premium,No,Bengaluru
16813,Male,46-60,Premium,No,Chandigarh
16814,Male,26-35,Premium,No,Lucknow
16815,Male,18-25,Regular,No,Chandigarh
16816,Female,26-35,Budget,Yes,Lucknow
16817,Male,26-35,Business,No,Chandigarh
16818,Female,26-35,Regular,Yes,Jaipur
16819,Male,26-35,Budget,No,Nagpur
16820,Male,60+,Regular,Yes,Bengaluru
16821,Male,60+,Business,Yes,Ahmedabad
16822,Male,18-25,Budget,Yes,Bhubaneswar
16823,Male,18-25,Premium,Yes,Surat
16824,Female,36-45,Regular,No,Ahmedabad
16825,Female,46-60,Budget,No,Bengaluru
16826,Female,36-45,Budget,No,Chandigarh
16827,Male,46-60,Regular,No,Chennai
16828,Male,46-60,Business,Yes,Chennai
16829,Male,18-25,Regular,Yes,Delhi
16830,Male,36-45,Regular,No,Bhubaneswar
16831,Female,36-45,Budget,No,Mumbai
16832,Male,46-60,Premium,No,Chandigarh
16833,Female,60+,Budget,Yes,Chennai
16834,Female,18-25,Budget,No,Nagpur
16835,Male,36-45,Budget,No,Delhi
16836,Male,26-35,Budget,Yes,Bhubaneswar
16837,Male,26-35,Regular,Yes,Delhi
16838,Female,26-35,Business,Yes,Bhubaneswar
16839,Female,26-35,Premium,Yes,Hyderabad
16840,Female,46-60,Budget,Yes,Chandigarh
16841,Female,26-35,Regular,No,Nagpur
16842,Female,46-60,Budget,No,Nagpur
16843,Female,36-45,Regular,No,Bengaluru
16844,Female,60+,Budget,Yes,Bengaluru
16845,Female,46-60,Business,No,Hyderabad
16846,Male,46-60,Regular,Yes,Jaipur
16847,Female,26-35,Budget,No,Bhubaneswar
16848,Female,46-60,Regular,Yes,Pune
16849,Female,26-35,Budget,Yes,Indore
16850,Female,46-60,Premium,No,Surat
16851,Female,26-35,Budget,No,Jaipur
16852,Female,46-60,Budget,Yes,Surat
16853,Male,26-35,Budget,Yes,Nagpur
16854,Male,18-25,Regular,No,Chennai
16855,Female,26-35,Business,No,Chennai
16856,Female,26-35,Budget,Yes,Hyderabad
16857,Female,46-60,Budget,Yes,Lucknow
16858,Female,36-45,Regular,Yes,Chandigarh
16859,Female,26-35,Premium,Yes,Kochi
16860,Male,36-45,Regular,Yes,Delhi
16861,Female,26-35,Premium,Yes,Bhubaneswar
16862,Male,26-35,Premium,No,Ahmedabad
16863,Male,26-35,Premium,Yes,Chennai
16864,Female,46-60,Business,No,Surat
16865,Female,26-35,Regular,Yes,Ahmedabad
16866,Female,26-35,Budget,Yes,Ahmedabad
16867,Male,18-25,Budget,Yes,Lucknow
16868,Female,26-35,Premium,Yes,Bhubaneswar
16869,Female,26-35,Regular,Yes,Jaipur
16870,Male,18-25,Budget,No,Mumbai
16871,Male,36-45,Regular,No,Jaipur
16872,Male,36-45,Regular,No,Chennai
16873,Female,60+,Premium,No,Lucknow
16874,Female,26-35,Regular,No,Surat
16875,Male,26-35,Budget,Yes,Hyderabad
16876,Female,36-45,Budget,No,Chandigarh
16877,Male,60+,Premium,No,Delhi
16878,Female,26-35,Premium,No,Jaipur
16879,Female,36-45,Budget,No,Chandigarh
16880,Male,18-25,Budget,Yes,Ahmedabad
16881,Male,46-60,Regular,Yes,Hyderabad
16882,Female,26-35,Business,Yes,Indore
16883,Female,18-25,Budget,No,Delhi
16884,Female,26-35,Budget,No,Lucknow
16885,Female,36-45,Budget,Yes,Kochi
16886,Male,18-25,Budget,No,Jaipur
16887,Female,18-25,Budget,Yes,Nagpur
16888,Female,18-25,Budget,No,Indore
16889,Female,46-60,Regular,No,Mumbai
16890,Female,26-35,Regular,Yes,Surat
16891,Male,26-35,Budget,Yes,Bengaluru
16892,Female,46-60,Regular,Yes,Pune
16893,Female,36-45,Business,No,Bengaluru
16894,Female,36-45,Business,No,Indore
16895,Female,36-45,Regular,No,Mumbai
16896,Male,60+,Premium,Yes,Indore
16897,Male,36-45,Regular,Yes,Lucknow
16898,Male,36-45,Budget,No,Chandigarh
16899,Male,36-45,Regular,No,Kochi
16900,Male,26-35,Budget,No,Chandigarh
16901,Female,26-35,Budget,No,Chennai
16902,Female,26-35,Regular,Yes,Mumbai
16903,Male,18-25,Regular,Yes,Hyderabad
16904,Male,46-60,Regular,No,Delhi
16905,Male,36-45,Regular,Yes,Hyderabad
16906,Female,26-35,Business,No,Chennai
16907,Female,26-35,Budget,No,Mumbai
16908,Female,46-60,Regular,Yes,Delhi
16909,Male,26-35,Premium,No,Mumbai
16910,Female,46-60,Regular,No,Kochi
16911,Male,46-60,Regular,Yes,Surat
16912,Male,46-60,Regular,Yes,Kochi
16913,Male,36-45,Budget,Yes,Kochi
16914,Female,46-60,Business,Yes,Hyderabad
16915,Male,60+,Budget,Yes,Chennai
16916,Female,18-25,Regular,Yes,Bengaluru
16917,Female,60+,Regular,No,Jaipur
16918,Male,46-60,Budget,No,Chennai
16919,Male,26-35,Budget,Yes,Ahmedabad
16920,Male,26-35,Regular,No,Bengaluru
16921,Male,26-35,Budget,No,Jaipur
16922,Male,46-60,Regular,No,Ahmedabad
16923,Female,46-60,Premium,No,Bhubaneswar
16924,Male,36-45,Regular,No,Pune
16925,Female,36-45,Budget,Yes,Chandigarh
16926,Male,46-60,Regular,Yes,Mumbai
16927,Male,36-45,Regular,Yes,Bhubaneswar
16928,Female,26-35,Premium,No,Lucknow
16929,Female,36-45,Premium,No,Delhi
16930,Female,46-60,Regular,Yes,Surat
16931,Female,36-45,Regular,No,Bhubaneswar
16932,Male,46-60,Budget,No,Hyderabad
16933,Male,46-60,Budget,No,Lucknow
16934,Female,26-35,Regular,Yes,Delhi
16935,Male,26-35,Budget,No,Nagpur
16936,Female,26-35,Regular,Yes,Lucknow
16937,Male,26-35,Budget,Yes,Ahmedabad
16938,Male,36-45,Budget,No,Indore
16939,Female,26-35,Regular,No,Lucknow
16940,Female,36-45,Budget,Yes,Delhi
16941,Male,46-60,Regular,No,Hyderabad
16942,Male,26-35,Regular,Yes,Jaipur
16943,Male,36-45,Regular,No,Bengaluru
16944,Female,26-35,Business,No,Indore
16945,Female,36-45,Budget,No,Jaipur
16946,Female,46-60,Budget,No,Delhi
16947,Male,26-35,Regular,No,Delhi
16948,Female,18-25,Budget,No,Surat
16949,Female,18-25,Premium,Yes,Pune
16950,Male,46-60,Regular,No,Lucknow
16951,Female,26-35,Regular,No,Pune
16952,Male,60+,Business,Yes,Indore
16953,Male,26-35,Business,No,Bhubaneswar
16954,Male,26-35,Regular,No,Chennai
16955,Female,18-25,Premium,Yes,Delhi
16956,Male,46-60,Premium,No,Lucknow
16957,Female,36-45,Regular,Yes,Indore
16958,Male,26-35,Business,Yes,Jaipur
16959,Female,18-25,Regular,No,Pune
16960,Female,60+,Budget,Yes,Delhi
16961,Male,36-45,Business,No,Mumbai
16962,Female,18-25,Regular,Yes,Hyderabad
16963,Female,60+,Regular,Yes,Bengaluru
16964,Female,60+,Regular,Yes,Bengaluru
16965,Female,60+,Budget,Yes,Ahmedabad
16966,Female,18-25,Business,Yes,Bengaluru
16967,Male,26-35,Budget,No,Jaipur
16968,Female,26-35,Business,Yes,Surat
16969,Male,60+,Budget,No,Surat
16970,Female,26-35,Budget,Yes,Pune
16971,Female,26-35,Business,No,Bhubaneswar
16972,Female,46-60,Regular,No,Indore
16973,Male,36-45,Regular,Yes,Ahmedabad
16974,Female,36-45,Business,Yes,Mumbai
16975,Male,26-35,Premium,No,Hyderabad
16976,Male,18-25,Budget,No,Hyderabad
16977,Female,36-45,Budget,No,Pune
16978,Male,26-35,Regular,No,Surat
16979,Female,26-35,Budget,Yes,Ahmedabad
16980,Female,46-60,Budget,Yes,Lucknow
16981,Female,26-35,Premium,No,Bhubaneswar
16982,Female,26-35,Budget,No,Pune
16983,Male,26-35,Premium,Yes,Jaipur
16984,Female,26-35,Budget,No,Surat
16985,Female,46-60,Premium,Yes,Mumbai
16986,Male,46-60,Premium,Yes,Jaipur
16987,Female,46-60,Budget,Yes,Kochi
16988,Female,46-60,Regular,No,Surat
16989,Male,46-60,Budget,No,Hyderabad
16990,Male,36-45,Regular,No,Ahmedabad
16991,Female,36-45,Regular,No,Bengaluru
16992,Female,36-45,Regular,Yes,Nagpur
16993,Male,46-60,Budget,Yes,Delhi
16994,Male,26-35,Regular,No,Chandigarh
16995,Male,18-25,Regular,No,Mumbai
16996,Male,36-45,Regular,No,Surat
16997,Male,18-25,Regular,No,Pune
16998,Male,36-45,Regular,No,Lucknow
16999,Female,26-35,Budget,Yes,Jaipur
17000,Female,36-45,Regular,Yes,Surat
17001,Female,18-25,Budget,No,Nagpur
17002,Male,26-35,Regular,No,Mumbai
17003,Female,46-60,Regular,No,Surat
17004,Female,46-60,Business,Yes,Lucknow
17005,Female,60+,Budget,No,Bengaluru
17006,Male,26-35,Regular,No,Surat
17007,Female,18-25,Regular,No,Bhubaneswar
17008,Male,26-35,Budget,No,Indore
17009,Female,36-45,Regular,Yes,Kochi
17010,Male,36-45,Regular,Yes,Chandigarh
17011,Male,26-35,Budget,No,Bengaluru
17012,Female,36-45,Regular,Yes,Chennai
17013,Female,26-35,Regular,Yes,Chandigarh
17014,Female,18-25,Budget,No,Bengaluru
17015,Male,36-45,Business,Yes,Indore
17016,Female,26-35,Budget,No,Ahmedabad
17017,Female,26-35,Regular,No,Indore
17018,Female,46-60,Regular,No,Jaipur
17019,Male,36-45,Regular,Yes,Bhubaneswar
17020,Female,36-45,Budget,No,Surat
17021,Male,46-60,Regular,No,Pune
17022,Male,26-35,Regular,No,Surat
17023,Male,36-45,Premium,No,Jaipur
17024,Male,36-45,Budget,Yes,Hyderabad
17025,Male,36-45,Regular,Yes,Delhi
17026,Male,18-25,Premium,Yes,Hyderabad
17027,Female,18-25,Budget,No,Surat
17028,Female,46-60,Budget,Yes,Kochi
17029,Female,18-25,Regular,No,Bhubaneswar
17030,Female,36-45,Premium,No,Ahmedabad
17031,Male,36-45,Budget,No,Chandigarh
17032,Male,36-45,Regular,Yes,Delhi
17033,Male,18-25,Regular,No,Chandigarh
17034,Female,26-35,Regular,Yes,Lucknow
17035,Male,46-60,Budget,Yes,Nagpur
17036,Male,36-45,Regular,Yes,Bhubaneswar
17037,Male,18-25,Business,Yes,Delhi
17038,Male,36-45,Regular,No,Ahmedabad
17039,Female,18-25,Business,No,Bhubaneswar
17040,Female,18-25,Regular,Yes,Nagpur
17041,Male,26-35,Business,No,Lucknow
17042,Male,26-35,Budget,Yes,Mumbai
17043,Male,26-35,Budget,Yes,Nagpur
17044,Male,18-25,Regular,No,Bhubaneswar
17045,Female,46-60,Premium,No,Chennai
17046,Female,36-45,Regular,Yes,Jaipur
17047,Male,36-45,Regular,No,Lucknow
17048,Female,36-45,Budget,No,Lucknow
17049,Male,26-35,Regular,No,Mumbai
17050,Female,36-45,Budget,Yes,Bengaluru
17051,Male,18-25,Budget,No,Chennai
17052,Female,26-35,Budget,Yes,Pune
17053,Female,60+,Regular,Yes,Lucknow
17054,Male,26-35,Budget,No,Indore
17055,Female,18-25,Premium,No,Lucknow
17056,Female,26-35,Premium,Yes,Chennai
17057,Male,26-35,Premium,No,Chennai
17058,Female,26-35,Regular,Yes,Kochi
17059,Male,26-35,Regular,Yes,Delhi
17060,Female,26-35,Regular,No,Chandigarh
17061,Male,46-60,Regular,Yes,Chennai
17062,Female,26-35,Regular,Yes,Pune
17063,Female,46-60,Regular,No,Ahmedabad
17064,Female,36-45,Budget,No,Delhi
17065,Female,26-35,Budget,Yes,Surat
17066,Female,36-45,Regular,Yes,Indore
17067,Male,60+,Regular,No,Bengaluru
17068,Male,26-35,Business,No,Nagpur
17069,Male,46-60,Budget,No,Surat
17070,Female,36-45,Regular,No,Pune
17071,Female,26-35,Budget,Yes,Bengaluru
17072,Male,36-45,Business,Yes,Mumbai
17073,Female,26-35,Budget,Yes,Chandigarh
17074,Male,46-60,Business,Yes,Bengaluru
17075,Female,60+,Regular,No,Hyderabad
17076,Female,18-25,Premium,Yes,Bhubaneswar
17077,Female,36-45,Regular,No,Chennai
17078,Female,46-60,Budget,No,Delhi
17079,Female,46-60,Business,No,Jaipur
17080,Female,36-45,Regular,Yes,Ahmedabad
17081,Female,18-25,Premium,No,Pune
17082,Male,46-60,Regular,Yes,Bhubaneswar
17083,Female,26-35,Premium,No,Jaipur
17084,Male,46-60,Regular,No,Mumbai
17085,Male,26-35,Regular,No,Lucknow
17086,Female,46-60,Premium,No,Delhi
17087,Female,46-60,Premium,No,Chandigarh
17088,Male,46-60,Budget,Yes,Kochi
17089,Male,26-35,Premium,No,Jaipur
17090,Male,36-45,Business,Yes,Chandigarh
17091,Female,46-60,Premium,Yes,Jaipur
17092,Female,26-35,Budget,Yes,Surat
17093,Male,60+,Regular,Yes,Chandigarh
17094,Female,18-25,Regular,No,Chandigarh
17095,Male,18-25,Business,No,Indore
17096,Female,46-60,Budget,No,Kochi
17097,Female,26-35,Regular,Yes,Chennai
17098,Female,36-45,Regular,Yes,Jaipur
17099,Male,18-25,Budget,No,Pune
17100,Male,46-60,Regular,No,Ahmedabad
17101,Male,46-60,Budget,No,Jaipur
17102,Female,26-35,Regular,No,Bhubaneswar
17103,Female,18-25,Premium,No,Bhubaneswar
17104,Male,46-60,Premium,No,Lucknow
17105,Male,18-25,Budget,Yes,Ahmedabad
17106,Female,36-45,Regular,No,Kochi
17107,Female,18-25,Regular,No,Kochi
17108,Female,26-35,Premium,No,Bhubaneswar
17109,Female,18-25,Regular,No,Bhubaneswar
17110,Female,18-25,Regular,Yes,Nagpur
17111,Male,46-60,Budget,No,Chennai
17112,Male,60+,Budget,Yes,Bhubaneswar
17113,Female,36-45,Regular,Yes,Lucknow
17114,Female,36-45,Regular,Yes,Bengaluru
17115,Male,18-25,Regular,Yes,Kochi
17116,Male,36-45,Budget,No,Kochi
17117,Female,18-25,Budget,No,Kochi
17118,Male,26-35,Premium,No,Surat
17119,Female,36-45,Regular,Yes,Kochi
17120,Male,26-35,Regular,Yes,Surat
17121,Male,26-35,Regular,Yes,Mumbai
17122,Male,60+,Regular,No,Nagpur
17123,Female,46-60,Regular,Yes,Indore
17124,Female,26-35,Business,No,Surat
17125,Female,36-45,Premium,No,Chandigarh
17126,Female,18-25,Premium,No,Ahmedabad
17127,Male,26-35,Premium,Yes,Delhi
17128,Male,18-25,Budget,No,Kochi
17129,Male,26-35,Regular,No,Jaipur
17130,Male,26-35,Regular,Yes,Kochi
17131,Female,60+,Regular,No,Hyderabad
17132,Male,26-35,Premium,No,Indore
17133,Female,26-35,Budget,No,Chennai
17134,Female,26-35,Premium,No,Surat
17135,Male,26-35,Regular,No,Indore
17136,Female,36-45,Budget,No,Kochi
17137,Male,18-25,Budget,Yes,Indore
17138,Female,36-45,Regular,No,Pune
17139,Male,18-25,Regular,Yes,Hyderabad
17140,Male,26-35,Premium,No,Delhi
17141,Male,26-35,Regular,Yes,Pune
17142,Male,26-35,Regular,Yes,Bengaluru
17143,Female,60+,Regular,No,Kochi
17144,Male,26-35,Regular,No,Jaipur
17145,Male,46-60,Budget,No,Delhi
17146,Male,36-45,Regular,No,Bengaluru
17147,Female,26-35,Regular,No,Hyderabad
17148,Female,26-35,Regular,No,Nagpur
17149,Male,26-35,Regular,No,Ahmedabad
17150,Female,46-60,Budget,Yes,Jaipur
17151,Male,46-60,Budget,Yes,Surat
17152,Male,36-45,Regular,Yes,Bengaluru
17153,Female,36-45,Premium,Yes,Lucknow
17154,Female,46-60,Regular,Yes,Nagpur
17155,Male,18-25,Budget,No,Surat
17156,Female,36-45,Regular,No,Chennai
17157,Female,26-35,Budget,No,Nagpur
17158,Male,46-60,Regular,No,Surat
17159,Male,26-35,Budget,Yes,Kochi
17160,Male,26-35,Budget,No,Chennai
17161,Male,26-35,Premium,Yes,Chennai
17162,Male,46-60,Regular,No,Chennai
17163,Female,26-35,Budget,No,Hyderabad
17164,Male,46-60,Premium,No,Hyderabad
17165,Female,46-60,Regular,Yes,Ahmedabad
17166,Female,46-60,Premium,No,Lucknow
17167,Female,26-35,Budget,Yes,Mumbai
17168,Male,36-45,Regular,Yes,Ahmedabad
17169,Male,18-25,Budget,Yes,Bhubaneswar
17170,Male,26-35,Budget,Yes,Bhubaneswar
17171,Male,46-60,Regular,Yes,Chennai
17172,Female,36-45,Business,Yes,Bengaluru
17173,Male,26-35,Budget,Yes,Chennai
17174,Female,46-60,Regular,Yes,Lucknow
17175,Female,46-60,Business,No,Delhi
17176,Female,26-35,Regular,No,Indore
17177,Male,26-35,Budget,No,Bengaluru
17178,Male,36-45,Budget,No,Kochi
17179,Female,36-45,Regular,No,Mumbai
17180,Male,36-45,Budget,No,Bhubaneswar
17181,Male,36-45,Budget,No,Chennai
17182,Male,36-45,Budget,No,Jaipur
17183,Male,36-45,Business,No,Surat
17184,Female,26-35,Business,Yes,Surat
17185,Female,26-35,Business,No,Chennai
17186,Male,18-25,Premium,No,Bengaluru
17187,Male,26-35,Budget,No,Pune
17188,Female,60+,Regular,No,Indore
17189,Male,26-35,Budget,Yes,Jaipur
17190,Male,26-35,Budget,No,Delhi
17191,Male,18-25,Regular,Yes,Bengaluru
17192,Female,36-45,Budget,No,Pune
17193,Male,18-25,Premium,Yes,Chandigarh
17194,Male,36-45,Regular,No,Pune
17195,Male,26-35,Budget,No,Bengaluru
17196,Female,26-35,Regular,No,Delhi
17197,Female,26-35,Budget,No,Mumbai
17198,Male,18-25,Regular,No,Lucknow
17199,Female,46-60,Budget,Yes,Bhubaneswar
17200,Female,18-25,Premium,Yes,Chennai
17201,Male,26-35,Premium,Yes,Mumbai
17202,Male,26-35,Regular,Yes,Chennai
17203,Male,26-35,Budget,Yes,Indore
17204,Male,26-35,Business,Yes,Lucknow
17205,Female,26-35,Budget,Yes,Bhubaneswar
17206,Male,26-35,Budget,No,Bengaluru
17207,Male,26-35,Regular,No,Bengaluru
17208,Female,46-60,Regular,Yes,Mumbai
17209,Male,26-35,Budget,No,Jaipur
17210,Male,18-25,Budget,Yes,Kochi
17211,Female,46-60,Regular,No,Jaipur
17212,Male,26-35,Budget,No,Lucknow
17213,Male,26-35,Budget,No,Nagpur
17214,Female,26-35,Budget,Yes,Indore
17215,Male,36-45,Budget,No,Ahmedabad
17216,Female,18-25,Budget,Yes,Hyderabad
17217,Male,26-35,Regular,No,Bhubaneswar
17218,Male,46-60,Regular,Yes,Nagpur
17219,Female,60+,Regular,Yes,Pune
17220,Male,36-45,Budget,No,Pune
17221,Female,26-35,Budget,Yes,Indore
17222,Female,60+,Regular,No,Lucknow
17223,Female,26-35,Regular,No,Surat
17224,Male,26-35,Premium,No,Chennai
17225,Female,26-35,Business,Yes,Delhi
17226,Male,26-35,Regular,No,Surat
17227,Female,18-25,Premium,No,Bhubaneswar
17228,Female,60+,Regular,No,Mumbai
17229,Male,26-35,Premium,No,Pune
17230,Female,26-35,Regular,No,Jaipur
17231,Female,26-35,Regular,Yes,Surat
17232,Female,60+,Regular,Yes,Nagpur
17233,Male,26-35,Regular,No,Pune
17234,Female,36-45,Premium,No,Surat
17235,Male,18-25,Premium,No,Bhubaneswar
17236,Male,36-45,Business,No,Lucknow
17237,Male,18-25,Regular,No,Nagpur
17238,Male,46-60,Budget,Yes,Pune
17239,Female,46-60,Regular,No,Pune
17240,Male,26-35,Budget,Yes,Delhi
17241,Male,18-25,Regular,No,Jaipur
17242,Male,46-60,Budget,Yes,Mumbai
17243,Female,36-45,Business,Yes,Mumbai
17244,Male,36-45,Budget,No,Bhubaneswar
17245,Male,36-45,Budget,No,Chennai
17246,Male,36-45,Regular,No,Indore
17247,Female,46-60,Regular,Yes,Chandigarh
17248,Male,46-60,Regular,Yes,Delhi
17249,Male,26-35,Regular,No,Surat
17250,Male,26-35,Premium,Yes,Lucknow
17251,Female,26-35,Budget,Yes,Nagpur
17252,Female,26-35,Regular,Yes,Chandigarh
17253,Male,18-25,Regular,No,Chandigarh
17254,Female,36-45,Regular,No,Chandigarh
17255,Female,36-45,Regular,Yes,Pune
17256,Female,36-45,Premium,Yes,Indore
17257,Female,60+,Budget,No,Kochi
17258,Male,36-45,Business,Yes,Chandigarh
17259,Male,46-60,Budget,No,Indore
17260,Female,26-35,Budget,No,Hyderabad
17261,Male,26-35,Regular,No,Hyderabad
17262,Male,36-45,Budget,No,Bengaluru
17263,Male,26-35,Budget,Yes,Pune
17264,Female,36-45,Business,Yes,Indore
17265,Male,26-35,Regular,No,Indore
17266,Female,18-25,Regular,Yes,Mumbai
17267,Female,46-60,Premium,No,Pune
17268,Male,46-60,Budget,Yes,Chennai
17269,Male,18-25,Budget,Yes,Surat
17270,Male,18-25,Regular,Yes,Chennai
17271,Male,26-35,Budget,No,Delhi
17272,Female,26-35,Regular,Yes,Chandigarh
17273,Female,26-35,Premium,No,Jaipur
17274,Male,46-60,Premium,No,Jaipur
17275,Male,26-35,Budget,No,Lucknow
17276,Female,60+,Budget,Yes,Bhubaneswar
17277,Male,46-60,Budget,No,Delhi
17278,Male,36-45,Budget,Yes,Jaipur
17279,Male,36-45,Regular,No,Indore
17280,Male,36-45,Budget,Yes,Jaipur
17281,Female,18-25,Regular,No,Mumbai
17282,Female,36-45,Budget,No,Ahmedabad
17283,Male,18-25,Premium,Yes,Hyderabad
17284,Female,36-45,Business,No,Chandigarh
17285,Female,26-35,Budget,Yes,Ahmedabad
17286,Female,36-45,Regular,Yes,Mumbai
17287,Male,36-45,Budget,Yes,Nagpur
17288,Male,26-35,Premium,Yes,Jaipur
17289,Female,26-35,Budget,Yes,Surat
17290,Female,36-45,Budget,Yes,Bhubaneswar
17291,Female,36-45,Budget,Yes,Ahmedabad
17292,Female,26-35,Regular,No,Jaipur
17293,Female,46-60,Premium,Yes,Pune
17294,Female,26-35,Regular,Yes,Lucknow
17295,Female,36-45,Budget,No,Bengaluru
17296,Female,46-60,Regular,No,Bhubaneswar
17297,Male,18-25,Regular,Yes,Indore
17298,Female,36-45,Budget,Yes,Delhi
17299,Female,46-60,Budget,No,Indore
17300,Female,18-25,Business,No,Kochi
17301,Female,36-45,Business,No,Chennai
17302,Male,46-60,Regular,No,Jaipur
17303,Female,36-45,Business,No,Lucknow
17304,Female,46-60,Regular,No,Ahmedabad
17305,Male,18-25,Premium,No,Mumbai
17306,Female,18-25,Regular,No,Chandigarh
17307,Female,60+,Regular,No,Mumbai
17308,Female,18-25,Regular,Yes,Bengaluru
17309,Male,18-25,Budget,No,Surat
17310,Female,18-25,Regular,Yes,Mumbai
17311,Male,36-45,Budget,Yes,Mumbai
17312,Male,46-60,Budget,No,Surat
17313,Female,26-35,Premium,Yes,Jaipur
17314,Male,26-35,Budget,Yes,Kochi
17315,Female,46-60,Regular,Yes,Bengaluru
17316,Male,26-35,Premium,Yes,Jaipur
17317,Male,26-35,Regular,Yes,Chandigarh
17318,Female,26-35,Regular,Yes,Lucknow
17319,Female,46-60,Budget,No,Lucknow
17320,Female,18-25,Budget,No,Kochi
17321,Male,18-25,Regular,No,Mumbai
17322,Female,26-35,Business,No,Jaipur
17323,Male,18-25,Regular,No,Nagpur
17324,Female,26-35,Budget,Yes,Chandigarh
17325,Female,26-35,Regular,Yes,Chandigarh
17326,Female,46-60,Budget,No,Surat
17327,Female,26-35,Budget,Yes,Delhi
17328,Male,26-35,Budget,No,Surat
17329,Male,18-25,Budget,No,Bhubaneswar
17330,Female,46-60,Budget,Yes,Nagpur
17331,Female,36-45,Business,No,Bengaluru
17332,Male,26-35,Regular,Yes,Nagpur
17333,Female,18-25,Budget,No,Mumbai
17334,Male,26-35,Budget,No,Delhi
17335,Male,46-60,Regular,Yes,Chennai
17336,Female,18-25,Budget,No,Ahmedabad
17337,Female,18-25,Premium,No,Lucknow
17338,Female,18-25,Regular,No,Indore
17339,Female,18-25,Regular,Yes,Kochi
17340,Male,26-35,Business,No,Surat
17341,Male,26-35,Premium,Yes,Delhi
17342,Female,26-35,Regular,No,Surat
17343,Female,46-60,Budget,No,Indore
17344,Male,46-60,Budget,Yes,Ahmedabad
17345,Female,46-60,Regular,Yes,Chennai
17346,Female,36-45,Budget,Yes,Delhi
17347,Female,46-60,Premium,No,Nagpur
17348,Female,18-25,Premium,No,Lucknow
17349,Male,26-35,Budget,No,Mumbai
17350,Male,36-45,Budget,No,Jaipur
17351,Male,26-35,Budget,No,Mumbai
17352,Male,18-25,Budget,No,Hyderabad
17353,Female,36-45,Budget,No,Mumbai
17354,Female,26-35,Budget,No,Nagpur
17355,Male,46-60,Regular,Yes,Hyderabad
17356,Male,36-45,Premium,No,Mumbai
17357,Female,26-35,Budget,Yes,Kochi
17358,Female,18-25,Budget,Yes,Lucknow
17359,Female,18-25,Budget,Yes,Jaipur
17360,Female,26-35,Premium,Yes,Hyderabad
17361,Female,26-35,Business,Yes,Hyderabad
17362,Female,18-25,Budget,Yes,Delhi
17363,Female,36-45,Budget,No,Hyderabad
17364,Female,36-45,Budget,No,Chandigarh
17365,Female,26-35,Budget,Yes,Delhi
17366,Male,36-45,Regular,No,Chandigarh
17367,Male,36-45,Budget,Yes,Hyderabad
17368,Male,26-35,Regular,No,Pune
17369,Male,26-35,Business,No,Bengaluru
17370,Male,46-60,Budget,Yes,Lucknow
17371,Male,60+,Premium,No,Hyderabad
17372,Male,18-25,Business,Yes,Kochi
17373,Female,26-35,Regular,No,Kochi
17374,Male,60+,Regular,No,Nagpur
17375,Male,46-60,Regular,No,Chandigarh
17376,Male,36-45,Budget,Yes,Delhi
17377,Female,46-60,Budget,Yes,Surat
17378,Male,26-35,Regular,No,Nagpur
17379,Male,26-35,Budget,No,Mumbai
17380,Male,36-45,Business,No,Jaipur
17381,Female,26-35,Budget,Yes,Jaipur
17382,Male,18-25,Premium,Yes,Chandigarh
17383,Male,26-35,Budget,Yes,Indore
17384,Male,18-25,Business,Yes,Ahmedabad
17385,Male,36-45,Regular,Yes,Bengaluru
17386,Male,36-45,Regular,No,Mumbai
17387,Female,36-45,Business,No,Jaipur
17388,Male,18-25,Regular,No,Surat
17389,Male,36-45,Budget,Yes,Kochi
17390,Male,26-35,Budget,Yes,Lucknow
17391,Female,18-25,Budget,No,Nagpur
17392,Male,46-60,Premium,Yes,Ahmedabad
17393,Female,46-60,Regular,No,Bhubaneswar
17394,Female,60+,Regular,Yes,Pune
17395,Male,26-35,Regular,No,Hyderabad
17396,Male,36-45,Budget,Yes,Nagpur
17397,Female,46-60,Business,No,Bhubaneswar
17398,Female,60+,Budget,No,Delhi
17399,Female,46-60,Budget,No,Chennai
17400,Male,18-25,Business,No,Jaipur
17401,Female,46-60,Budget,No,Jaipur
17402,Male,26-35,Regular,No,Jaipur
17403,Female,46-60,Budget,No,Indore
17404,Female,46-60,Budget,No,Lucknow
17405,Female,46-60,Budget,Yes,Pune
17406,Male,36-45,Regular,Yes,Nagpur
17407,Female,46-60,Budget,No,Jaipur
17408,Male,36-45,Budget,No,Chandigarh
17409,Male,46-60,Budget,No,Indore
17410,Female,36-45,Regular,No,Hyderabad
17411,Female,60+,Premium,Yes,Surat
17412,Male,18-25,Business,Yes,Nagpur
17413,Male,36-45,Budget,No,Chennai
17414,Male,26-35,Regular,No,Surat
17415,Female,18-25,Budget,No,Indore
17416,Male,26-35,Budget,No,Hyderabad
17417,Female,36-45,Regular,Yes,Kochi
17418,Female,26-35,Regular,Yes,Jaipur
17419,Female,36-45,Regular,Yes,Nagpur
17420,Female,36-45,Regular,No,Indore
17421,Male,36-45,Regular,No,Chennai
17422,Male,26-35,Regular,No,Lucknow
17423,Male,46-60,Regular,No,Delhi
17424,Female,36-45,Regular,No,Hyderabad
17425,Male,26-35,Business,No,Ahmedabad
17426,Female,18-25,Premium,Yes,Kochi
17427,Male,60+,Premium,Yes,Bhubaneswar
17428,Male,36-45,Budget,Yes,Chandigarh
17429,Female,18-25,Regular,Yes,Pune
17430,Female,26-35,Budget,Yes,Jaipur
17431,Female,26-35,Premium,Yes,Kochi
17432,Male,26-35,Premium,No,Kochi
17433,Female,46-60,Budget,No,Mumbai
17434,Male,36-45,Budget,No,Ahmedabad
17435,Male,26-35,Budget,No,Surat
17436,Female,36-45,Budget,Yes,Nagpur
17437,Male,26-35,Premium,No,Mumbai
17438,Female,26-35,Budget,Yes,Ahmedabad
17439,Female,36-45,Regular,No,Pune
17440,Female,26-35,Budget,Yes,Ahmedabad
17441,Male,18-25,Business,No,Lucknow
17442,Female,26-35,Budget,Yes,Chandigarh
17443,Female,26-35,Regular,No,Bengaluru
17444,Female,18-25,Regular,No,Hyderabad
17445,Female,18-25,Regular,Yes,Jaipur
17446,Female,36-45,Regular,Yes,Bhubaneswar
17447,Female,18-25,Regular,No,Bengaluru
17448,Female,26-35,Regular,Yes,Bengaluru
17449,Male,18-25,Regular,No,Bengaluru
17450,Male,36-45,Regular,Yes,Ahmedabad
17451,Male,26-35,Regular,Yes,Chennai
17452,Male,46-60,Budget,Yes,Lucknow
17453,Female,36-45,Budget,No,Bhubaneswar
17454,Male,26-35,Regular,No,Jaipur
17455,Male,36-45,Budget,Yes,Bhubaneswar
17456,Female,60+,Business,Yes,Chennai
17457,Male,36-45,Regular,Yes,Surat
17458,Female,26-35,Regular,Yes,Bhubaneswar
17459,Female,46-60,Regular,Yes,Surat
17460,Female,26-35,Budget,No,Jaipur
17461,Male,36-45,Budget,No,Lucknow
17462,Male,26-35,Regular,No,Kochi
17463,Male,36-45,Premium,Yes,Jaipur
17464,Female,26-35,Regular,No,Pune
17465,Male,60+,Budget,Yes,Surat
17466,Female,36-45,Budget,Yes,Surat
17467,Female,46-60,Premium,No,Surat
17468,Male,46-60,Regular,Yes,Mumbai
17469,Male,26-35,Business,No,Lucknow
17470,Female,18-25,Budget,Yes,Surat
17471,Female,18-25,Premium,Yes,Kochi
17472,Female,26-35,Business,Yes,Ahmedabad
17473,Male,36-45,Budget,No,Mumbai
17474,Male,18-25,Budget,No,Indore
17475,Male,46-60,Regular,No,Indore
17476,Female,26-35,Premium,No,Pune
17477,Female,36-45,Budget,No,Chandigarh
17478,Male,18-25,Regular,No,Ahmedabad
17479,Male,26-35,Regular,Yes,Nagpur
17480,Male,36-45,Regular,Yes,Delhi
17481,Male,26-35,Budget,Yes,Kochi
17482,Male,46-60,Budget,No,Pune
17483,Male,18-25,Regular,No,Mumbai
17484,Female,46-60,Budget,No,Jaipur
17485,Male,26-35,Business,No,Bengaluru
17486,Female,18-25,Regular,Yes,Bhubaneswar
17487,Male,60+,Regular,Yes,Bengaluru
17488,Female,26-35,Business,No,Kochi
17489,Male,26-35,Regular,No,Bhubaneswar
17490,Female,36-45,Budget,No,Indore
17491,Male,46-60,Regular,No,Kochi
17492,Male,26-35,Regular,No,Jaipur
17493,Female,36-45,Budget,No,Kochi
17494,Male,36-45,Regular,Yes,Chandigarh
17495,Female,36-45,Regular,No,Lucknow
17496,Female,26-35,Premium,No,Indore
17497,Male,18-25,Regular,Yes,Kochi
17498,Male,36-45,Regular,Yes,Indore
17499,Female,18-25,Premium,No,Indore
17500,Female,26-35,Business,No,Delhi
17501,Female,36-45,Premium,No,Chandigarh
17502,Female,46-60,Business,No,Kochi
17503,Female,46-60,Regular,No,Chennai
17504,Female,26-35,Budget,Yes,Chandigarh
17505,Female,26-35,Business,No,Chennai
17506,Male,36-45,Business,No,Delhi
17507,Female,46-60,Regular,Yes,Nagpur
17508,Female,26-35,Regular,Yes,Lucknow
17509,Female,18-25,Regular,No,Chennai
17510,Male,18-25,Business,No,Bengaluru
17511,Female,26-35,Budget,No,Mumbai
17512,Male,46-60,Regular,No,Hyderabad
17513,Female,46-60,Regular,No,Pune
17514,Female,36-45,Premium,No,Pune
17515,Male,18-25,Budget,Yes,Bengaluru
17516,Male,26-35,Budget,No,Lucknow
17517,Female,26-35,Business,Yes,Lucknow
17518,Male,18-25,Budget,No,Mumbai
17519,Male,26-35,Budget,Yes,Indore
17520,Female,46-60,Regular,Yes,Jaipur
17521,Female,60+,Budget,No,Kochi
17522,Female,26-35,Business,Yes,Bengaluru
17523,Female,26-35,Regular,No,Jaipur
17524,Female,26-35,Regular,No,Mumbai
17525,Female,18-25,Budget,Yes,Pune
17526,Male,26-35,Budget,No,Nagpur
17527,Female,36-45,Regular,No,Delhi
17528,Male,18-25,Budget,No,Mumbai
17529,Male,18-25,Business,No,Pune
17530,Male,36-45,Regular,No,Pune
17531,Female,18-25,Regular,Yes,Mumbai
17532,Male,18-25,Budget,No,Kochi
17533,Female,46-60,Regular,Yes,Chandigarh
17534,Male,36-45,Regular,No,Surat
17535,Male,46-60,Regular,No,Bhubaneswar
17536,Male,46-60,Regular,No,Bengaluru
17537,Female,26-35,Budget,Yes,Jaipur
17538,Female,18-25,Regular,No,Jaipur
17539,Male,26-35,Regular,No,Ahmedabad
17540,Male,46-60,Budget,No,Surat
17541,Male,36-45,Budget,Yes,Pune
17542,Male,36-45,Regular,No,Indore
17543,Male,26-35,Premium,No,Indore
17544,Female,36-45,Budget,Yes,Surat
17545,Male,46-60,Regular,No,Nagpur
17546,Female,60+,Regular,Yes,Chennai
17547,Male,18-25,Regular,No,Chandigarh
17548,Male,36-45,Business,No,Nagpur
17549,Male,26-35,Budget,Yes,Indore
17550,Male,18-25,Regular,No,Chandigarh
17551,Male,26-35,Budget,Yes,Chennai
17552,Male,36-45,Budget,No,Nagpur
17553,Male,60+,Business,No,Bengaluru
17554,Male,26-35,Business,No,Chennai
17555,Female,26-35,Regular,No,Chandigarh
17556,Female,46-60,Regular,Yes,Chandigarh
17557,Female,26-35,Regular,Yes,Delhi
17558,Male,18-25,Business,No,Nagpur
17559,Female,26-35,Regular,No,Jaipur
17560,Female,36-45,Budget,Yes,Indore
17561,Female,18-25,Regular,Yes,Indore
17562,Male,46-60,Regular,Yes,Pune
17563,Female,60+,Business,No,Indore
17564,Female,36-45,Premium,No,Bhubaneswar
17565,Female,26-35,Regular,Yes,Chennai
17566,Female,18-25,Budget,Yes,Chandigarh
17567,Female,46-60,Business,Yes,Bhubaneswar
17568,Female,46-60,Budget,Yes,Pune
17569,Female,26-35,Business,No,Mumbai
17570,Male,26-35,Regular,Yes,Surat
17571,Female,26-35,Premium,No,Pune
17572,Male,18-25,Regular,Yes,Bengaluru
17573,Male,26-35,Premium,Yes,Indore
17574,Female,26-35,Premium,Yes,Bhubaneswar
17575,Male,36-45,Budget,No,Hyderabad
17576,Male,36-45,Premium,No,Hyderabad
17577,Female,26-35,Premium,No,Bhubaneswar
17578,Male,26-35,Budget,No,Nagpur
17579,Female,26-35,Budget,No,Ahmedabad
17580,Female,18-25,Regular,No,Bhubaneswar
17581,Male,26-35,Premium,Yes,Lucknow
17582,Female,18-25,Regular,No,Mumbai
17583,Female,18-25,Regular,Yes,Delhi
17584,Male,36-45,Budget,Yes,Chennai
17585,Male,46-60,Regular,Yes,Indore
17586,Male,46-60,Premium,Yes,Mumbai
17587,Female,36-45,Premium,Yes,Ahmedabad
17588,Male,18-25,Premium,No,Ahmedabad
17589,Male,46-60,Regular,Yes,Nagpur
17590,Male,18-25,Business,Yes,Nagpur
17591,Male,36-45,Budget,No,Bengaluru
17592,Female,18-25,Regular,No,Chennai
17593,Male,46-60,Budget,Yes,Pune
17594,Female,18-25,Budget,No,Bengaluru
17595,Female,60+,Regular,No,Kochi
17596,Male,46-60,Budget,No,Kochi
17597,Female,46-60,Regular,No,Hyderabad
17598,Male,36-45,Regular,Yes,Jaipur
17599,Female,18-25,Budget,Yes,Chennai
17600,Male,36-45,Budget,Yes,Delhi
17601,Female,18-25,Premium,Yes,Ahmedabad
17602,Female,26-35,Business,No,Chennai
17603,Male,36-45,Regular,No,Chennai
17604,Female,26-35,Regular,Yes,Chennai
17605,Male,46-60,Regular,No,Chandigarh
17606,Male,26-35,Regular,Yes,Pune
17607,Female,18-25,Budget,No,Nagpur
17608,Female,26-35,Regular,Yes,Bengaluru
17609,Female,46-60,Budget,No,Chennai
17610,Female,46-60,Premium,Yes,Surat
17611,Male,46-60,Budget,No,Nagpur
17612,Male,36-45,Regular,Yes,Lucknow
17613,Female,46-60,Premium,No,Mumbai
17614,Female,26-35,Budget,Yes,Jaipur
17615,Male,36-45,Regular,No,Mumbai
17616,Male,36-45,Budget,No,Hyderabad
17617,Male,36-45,Regular,Yes,Surat
17618,Male,36-45,Premium,No,Nagpur
17619,Female,26-35,Premium,No,Lucknow
17620,Female,36-45,Regular,No,Jaipur
17621,Male,46-60,Regular,No,Jaipur
17622,Male,26-35,Business,No,Indore
17623,Male,60+,Budget,No,Chennai
17624,Male,60+,Premium,No,Surat
17625,Female,36-45,Budget,No,Nagpur
17626,Male,46-60,Premium,No,Delhi
17627,Male,26-35,Premium,Yes,Surat
17628,Female,46-60,Premium,Yes,Ahmedabad
17629,Male,26-35,Regular,Yes,Bhubaneswar
17630,Male,36-45,Regular,Yes,Hyderabad
17631,Male,36-45,Regular,No,Bhubaneswar
17632,Female,26-35,Regular,No,Indore
17633,Female,36-45,Premium,No,Indore
17634,Female,26-35,Budget,Yes,Ahmedabad
17635,Male,26-35,Premium,No,Nagpur
17636,Male,46-60,Premium,Yes,Surat
17637,Female,18-25,Regular,Yes,Ahmedabad
17638,Female,46-60,Premium,Yes,Mumbai
17639,Male,18-25,Regular,No,Delhi
17640,Female,26-35,Premium,Yes,Bengaluru
17641,Male,26-35,Regular,No,Mumbai
17642,Male,36-45,Budget,Yes,Jaipur
17643,Female,36-45,Budget,Yes,Ahmedabad
17644,Male,46-60,Regular,Yes,Hyderabad
17645,Female,46-60,Regular,Yes,Pune
17646,Male,18-25,Business,No,Hyderabad
17647,Female,18-25,Regular,No,Bengaluru
17648,Male,46-60,Regular,Yes,Nagpur
17649,Female,36-45,Regular,No,Kochi
17650,Female,26-35,Budget,Yes,Kochi
17651,Male,18-25,Regular,Yes,Chennai
17652,Male,26-35,Premium,Yes,Chennai
17653,Female,26-35,Regular,Yes,Bengaluru
17654,Female,36-45,Regular,No,Lucknow
17655,Male,18-25,Regular,Yes,Surat
17656,Male,26-35,Regular,No,Jaipur
17657,Male,36-45,Budget,No,Nagpur
17658,Female,18-25,Budget,Yes,Pune
17659,Female,26-35,Budget,Yes,Lucknow
17660,Female,26-35,Premium,Yes,Nagpur
17661,Male,18-25,Premium,No,Hyderabad
17662,Female,36-45,Regular,No,Chandigarh
17663,Female,26-35,Premium,No,Mumbai
17664,Female,46-60,Regular,No,Indore
17665,Female,26-35,Regular,No,Jaipur
17666,Female,26-35,Budget,Yes,Surat
17667,Male,18-25,Premium,No,Chennai
17668,Female,26-35,Premium,No,Nagpur
17669,Female,60+,Regular,No,Hyderabad
17670,Male,36-45,Regular,No,Chandigarh
17671,Female,36-45,Regular,Yes,Surat
17672,Female,26-35,Regular,Yes,Jaipur
17673,Male,26-35,Premium,Yes,Chandigarh
17674,Male,36-45,Regular,Yes,Hyderabad
17675,Male,36-45,Budget,No,Delhi
17676,Male,26-35,Budget,Yes,Kochi
17677,Male,18-25,Regular,No,Pune
17678,Male,18-25,Regular,Yes,Surat
17679,Male,46-60,Budget,Yes,Jaipur
17680,Male,26-35,Regular,Yes,Delhi
17681,Male,26-35,Premium,No,Indore
17682,Female,18-25,Budget,No,Chandigarh
17683,Male,36-45,Regular,Yes,Mumbai
17684,Male,26-35,Budget,Yes,Ahmedabad
17685,Female,36-45,Budget,No,Mumbai
17686,Female,46-60,Regular,No,Chennai
17687,Male,46-60,Regular,No,Bhubaneswar
17688,Male,36-45,Premium,No,Chandigarh
17689,Male,26-35,Budget,No,Chandigarh
17690,Female,26-35,Budget,Yes,Bengaluru
17691,Female,18-25,Budget,No,Ahmedabad
17692,Male,46-60,Regular,No,Surat
17693,Female,36-45,Premium,No,Chennai
17694,Male,18-25,Budget,Yes,Mumbai
17695,Male,18-25,Budget,Yes,Delhi
17696,Male,46-60,Regular,No,Indore
17697,Male,18-25,Regular,Yes,Ahmedabad
17698,Female,18-25,Regular,No,Bengaluru
17699,Male,18-25,Premium,Yes,Chennai
17700,Male,46-60,Budget,Yes,Bhubaneswar
17701,Female,46-60,Budget,Yes,Chandigarh
17702,Male,18-25,Regular,Yes,Mumbai
17703,Female,18-25,Regular,No,Bengaluru
17704,Male,26-35,Regular,No,Pune
17705,Male,46-60,Regular,No,Ahmedabad
17706,Female,18-25,Budget,Yes,Pune
17707,Female,26-35,Premium,No,Surat
17708,Male,36-45,Regular,Yes,Pune
17709,Female,26-35,Regular,No,Lucknow
17710,Male,26-35,Regular,No,Lucknow
17711,Male,26-35,Budget,No,Jaipur
17712,Female,46-60,Regular,Yes,Lucknow
17713,Male,18-25,Budget,No,Hyderabad
17714,Female,36-45,Regular,No,Hyderabad
17715,Female,18-25,Budget,Yes,Ahmedabad
17716,Female,36-45,Regular,No,Bengaluru
17717,Female,46-60,Budget,No,Indore
17718,Male,46-60,Premium,Yes,Indore
17719,Female,60+,Regular,Yes,Pune
17720,Female,18-25,Regular,No,Pune
17721,Female,36-45,Regular,Yes,Kochi
17722,Female,36-45,Premium,Yes,Kochi
17723,Female,36-45,Regular,Yes,Kochi
17724,Male,26-35,Regular,Yes,Indore
17725,Female,36-45,Business,Yes,Jaipur
17726,Male,18-25,Regular,Yes,Bengaluru
17727,Female,36-45,Budget,No,Kochi
17728,Female,26-35,Premium,No,Mumbai
17729,Female,18-25,Budget,Yes,Kochi
17730,Male,46-60,Premium,No,Nagpur
17731,Male,60+,Budget,No,Chandigarh
17732,Female,36-45,Regular,Yes,Jaipur
17733,Male,46-60,Regular,Yes,Delhi
17734,Female,26-35,Regular,No,Nagpur
17735,Female,26-35,Regular,Yes,Nagpur
17736,Male,26-35,Regular,No,Lucknow
17737,Female,36-45,Regular,No,Surat
17738,Male,18-25,Regular,Yes,Chennai
17739,Male,18-25,Budget,No,Kochi
17740,Female,36-45,Regular,Yes,Delhi
17741,Female,36-45,Regular,Yes,Kochi
17742,Female,36-45,Regular,No,Indore
17743,Female,18-25,Regular,Yes,Hyderabad
17744,Male,36-45,Premium,No,Indore
17745,Female,26-35,Regular,Yes,Bhubaneswar
17746,Male,36-45,Regular,Yes,Ahmedabad
17747,Male,46-60,Budget,Yes,Lucknow
17748,Male,26-35,Premium,No,Ahmedabad
17749,Male,46-60,Regular,Yes,Jaipur
17750,Female,46-60,Budget,Yes,Bengaluru
17751,Male,36-45,Regular,Yes,Chandigarh
17752,Male,36-45,Budget,No,Chennai
17753,Female,18-25,Regular,No,Pune
17754,Female,18-25,Regular,Yes,Nagpur
17755,Male,26-35,Budget,No,Pune
17756,Male,18-25,Budget,Yes,Surat
17757,Female,46-60,Budget,Yes,Pune
17758,Male,36-45,Budget,No,Chennai
17759,Female,46-60,Regular,No,Jaipur
17760,Female,46-60,Budget,No,Surat
17761,Female,26-35,Budget,Yes,Hyderabad
17762,Female,36-45,Regular,No,Bengaluru
17763,Male,26-35,Premium,Yes,Hyderabad
17764,Female,26-35,Budget,No,Lucknow
17765,Male,18-25,Regular,No,Surat
17766,Female,36-45,Budget,Yes,Ahmedabad
17767,Male,36-45,Budget,Yes,Jaipur
17768,Male,36-45,Budget,Yes,Mumbai
17769,Male,36-45,Budget,No,Jaipur
17770,Male,36-45,Budget,Yes,Delhi
17771,Male,36-45,Budget,Yes,Hyderabad
17772,Male,46-60,Regular,No,Kochi
17773,Male,26-35,Premium,No,Hyderabad
17774,Male,18-25,Budget,No,Lucknow
17775,Male,46-60,Budget,Yes,Nagpur
17776,Male,60+,Premium,Yes,Lucknow
17777,Female,46-60,Budget,No,Chandigarh
17778,Male,36-45,Regular,Yes,Nagpur
17779,Male,26-35,Budget,Yes,Bengaluru
17780,Female,26-35,Premium,No,Hyderabad
17781,Female,26-35,Budget,Yes,Chennai
17782,Male,18-25,Premium,No,Kochi
17783,Male,18-25,Budget,Yes,Lucknow
17784,Male,26-35,Regular,No,Chandigarh
17785,Female,26-35,Regular,No,Chennai
17786,Male,26-35,Regular,Yes,Delhi
17787,Male,26-35,Regular,No,Nagpur
17788,Female,36-45,Premium,No,Chandigarh
17789,Female,26-35,Regular,No,Pune
17790,Female,18-25,Budget,Yes,Ahmedabad
17791,Male,46-60,Budget,No,Kochi
17792,Male,60+,Regular,No,Mumbai
17793,Female,46-60,Budget,No,Lucknow
17794,Male,60+,Premium,Yes,Jaipur
17795,Male,26-35,Premium,No,Lucknow
17796,Male,26-35,Business,No,Delhi
17797,Female,60+,Budget,Yes,Chandigarh
17798,Male,18-25,Regular,No,Indore
17799,Female,26-35,Regular,Yes,Jaipur
17800,Male,18-25,Regular,Yes,Surat
17801,Female,26-35,Regular,No,Lucknow
17802,Female,18-25,Regular,No,Mumbai
17803,Female,26-35,Premium,No,Hyderabad
17804,Female,26-35,Budget,No,Ahmedabad
17805,Female,18-25,Budget,No,Hyderabad
17806,Female,18-25,Budget,No,Chandigarh
17807,Male,18-25,Budget,No,Ahmedabad
17808,Male,18-25,Budget,No,Chandigarh
17809,Female,46-60,Premium,No,Indore
17810,Male,26-35,Business,Yes,Bhubaneswar
17811,Female,18-25,Regular,Yes,Surat
17812,Female,46-60,Budget,Yes,Chennai
17813,Female,26-35,Budget,No,Bengaluru
17814,Male,26-35,Budget,Yes,Nagpur
17815,Female,26-35,Regular,Yes,Nagpur
17816,Male,36-45,Regular,No,Indore
17817,Male,18-25,Business,No,Pune
17818,Male,18-25,Regular,No,Delhi
17819,Female,18-25,Regular,Yes,Mumbai
17820,Female,26-35,Premium,No,Mumbai
17821,Female,18-25,Budget,No,Lucknow
17822,Male,60+,Regular,No,Chandigarh
17823,Male,36-45,Regular,No,Jaipur
17824,Male,18-25,Budget,Yes,Hyderabad
17825,Female,36-45,Budget,No,Nagpur
17826,Female,26-35,Regular,No,Indore
17827,Female,26-35,Business,No,Indore
17828,Male,26-35,Budget,No,Ahmedabad
17829,Male,26-35,Budget,Yes,Ahmedabad
17830,Male,26-35,Budget,Yes,Chandigarh
17831,Male,26-35,Budget,Yes,Chandigarh
17832,Female,18-25,Budget,Yes,Mumbai
17833,Female,26-35,Regular,No,Mumbai
17834,Male,26-35,Regular,No,Lucknow
17835,Female,26-35,Regular,No,Nagpur
17836,Female,46-60,Budget,No,Surat
17837,Female,26-35,Regular,No,Pune
17838,Female,36-45,Business,No,Bhubaneswar
17839,Male,60+,Regular,No,Chennai
17840,Male,18-25,Budget,No,Delhi
17841,Female,46-60,Budget,No,Jaipur
17842,Male,46-60,Budget,Yes,Surat
17843,Female,46-60,Budget,Yes,Surat
17844,Male,26-35,Regular,Yes,Mumbai
17845,Female,46-60,Budget,Yes,Chandigarh
17846,Female,46-60,Regular,No,Hyderabad
17847,Male,36-45,Budget,Yes,Chandigarh
17848,Male,26-35,Regular,Yes,Surat
17849,Male,18-25,Budget,No,Hyderabad
17850,Male,46-60,Budget,No,Indore
17851,Female,46-60,Regular,No,Bengaluru
17852,Male,26-35,Regular,Yes,Nagpur
17853,Female,26-35,Budget,Yes,Indore
17854,Female,36-45,Budget,No,Delhi
17855,Female,46-60,Regular,No,Indore
17856,Female,26-35,Regular,No,Jaipur
17857,Male,18-25,Regular,No,Delhi
17858,Male,18-25,Business,Yes,Kochi
17859,Male,46-60,Budget,No,Chennai
17860,Female,36-45,Regular,No,Delhi
17861,Female,46-60,Budget,Yes,Hyderabad
17862,Male,18-25,Regular,Yes,Surat
17863,Male,26-35,Regular,Yes,Mumbai
17864,Female,36-45,Regular,Yes,Surat
17865,Female,26-35,Premium,Yes,Indore
17866,Female,26-35,Regular,Yes,Kochi
17867,Male,26-35,Regular,No,Lucknow
17868,Male,46-60,Premium,No,Delhi
17869,Male,36-45,Regular,No,Chandigarh
17870,Male,26-35,Budget,No,Bengaluru
17871,Male,46-60,Regular,No,Lucknow
17872,Male,26-35,Premium,No,Lucknow
17873,Female,26-35,Premium,No,Indore
17874,Female,36-45,Regular,Yes,Lucknow
17875,Female,26-35,Budget,No,Pune
17876,Male,26-35,Budget,Yes,Indore
17877,Female,18-25,Budget,No,Delhi
17878,Male,26-35,Budget,No,Chandigarh
17879,Male,46-60,Regular,Yes,Delhi
17880,Male,36-45,Business,No,Nagpur
17881,Male,26-35,Business,No,Bengaluru
17882,Male,26-35,Regular,No,Hyderabad
17883,Male,60+,Regular,Yes,Chennai
17884,Male,26-35,Budget,Yes,Mumbai
17885,Female,26-35,Premium,Yes,Hyderabad
17886,Female,26-35,Regular,Yes,Kochi
17887,Female,46-60,Budget,No,Lucknow
17888,Male,18-25,Budget,No,Bengaluru
17889,Female,26-35,Budget,Yes,Nagpur
17890,Female,26-35,Regular,Yes,Hyderabad
17891,Male,60+,Regular,No,Lucknow
17892,Female,26-35,Regular,Yes,Indore
17893,Male,36-45,Regular,Yes,Hyderabad
17894,Female,26-35,Budget,No,Hyderabad
17895,Female,18-25,Regular,No,Nagpur
17896,Female,26-35,Regular,No,Chandigarh
17897,Female,36-45,Budget,Yes,Lucknow
17898,Female,18-25,Regular,Yes,Delhi
17899,Female,46-60,Regular,Yes,Pune
17900,Female,26-35,Budget,No,Nagpur
17901,Female,26-35,Budget,Yes,Mumbai
17902,Male,26-35,Regular,Yes,Mumbai
17903,Female,46-60,Premium,No,Ahmedabad
17904,Male,18-25,Business,Yes,Nagpur
17905,Male,26-35,Regular,No,Pune
17906,Male,18-25,Premium,No,Mumbai
17907,Male,36-45,Regular,Yes,Bhubaneswar
17908,Female,36-45,Business,Yes,Pune
17909,Male,18-25,Premium,No,Bengaluru
17910,Female,26-35,Regular,No,Chennai
17911,Male,26-35,Regular,No,Indore
17912,Female,46-60,Regular,Yes,Chennai
17913,Male,26-35,Regular,Yes,Chennai
17914,Female,18-25,Budget,Yes,Hyderabad
17915,Female,36-45,Budget,Yes,Nagpur
17916,Female,46-60,Budget,No,Mumbai
17917,Female,26-35,Budget,No,Hyderabad
17918,Female,26-35,Regular,No,Delhi
17919,Male,26-35,Budget,Yes,Lucknow
17920,Male,36-45,Business,No,Jaipur
17921,Female,46-60,Budget,No,Chandigarh
17922,Male,46-60,Regular,No,Delhi
17923,Female,18-25,Budget,Yes,Hyderabad
17924,Male,36-45,Regular,No,Delhi
17925,Male,18-25,Premium,Yes,Indore
17926,Male,18-25,Business,No,Jaipur
17927,Female,26-35,Regular,No,Lucknow
17928,Female,60+,Regular,Yes,Surat
17929,Female,26-35,Regular,No,Hyderabad
17930,Male,46-60,Regular,No,Nagpur
17931,Female,36-45,Premium,Yes,Kochi
17932,Male,26-35,Premium,Yes,Nagpur
17933,Female,26-35,Premium,Yes,Chandigarh
17934,Female,26-35,Regular,Yes,Chandigarh
17935,Female,18-25,Budget,No,Chandigarh
17936,Female,60+,Premium,No,Mumbai
17937,Male,26-35,Budget,No,Pune
17938,Male,18-25,Regular,Yes,Kochi
17939,Male,36-45,Budget,Yes,Bhubaneswar
17940,Female,26-35,Regular,Yes,Lucknow
17941,Male,26-35,Regular,Yes,Bhubaneswar
17942,Male,46-60,Premium,No,Nagpur
17943,Female,36-45,Regular,Yes,Chandigarh
17944,Male,18-25,Budget,No,Bhubaneswar
17945,Male,26-35,Budget,Yes,Chennai
17946,Male,46-60,Budget,No,Ahmedabad
17947,Female,26-35,Regular,Yes,Indore
17948,Female,46-60,Budget,Yes,Hyderabad
17949,Male,46-60,Budget,Yes,Nagpur
17950,Female,46-60,Business,Yes,Lucknow
17951,Male,26-35,Regular,Yes,Lucknow
17952,Female,26-35,Premium,Yes,Nagpur
17953,Male,26-35,Budget,Yes,Chennai
17954,Female,18-25,Regular,No,Lucknow
17955,Female,26-35,Budget,No,Lucknow
17956,Male,46-60,Budget,No,Ahmedabad
17957,Male,46-60,Regular,No,Surat
17958,Male,36-45,Regular,No,Nagpur
17959,Female,26-35,Budget,No,Kochi
17960,Female,46-60,Regular,No,Kochi
17961,Female,26-35,Premium,Yes,Mumbai
17962,Male,26-35,Regular,Yes,Indore
17963,Male,26-35,Budget,No,Kochi
17964,Male,36-45,Business,Yes,Indore
17965,Male,18-25,Premium,No,Chandigarh
17966,Male,46-60,Premium,No,Bhubaneswar
17967,Male,36-45,Regular,Yes,Bhubaneswar
17968,Male,36-45,Regular,Yes,Surat
17969,Male,26-35,Regular,Yes,Nagpur
17970,Male,46-60,Budget,Yes,Chennai
17971,Female,18-25,Regular,Yes,Bengaluru
17972,Female,18-25,Budget,No,Surat
17973,Male,36-45,Premium,No,Pune
17974,Male,18-25,Budget,No,Nagpur
17975,Male,36-45,Regular,Yes,Indore
17976,Female,36-45,Regular,No,Nagpur
17977,Female,18-25,Business,No,Delhi
17978,Male,36-45,Regular,Yes,Ahmedabad
17979,Male,18-25,Budget,No,Indore
17980,Male,18-25,Premium,Yes,Nagpur
17981,Female,26-35,Regular,Yes,Surat
17982,Female,26-35,Budget,No,Nagpur
17983,Female,46-60,Budget,No,Ahmedabad
17984,Male,26-35,Regular,Yes,Kochi
17985,Female,60+,Budget,Yes,Jaipur
17986,Male,26-35,Premium,Yes,Bengaluru
17987,Male,26-35,Premium,No,Lucknow
17988,Female,18-25,Budget,No,Indore
17989,Male,26-35,Regular,Yes,Chandigarh
17990,Female,36-45,Budget,Yes,Chennai
17991,Female,36-45,Regular,Yes,Chennai
17992,Male,36-45,Regular,No,Indore
17993,Female,26-35,Budget,Yes,Kochi
17994,Male,26-35,Budget,Yes,Delhi
17995,Male,26-35,Budget,Yes,Pune
17996,Male,60+,Budget,No,Chennai
17997,Male,36-45,Regular,No,Lucknow
17998,Male,18-25,Budget,Yes,Indore
17999,Male,46-60,Budget,No,Delhi
18000,Male,26-35,Budget,Yes,Mumbai
18001,Male,46-60,Regular,Yes,Delhi
18002,Male,46-60,Regular,No,Lucknow
18003,Female,18-25,Premium,Yes,Pune
18004,Female,46-60,Budget,No,Nagpur
18005,Male,26-35,Regular,Yes,Ahmedabad
18006,Male,18-25,Regular,Yes,Delhi
18007,Female,46-60,Business,Yes,Jaipur
18008,Female,60+,Regular,Yes,Ahmedabad
18009,Female,46-60,Regular,No,Ahmedabad
18010,Male,36-45,Regular,Yes,Bhubaneswar
18011,Female,26-35,Regular,Yes,Pune
18012,Male,46-60,Business,Yes,Hyderabad
18013,Male,36-45,Regular,Yes,Lucknow
18014,Male,18-25,Premium,No,Kochi
18015,Male,26-35,Premium,No,Bhubaneswar
18016,Male,26-35,Budget,Yes,Bengaluru
18017,Female,36-45,Regular,Yes,Chandigarh
18018,Female,46-60,Budget,Yes,Mumbai
18019,Female,26-35,Premium,No,Kochi
18020,Female,26-35,Premium,No,Mumbai
18021,Female,36-45,Regular,No,Bhubaneswar
18022,Male,36-45,Regular,Yes,Bengaluru
18023,Male,36-45,Regular,No,Ahmedabad
18024,Female,36-45,Budget,No,Nagpur
18025,Female,26-35,Budget,Yes,Lucknow
18026,Male,60+,Budget,Yes,Mumbai
18027,Female,36-45,Regular,Yes,Chandigarh
18028,Female,46-60,Budget,No,Ahmedabad
18029,Female,46-60,Premium,No,Kochi
18030,Female,60+,Budget,Yes,Lucknow
18031,Female,36-45,Premium,No,Pune
18032,Female,18-25,Regular,Yes,Ahmedabad
18033,Female,60+,Budget,No,Chandigarh
18034,Male,18-25,Regular,Yes,Pune
18035,Male,36-45,Budget,Yes,Nagpur
18036,Male,60+,Premium,No,Hyderabad
18037,Male,26-35,Budget,No,Kochi
18038,Female,18-25,Regular,No,Hyderabad
18039,Female,46-60,Regular,No,Indore
18040,Male,18-25,Regular,No,Surat
18041,Male,46-60,Regular,Yes,Indore
18042,Female,26-35,Budget,No,Mumbai
18043,Female,18-25,Regular,Yes,Jaipur
18044,Female,36-45,Regular,No,Jaipur
18045,Male,36-45,Budget,No,Chennai
18046,Female,60+,Budget,No,Bhubaneswar
18047,Male,26-35,Budget,No,Chandigarh
18048,Female,26-35,Regular,Yes,Chennai
18049,Female,26-35,Budget,No,Chennai
18050,Male,60+,Business,Yes,Mumbai
18051,Female,36-45,Premium,Yes,Nagpur
18052,Female,36-45,Regular,No,Chennai
18053,Female,18-25,Regular,Yes,Nagpur
18054,Female,46-60,Premium,Yes,Nagpur
18055,Male,26-35,Business,No,Jaipur
18056,Male,26-35,Budget,No,Hyderabad
18057,Male,36-45,Budget,No,Surat
18058,Female,26-35,Budget,No,Kochi
18059,Female,18-25,Regular,No,Bhubaneswar
18060,Male,46-60,Regular,No,Chandigarh
18061,Male,18-25,Regular,No,Chennai
18062,Female,26-35,Regular,Yes,Surat
18063,Male,26-35,Regular,No,Indore
18064,Male,60+,Regular,Yes,Bhubaneswar
18065,Female,26-35,Business,No,Bengaluru
18066,Female,46-60,Premium,Yes,Nagpur
18067,Female,46-60,Regular,No,Mumbai
18068,Female,26-35,Budget,Yes,Chennai
18069,Male,26-35,Regular,No,Pune
18070,Male,26-35,Business,No,Bengaluru
18071,Male,36-45,Premium,Yes,Indore
18072,Male,18-25,Business,Yes,Lucknow
18073,Male,26-35,Regular,Yes,Indore
18074,Male,18-25,Budget,Yes,Hyderabad
18075,Female,46-60,Budget,No,Jaipur
18076,Female,46-60,Business,No,Indore
18077,Male,26-35,Regular,No,Chennai
18078,Female,26-35,Budget,Yes,Surat
18079,Male,26-35,Budget,No,Chennai
18080,Male,36-45,Business,Yes,Kochi
18081,Male,26-35,Premium,Yes,Delhi
18082,Female,26-35,Regular,Yes,Bhubaneswar
18083,Male,46-60,Regular,Yes,Bhubaneswar
18084,Female,46-60,Budget,No,Pune
18085,Female,26-35,Regular,No,Indore
18086,Female,46-60,Regular,Yes,Indore
18087,Male,26-35,Regular,Yes,Chandigarh
18088,Male,46-60,Budget,Yes,Nagpur
18089,Female,46-60,Regular,No,Mumbai
18090,Male,36-45,Business,No,Mumbai
18091,Male,36-45,Budget,No,Jaipur
18092,Male,18-25,Budget,No,Nagpur
18093,Male,46-60,Regular,Yes,Surat
18094,Male,26-35,Premium,No,Ahmedabad
18095,Female,18-25,Budget,Yes,Delhi
18096,Male,18-25,Budget,No,Lucknow
18097,Male,46-60,Business,No,Pune
18098,Male,18-25,Regular,No,Nagpur
18099,Female,26-35,Budget,Yes,Lucknow
18100,Male,26-35,Regular,No,Mumbai
18101,Female,36-45,Regular,No,Chennai
18102,Male,26-35,Regular,Yes,Chandigarh
18103,Male,26-35,Regular,Yes,Jaipur
18104,Female,26-35,Regular,No,Jaipur
18105,Female,36-45,Regular,Yes,Chandigarh
18106,Female,46-60,Budget,No,Bhubaneswar
18107,Male,46-60,Premium,No,Nagpur
18108,Female,46-60,Budget,Yes,Chandigarh
18109,Male,36-45,Business,Yes,Chandigarh
18110,Female,46-60,Budget,No,Kochi
18111,Male,18-25,Regular,Yes,Hyderabad
18112,Male,36-45,Regular,No,Lucknow
18113,Male,46-60,Regular,Yes,Chennai
18114,Female,26-35,Budget,Yes,Jaipur
18115,Female,26-35,Budget,No,Chennai
18116,Female,36-45,Regular,No,Jaipur
18117,Male,36-45,Business,No,Lucknow
18118,Male,26-35,Budget,No,Nagpur
18119,Male,36-45,Budget,No,Kochi
18120,Female,18-25,Regular,No,Mumbai
18121,Male,36-45,Business,No,Jaipur
18122,Female,26-35,Business,No,Chandigarh
18123,Male,26-35,Budget,No,Chennai
18124,Female,18-25,Premium,Yes,Pune
18125,Female,36-45,Business,Yes,Chennai
18126,Male,26-35,Regular,No,Mumbai
18127,Male,60+,Budget,Yes,Delhi
18128,Male,18-25,Regular,Yes,Kochi
18129,Male,36-45,Regular,No,Mumbai
18130,Male,18-25,Premium,Yes,Lucknow
18131,Female,26-35,Regular,Yes,Pune
18132,Male,46-60,Regular,No,Nagpur
18133,Female,18-25,Regular,No,Indore
18134,Female,18-25,Budget,No,Bhubaneswar
18135,Female,18-25,Budget,Yes,Jaipur
18136,Female,26-35,Regular,No,Hyderabad
18137,Male,36-45,Business,Yes,Bengaluru
18138,Male,26-35,Budget,No,Surat
18139,Female,60+,Regular,Yes,Hyderabad
18140,Female,36-45,Regular,Yes,Jaipur
18141,Male,26-35,Regular,Yes,Pune
18142,Male,46-60,Regular,No,Mumbai
18143,Female,46-60,Regular,No,Chennai
18144,Female,26-35,Budget,Yes,Hyderabad
18145,Female,26-35,Regular,Yes,Bengaluru
18146,Female,46-60,Regular,Yes,Bengaluru
18147,Male,46-60,Regular,No,Indore
18148,Female,36-45,Budget,No,Bengaluru
18149,Male,18-25,Business,No,Bhubaneswar
18150,Male,26-35,Regular,Yes,Chennai
18151,Male,36-45,Premium,No,Chennai
18152,Female,46-60,Budget,No,Bengaluru
18153,Male,26-35,Regular,No,Mumbai
18154,Female,36-45,Business,Yes,Kochi
18155,Female,26-35,Business,Yes,Bhubaneswar
18156,Male,26-35,Regular,Yes,Chennai
18157,Male,36-45,Budget,Yes,Delhi
18158,Male,18-25,Regular,No,Mumbai
18159,Male,36-45,Premium,Yes,Mumbai
18160,Male,18-25,Business,Yes,Bhubaneswar
18161,Male,26-35,Premium,No,Bengaluru
18162,Female,18-25,Budget,No,Bengaluru
18163,Male,26-35,Budget,No,Chandigarh
18164,Male,26-35,Regular,No,Hyderabad
18165,Male,18-25,Regular,Yes,Chennai
18166,Male,46-60,Premium,No,Hyderabad
18167,Female,46-60,Premium,No,Mumbai
18168,Female,26-35,Business,No,Surat
18169,Male,18-25,Regular,No,Pune
18170,Female,36-45,Budget,Yes,Ahmedabad
18171,Female,26-35,Premium,No,Chandigarh
18172,Male,46-60,Budget,Yes,Chennai
18173,Male,26-35,Regular,Yes,Chandigarh
18174,Female,60+,Business,No,Bhubaneswar
18175,Male,26-35,Regular,No,Chennai
18176,Female,18-25,Budget,Yes,Nagpur
18177,Male,36-45,Budget,No,Nagpur
18178,Female,46-60,Regular,No,Nagpur
18179,Female,36-45,Budget,No,Mumbai
18180,Female,26-35,Budget,No,Chandigarh
18181,Male,26-35,Budget,Yes,Kochi
18182,Male,36-45,Business,No,Nagpur
18183,Female,26-35,Regular,No,Mumbai
18184,Male,36-45,Business,No,Kochi
18185,Male,18-25,Premium,No,Pune
18186,Male,18-25,Premium,Yes,Bhubaneswar
18187,Male,26-35,Premium,Yes,Surat
18188,Female,18-25,Regular,No,Bhubaneswar
18189,Female,60+,Budget,Yes,Surat
18190,Female,18-25,Regular,No,Bengaluru
18191,Male,46-60,Premium,No,Chennai
18192,Male,36-45,Budget,No,Hyderabad
18193,Male,26-35,Budget,No,Hyderabad
18194,Female,46-60,Business,Yes,Mumbai
18195,Female,26-35,Regular,No,Nagpur
18196,Female,36-45,Business,Yes,Surat
18197,Female,36-45,Business,No,Lucknow
18198,Female,36-45,Regular,Yes,Surat
18199,Male,36-45,Budget,Yes,Delhi
18200,Male,36-45,Premium,No,Surat
18201,Male,26-35,Budget,No,Bhubaneswar
18202,Female,36-45,Regular,Yes,Pune
18203,Female,26-35,Regular,No,Nagpur
18204,Male,36-45,Budget,Yes,Delhi
18205,Male,26-35,Premium,No,Indore
18206,Female,36-45,Premium,Yes,Surat
18207,Male,18-25,Budget,No,Chandigarh
18208,Female,26-35,Regular,Yes,Delhi
18209,Male,26-35,Regular,No,Surat
18210,Male,26-35,Business,No,Bengaluru
18211,Female,18-25,Regular,No,Lucknow
18212,Female,46-60,Regular,No,Pune
18213,Male,36-45,Premium,Yes,Chandigarh
18214,Male,26-35,Budget,No,Nagpur
18215,Female,26-35,Budget,Yes,Delhi
18216,Male,26-35,Budget,No,Lucknow
18217,Male,18-25,Business,No,Bhubaneswar
18218,Male,18-25,Budget,No,Surat
18219,Female,46-60,Premium,No,Hyderabad
18220,Female,36-45,Budget,No,Lucknow
18221,Female,18-25,Premium,No,Delhi
18222,Female,26-35,Premium,Yes,Pune
18223,Female,46-60,Budget,Yes,Jaipur
18224,Female,26-35,Regular,No,Bengaluru
18225,Male,18-25,Regular,No,Pune
18226,Female,18-25,Budget,Yes,Ahmedabad
18227,Female,36-45,Regular,No,Bhubaneswar
18228,Male,26-35,Budget,No,Delhi
18229,Male,18-25,Regular,No,Indore
18230,Female,26-35,Regular,No,Pune
18231,Female,18-25,Regular,Yes,Chennai
18232,Female,36-45,Regular,No,Indore
18233,Female,26-35,Budget,No,Surat
18234,Female,36-45,Budget,No,Indore
18235,Female,18-25,Regular,Yes,Chennai
18236,Male,46-60,Budget,Yes,Bhubaneswar
18237,Female,26-35,Budget,No,Delhi
18238,Male,18-25,Budget,Yes,Jaipur
18239,Male,18-25,Budget,No,Bhubaneswar
18240,Male,26-35,Business,Yes,Surat
18241,Female,26-35,Regular,Yes,Bhubaneswar
18242,Female,46-60,Regular,Yes,Bhubaneswar
18243,Male,46-60,Budget,No,Mumbai
18244,Male,26-35,Premium,Yes,Hyderabad
18245,Female,36-45,Budget,No,Chandigarh
18246,Male,18-25,Budget,No,Jaipur
18247,Male,26-35,Regular,No,Ahmedabad
18248,Male,26-35,Budget,No,Chennai
18249,Female,26-35,Budget,Yes,Lucknow
18250,Male,26-35,Business,No,Chandigarh
18251,Male,36-45,Budget,No,Delhi
18252,Male,36-45,Budget,No,Indore
18253,Female,26-35,Regular,Yes,Delhi
18254,Female,36-45,Premium,No,Chennai
18255,Male,36-45,Premium,Yes,Ahmedabad
18256,Male,18-25,Budget,Yes,Delhi
18257,Male,60+,Regular,No,Jaipur
18258,Male,46-60,Regular,No,Chennai
18259,Female,46-60,Budget,No,Chandigarh
18260,Female,26-35,Premium,No,Hyderabad
18261,Female,46-60,Regular,No,Mumbai
18262,Female,18-25,Budget,Yes,Surat
18263,Female,46-60,Regular,No,Chennai
18264,Female,36-45,Budget,Yes,Pune
18265,Female,18-25,Premium,No,Ahmedabad
18266,Female,46-60,Budget,No,Chandigarh
18267,Male,18-25,Regular,Yes,Pune
18268,Male,26-35,Budget,No,Kochi
18269,Female,36-45,Regular,No,Bhubaneswar
18270,Female,26-35,Budget,No,Mumbai
18271,Female,36-45,Regular,No,Ahmedabad
18272,Male,46-60,Regular,Yes,Surat
18273,Female,18-25,Premium,No,Surat
18274,Female,46-60,Budget,No,Bengaluru
18275,Male,26-35,Regular,No,Bhubaneswar
18276,Male,26-35,Premium,No,Indore
18277,Male,26-35,Regular,Yes,Pune
18278,Female,26-35,Business,Yes,Bengaluru
18279,Female,26-35,Budget,Yes,Nagpur
18280,Female,46-60,Regular,No,Pune
18281,Male,46-60,Premium,No,Jaipur
18282,Male,18-25,Regular,No,Ahmedabad
18283,Male,18-25,Regular,Yes,Kochi
18284,Female,26-35,Premium,No,Hyderabad
18285,Male,26-35,Budget,Yes,Ahmedabad
18286,Male,26-35,Budget,Yes,Ahmedabad
18287,Female,18-25,Premium,No,Chennai
18288,Male,36-45,Regular,No,Chennai
18289,Female,60+,Budget,Yes,Pune
18290,Male,46-60,Business,Yes,Bengaluru
18291,Female,46-60,Regular,No,Nagpur
18292,Female,18-25,Regular,Yes,Surat
18293,Male,26-35,Budget,No,Lucknow
18294,Female,18-25,Regular,Yes,Mumbai
18295,Male,26-35,Budget,Yes,Ahmedabad
18296,Male,36-45,Budget,No,Pune
18297,Male,26-35,Regular,Yes,Delhi
18298,Female,26-35,Regular,Yes,Kochi
18299,Female,60+,Budget,Yes,Ahmedabad
18300,Female,46-60,Budget,No,Lucknow
18301,Female,46-60,Business,No,Kochi
18302,Female,26-35,Budget,Yes,Mumbai
18303,Female,36-45,Premium,No,Mumbai
18304,Female,46-60,Budget,Yes,Jaipur
18305,Male,26-35,Regular,No,Mumbai
18306,Female,36-45,Premium,No,Delhi
18307,Female,18-25,Budget,No,Bhubaneswar
18308,Female,36-45,Regular,Yes,Mumbai
18309,Male,26-35,Premium,No,Bhubaneswar
18310,Female,18-25,Regular,No,Ahmedabad
18311,Male,60+,Premium,Yes,Indore
18312,Female,26-35,Regular,Yes,Mumbai
18313,Male,46-60,Premium,No,Chennai
18314,Male,18-25,Regular,No,Bengaluru
18315,Male,26-35,Premium,Yes,Bengaluru
18316,Female,36-45,Budget,No,Bengaluru
18317,Male,36-45,Business,No,Chandigarh
18318,Male,26-35,Regular,Yes,Bhubaneswar
18319,Male,18-25,Regular,No,Delhi
18320,Female,26-35,Regular,No,Jaipur
18321,Female,26-35,Premium,Yes,Indore
18322,Male,36-45,Regular,No,Ahmedabad
18323,Female,26-35,Business,No,Delhi
18324,Male,46-60,Regular,Yes,Delhi
18325,Male,18-25,Budget,Yes,Hyderabad
18326,Male,36-45,Budget,Yes,Jaipur
18327,Male,46-60,Budget,No,Chandigarh
18328,Female,46-60,Budget,No,Chandigarh
18329,Female,36-45,Regular,Yes,Bhubaneswar
18330,Female,60+,Regular,Yes,Mumbai
18331,Male,36-45,Regular,No,Nagpur
18332,Male,18-25,Budget,Yes,Mumbai
18333,Female,26-35,Premium,Yes,Pune
18334,Male,26-35,Regular,Yes,Kochi
18335,Male,36-45,Budget,No,Bhubaneswar
18336,Female,18-25,Budget,Yes,Chandigarh
18337,Male,36-45,Regular,Yes,Jaipur
18338,Male,36-45,Budget,No,Delhi
18339,Male,26-35,Premium,Yes,Chandigarh
18340,Female,26-35,Budget,No,Pune
18341,Female,36-45,Regular,No,Hyderabad
18342,Male,18-25,Budget,Yes,Delhi
18343,Female,26-35,Business,No,Ahmedabad
18344,Female,18-25,Budget,Yes,Indore
18345,Male,26-35,Regular,Yes,Nagpur
18346,Female,26-35,Regular,No,Chennai
18347,Female,36-45,Budget,Yes,Ahmedabad
18348,Male,36-45,Regular,Yes,Nagpur
18349,Female,36-45,Budget,Yes,Ahmedabad
18350,Female,26-35,Regular,No,Bhubaneswar
18351,Male,36-45,Budget,Yes,Mumbai
18352,Male,26-35,Premium,No,Mumbai
18353,Male,18-25,Premium,No,Nagpur
18354,Male,36-45,Regular,Yes,Jaipur
18355,Female,36-45,Regular,Yes,Lucknow
18356,Male,26-35,Budget,No,Chennai
18357,Female,36-45,Budget,Yes,Chandigarh
18358,Female,46-60,Budget,Yes,Bengaluru
18359,Male,36-45,Budget,Yes,Kochi
18360,Male,26-35,Budget,No,Jaipur
18361,Male,26-35,Budget,No,Indore
18362,Male,26-35,Budget,No,Pune
18363,Female,26-35,Regular,No,Mumbai
18364,Female,18-25,Budget,Yes,Chennai
18365,Male,26-35,Regular,Yes,Lucknow
18366,Female,36-45,Budget,No,Indore
18367,Male,36-45,Regular,Yes,Jaipur
18368,Female,46-60,Budget,No,Indore
18369,Female,26-35,Business,No,Indore
18370,Female,18-25,Regular,No,Bengaluru
18371,Female,46-60,Regular,No,Bhubaneswar
18372,Female,18-25,Premium,No,Delhi
18373,Male,60+,Business,Yes,Lucknow
18374,Female,18-25,Budget,No,Indore
18375,Female,36-45,Regular,Yes,Jaipur
18376,Female,26-35,Business,Yes,Pune
18377,Male,36-45,Regular,No,Nagpur
18378,Male,26-35,Regular,No,Nagpur
18379,Male,18-25,Budget,Yes,Surat
18380,Female,26-35,Regular,Yes,Mumbai
18381,Female,60+,Regular,No,Surat
18382,Female,46-60,Regular,Yes,Ahmedabad
18383,Male,26-35,Regular,No,Lucknow
18384,Male,36-45,Business,Yes,Pune
18385,Male,36-45,Business,No,Bhubaneswar
18386,Male,18-25,Regular,No,Chennai
18387,Female,26-35,Budget,No,Jaipur
18388,Male,36-45,Regular,No,Chennai
18389,Female,36-45,Regular,Yes,Chennai
18390,Female,36-45,Regular,No,Chandigarh
18391,Female,36-45,Regular,No,Chandigarh
18392,Female,46-60,Budget,No,Jaipur
18393,Male,18-25,Regular,Yes,Chennai
18394,Male,60+,Premium,No,Bengaluru
18395,Male,26-35,Regular,No,Indore
18396,Female,18-25,Budget,Yes,Kochi
18397,Female,18-25,Regular,Yes,Bhubaneswar
18398,Male,36-45,Regular,No,Lucknow
18399,Female,26-35,Regular,Yes,Lucknow
18400,Male,18-25,Regular,No,Chandigarh
18401,Female,26-35,Budget,No,Mumbai
18402,Female,18-25,Premium,No,Lucknow
18403,Male,46-60,Regular,No,Chandigarh
18404,Male,36-45,Budget,Yes,Kochi
18405,Female,46-60,Premium,Yes,Jaipur
18406,Female,26-35,Premium,Yes,Nagpur
18407,Male,26-35,Budget,Yes,Surat
18408,Male,60+,Budget,Yes,Bhubaneswar
18409,Female,26-35,Regular,No,Jaipur
18410,Female,60+,Regular,No,Chennai
18411,Female,26-35,Regular,No,Bengaluru
18412,Male,26-35,Budget,No,Chandigarh
18413,Female,46-60,Regular,No,Ahmedabad
18414,Male,36-45,Business,No,Pune
18415,Male,36-45,Business,No,Bhubaneswar
18416,Female,26-35,Regular,No,Chandigarh
18417,Male,18-25,Budget,No,Chennai
18418,Male,36-45,Business,Yes,Lucknow
18419,Male,36-45,Regular,Yes,Chandigarh
18420,Female,26-35,Regular,No,Chandigarh
18421,Female,46-60,Regular,Yes,Ahmedabad
18422,Female,36-45,Budget,No,Jaipur
18423,Male,46-60,Business,No,Lucknow
18424,Female,26-35,Business,Yes,Lucknow
18425,Male,26-35,Premium,No,Kochi
18426,Female,46-60,Budget,No,Delhi
18427,Female,18-25,Regular,No,Hyderabad
18428,Male,46-60,Regular,No,Ahmedabad
18429,Male,46-60,Budget,No,Hyderabad
18430,Female,46-60,Budget,Yes,Hyderabad
18431,Female,46-60,Regular,Yes,Delhi
18432,Male,46-60,Budget,Yes,Delhi
18433,Male,46-60,Business,Yes,Jaipur
18434,Male,26-35,Budget,Yes,Pune
18435,Female,36-45,Regular,Yes,Ahmedabad
18436,Male,26-35,Budget,No,Chandigarh
18437,Female,26-35,Budget,Yes,Pune
18438,Male,26-35,Regular,Yes,Jaipur
18439,Male,18-25,Business,No,Delhi
18440,Male,36-45,Budget,No,Jaipur
18441,Female,36-45,Regular,No,Delhi
18442,Female,46-60,Regular,Yes,Hyderabad
18443,Male,26-35,Regular,Yes,Lucknow
18444,Female,26-35,Regular,No,Hyderabad
18445,Female,18-25,Business,Yes,Lucknow
18446,Female,26-35,Regular,Yes,Chandigarh
18447,Female,36-45,Regular,No,Pune
18448,Female,46-60,Regular,Yes,Mumbai
18449,Male,26-35,Premium,Yes,Surat
18450,Female,18-25,Budget,No,Chennai
18451,Female,18-25,Regular,Yes,Delhi
18452,Female,26-35,Regular,Yes,Chandigarh
18453,Female,26-35,Regular,No,Bengaluru
18454,Female,18-25,Regular,No,Bengaluru
18455,Male,18-25,Regular,No,Indore
18456,Female,26-35,Business,No,Surat
18457,Female,18-25,Business,Yes,Hyderabad
18458,Female,26-35,Premium,No,Indore
18459,Female,18-25,Regular,No,Jaipur
18460,Male,26-35,Budget,Yes,Bhubaneswar
18461,Female,18-25,Regular,No,Bengaluru
18462,Male,46-60,Budget,No,Indore
18463,Male,26-35,Budget,No,Surat
18464,Male,46-60,Premium,No,Chennai
18465,Male,26-35,Regular,Yes,Chandigarh
18466,Female,18-25,Business,Yes,Lucknow
18467,Female,36-45,Business,No,Lucknow
18468,Male,36-45,Budget,Yes,Nagpur
18469,Female,26-35,Budget,Yes,Nagpur
18470,Female,46-60,Budget,Yes,Jaipur
18471,Male,36-45,Regular,No,Bhubaneswar
18472,Female,18-25,Business,No,Jaipur
18473,Male,26-35,Regular,No,Jaipur
18474,Female,46-60,Budget,No,Hyderabad
18475,Male,18-25,Budget,Yes,Bhubaneswar
18476,Female,36-45,Regular,Yes,Bhubaneswar
18477,Male,46-60,Business,No,Indore
18478,Male,26-35,Business,No,Lucknow
18479,Female,26-35,Budget,Yes,Nagpur
18480,Male,18-25,Budget,No,Chennai
18481,Female,46-60,Regular,No,Hyderabad
18482,Female,18-25,Budget,Yes,Jaipur
18483,Female,26-35,Budget,No,Kochi
18484,Female,26-35,Regular,No,Delhi
18485,Male,18-25,Budget,No,Lucknow
18486,Female,36-45,Regular,Yes,Ahmedabad
18487,Female,46-60,Budget,No,Chennai
18488,Female,46-60,Budget,No,Bengaluru
18489,Male,26-35,Regular,No,Bhubaneswar
18490,Male,36-45,Regular,No,Hyderabad
18491,Male,36-45,Regular,Yes,Bhubaneswar
18492,Male,26-35,Regular,No,Chandigarh
18493,Female,26-35,Business,No,Nagpur
18494,Male,18-25,Regular,No,Lucknow
18495,Female,60+,Budget,Yes,Hyderabad
18496,Female,46-60,Budget,No,Chennai
18497,Male,46-60,Business,No,Delhi
18498,Female,26-35,Regular,No,Jaipur
18499,Male,36-45,Premium,No,Chennai
18500,Female,26-35,Regular,No,Lucknow
18501,Female,26-35,Premium,No,Mumbai
18502,Male,26-35,Regular,Yes,Ahmedabad
18503,Male,60+,Regular,Yes,Surat
18504,Female,36-45,Premium,No,Bhubaneswar
18505,Male,18-25,Regular,Yes,Chandigarh
18506,Male,26-35,Budget,No,Hyderabad
18507,Female,36-45,Business,No,Nagpur
18508,Female,26-35,Regular,No,Pune
18509,Male,18-25,Budget,Yes,Bengaluru
18510,Male,36-45,Regular,No,Mumbai
18511,Male,60+,Budget,Yes,Ahmedabad
18512,Female,18-25,Regular,No,Lucknow
18513,Female,18-25,Regular,Yes,Chandigarh
18514,Male,18-25,Budget,No,Bengaluru
18515,Male,46-60,Regular,Yes,Ahmedabad
18516,Female,26-35,Regular,Yes,Hyderabad
18517,Female,36-45,Regular,No,Bhubaneswar
18518,Female,26-35,Budget,No,Kochi
18519,Male,36-45,Premium,No,Indore
18520,Male,18-25,Premium,Yes,Lucknow
18521,Female,36-45,Premium,Yes,Nagpur
18522,Female,36-45,Regular,Yes,Pune
18523,Male,46-60,Budget,No,Lucknow
18524,Female,26-35,Regular,No,Bhubaneswar
18525,Female,46-60,Regular,No,Bengaluru
18526,Female,36-45,Budget,Yes,Mumbai
18527,Female,46-60,Budget,Yes,Lucknow
18528,Male,46-60,Budget,No,Lucknow
18529,Male,18-25,Regular,No,Indore
18530,Male,26-35,Budget,No,Delhi
18531,Female,36-45,Business,Yes,Surat
18532,Male,18-25,Regular,No,Bengaluru
18533,Female,36-45,Budget,No,Mumbai
18534,Female,26-35,Premium,Yes,Nagpur
18535,Female,18-25,Budget,Yes,Jaipur
18536,Male,36-45,Budget,No,Surat
18537,Male,18-25,Budget,No,Chennai
18538,Female,26-35,Budget,No,Delhi
18539,Male,36-45,Premium,Yes,Lucknow
18540,Male,46-60,Regular,No,Kochi
18541,Male,26-35,Budget,No,Chandigarh
18542,Male,18-25,Regular,No,Ahmedabad
18543,Male,26-35,Regular,Yes,Jaipur
18544,Female,26-35,Business,No,Chennai
18545,Female,18-25,Regular,Yes,Mumbai
18546,Male,36-45,Budget,Yes,Bengaluru
18547,Female,36-45,Regular,No,Hyderabad
18548,Female,46-60,Budget,Yes,Chennai
18549,Male,26-35,Regular,No,Jaipur
18550,Female,46-60,Regular,Yes,Bengaluru
18551,Female,26-35,Budget,No,Indore
18552,Female,26-35,Business,Yes,Hyderabad
18553,Male,26-35,Budget,No,Chandigarh
18554,Male,46-60,Budget,Yes,Kochi
18555,Male,26-35,Budget,No,Pune
18556,Male,18-25,Regular,No,Bengaluru
18557,Male,26-35,Budget,Yes,Bengaluru
18558,Female,26-35,Regular,No,Surat
18559,Female,18-25,Business,Yes,Delhi
18560,Female,26-35,Regular,Yes,Chandigarh
18561,Male,26-35,Regular,Yes,Indore
18562,Female,36-45,Business,No,Chandigarh
18563,Male,46-60,Business,Yes,Mumbai
18564,Female,26-35,Budget,Yes,Delhi
18565,Female,46-60,Regular,Yes,Bengaluru
18566,Male,26-35,Business,No,Ahmedabad
18567,Female,36-45,Premium,No,Ahmedabad
18568,Male,36-45,Budget,No,Pune
18569,Male,36-45,Regular,Yes,Lucknow
18570,Male,18-25,Budget,Yes,Mumbai
18571,Female,26-35,Regular,Yes,Delhi
18572,Male,26-35,Budget,Yes,Ahmedabad
18573,Female,46-60,Regular,Yes,Ahmedabad
18574,Female,18-25,Budget,Yes,Jaipur
18575,Female,18-25,Budget,Yes,Chandigarh
18576,Male,46-60,Premium,No,Ahmedabad
18577,Male,46-60,Budget,Yes,Jaipur
18578,Female,46-60,Premium,Yes,Indore
18579,Female,26-35,Business,Yes,Ahmedabad
18580,Female,36-45,Regular,No,Chennai
18581,Male,46-60,Budget,No,Delhi
18582,Female,26-35,Regular,Yes,Jaipur
18583,Male,36-45,Regular,Yes,Delhi
18584,Male,46-60,Budget,Yes,Kochi
18585,Male,36-45,Budget,No,Hyderabad
18586,Female,26-35,Regular,Yes,Kochi
18587,Female,26-35,Budget,Yes,Hyderabad
18588,Male,60+,Budget,Yes,Lucknow
18589,Male,26-35,Regular,No,Ahmedabad
18590,Female,46-60,Business,No,Delhi
18591,Male,26-35,Budget,No,Kochi
18592,Male,46-60,Budget,Yes,Lucknow
18593,Male,46-60,Regular,No,Mumbai
18594,Male,26-35,Budget,No,Chennai
18595,Female,26-35,Regular,No,Kochi
18596,Male,36-45,Budget,No,Kochi
18597,Female,46-60,Budget,Yes,Kochi
18598,Female,18-25,Regular,Yes,Surat
18599,Male,26-35,Regular,Yes,Delhi
18600,Female,26-35,Budget,Yes,Indore
18601,Male,46-60,Business,Yes,Pune
18602,Female,18-25,Budget,No,Pune
18603,Male,36-45,Regular,Yes,Indore
18604,Female,18-25,Budget,No,Nagpur
18605,Male,36-45,Regular,No,Delhi
18606,Male,46-60,Budget,Yes,Nagpur
18607,Male,26-35,Regular,Yes,Nagpur
18608,Female,18-25,Business,Yes,Chandigarh
18609,Female,26-35,Budget,Yes,Indore
18610,Female,60+,Regular,No,Bhubaneswar
18611,Male,26-35,Premium,No,Indore
18612,Male,18-25,Regular,No,Bhubaneswar
18613,Female,18-25,Regular,No,Kochi
18614,Male,26-35,Budget,Yes,Surat
18615,Male,26-35,Regular,No,Chennai
18616,Female,18-25,Regular,Yes,Bengaluru
18617,Female,26-35,Regular,No,Indore
18618,Male,46-60,Regular,No,Mumbai
18619,Male,46-60,Premium,No,Bengaluru
18620,Female,46-60,Regular,Yes,Delhi
18621,Male,46-60,Regular,No,Mumbai
18622,Female,36-45,Regular,Yes,Lucknow
18623,Male,26-35,Budget,Yes,Hyderabad
18624,Female,26-35,Premium,No,Indore
18625,Male,36-45,Premium,Yes,Ahmedabad
18626,Female,46-60,Premium,Yes,Surat
18627,Female,46-60,Premium,Yes,Chandigarh
18628,Female,26-35,Regular,Yes,Lucknow
18629,Female,18-25,Regular,Yes,Bengaluru
18630,Male,26-35,Regular,No,Bhubaneswar
18631,Female,46-60,Premium,No,Nagpur
18632,Male,26-35,Budget,Yes,Ahmedabad
18633,Male,26-35,Business,No,Bengaluru
18634,Female,26-35,Budget,No,Hyderabad
18635,Female,36-45,Regular,Yes,Kochi
18636,Male,46-60,Premium,No,Pune
18637,Female,26-35,Budget,No,Indore
18638,Female,36-45,Regular,No,Indore
18639,Female,18-25,Budget,Yes,Jaipur
18640,Female,18-25,Regular,Yes,Delhi
18641,Female,18-25,Regular,Yes,Surat
18642,Female,46-60,Budget,No,Chandigarh
18643,Female,26-35,Regular,Yes,Jaipur
18644,Male,46-60,Budget,No,Ahmedabad
18645,Female,26-35,Regular,No,Mumbai
18646,Male,36-45,Business,Yes,Bhubaneswar
18647,Male,36-45,Budget,No,Ahmedabad
18648,Female,18-25,Budget,No,Bengaluru
18649,Male,18-25,Regular,Yes,Delhi
18650,Male,26-35,Premium,Yes,Bhubaneswar
18651,Female,36-45,Regular,No,Surat
18652,Female,18-25,Regular,Yes,Delhi
18653,Female,18-25,Regular,No,Kochi
18654,Male,18-25,Regular,No,Hyderabad
18655,Male,60+,Regular,Yes,Ahmedabad
18656,Female,26-35,Regular,No,Nagpur
18657,Male,26-35,Regular,No,Chennai
18658,Male,60+,Premium,Yes,Ahmedabad
18659,Female,46-60,Regular,Yes,Kochi
18660,Male,26-35,Regular,Yes,Bengaluru
18661,Female,26-35,Budget,No,Nagpur
18662,Male,18-25,Premium,Yes,Jaipur
18663,Male,36-45,Premium,No,Delhi
18664,Female,18-25,Regular,Yes,Ahmedabad
18665,Male,18-25,Budget,No,Bengaluru
18666,Male,36-45,Business,Yes,Indore
18667,Male,26-35,Regular,Yes,Nagpur
18668,Male,36-45,Regular,Yes,Bengaluru
18669,Male,18-25,Premium,Yes,Hyderabad
18670,Male,26-35,Budget,Yes,Chennai
18671,Female,46-60,Business,Yes,Nagpur
18672,Male,46-60,Regular,No,Surat
18673,Female,26-35,Budget,Yes,Mumbai
18674,Female,18-25,Regular,No,Bhubaneswar
18675,Female,36-45,Regular,Yes,Nagpur
18676,Male,36-45,Budget,No,Pune
18677,Male,26-35,Regular,Yes,Lucknow
18678,Male,26-35,Premium,No,Nagpur
18679,Male,18-25,Budget,No,Bengaluru
18680,Female,36-45,Budget,No,Kochi
18681,Female,18-25,Regular,No,Chandigarh
18682,Female,26-35,Regular,No,Lucknow
18683,Female,26-35,Business,No,Ahmedabad
18684,Female,26-35,Budget,Yes,Lucknow
18685,Male,26-35,Regular,Yes,Chandigarh
18686,Male,60+,Business,No,Chandigarh
18687,Male,18-25,Budget,No,Kochi
18688,Female,36-45,Premium,Yes,Pune
18689,Female,26-35,Regular,No,Jaipur
18690,Male,18-25,Budget,No,Surat
18691,Male,36-45,Regular,No,Nagpur
18692,Male,46-60,Regular,No,Chandigarh
18693,Male,18-25,Budget,No,Chennai
18694,Male,26-35,Premium,Yes,Indore
18695,Female,36-45,Budget,No,Delhi
18696,Male,60+,Regular,Yes,Bhubaneswar
18697,Female,36-45,Budget,Yes,Surat
18698,Female,26-35,Premium,No,Hyderabad
18699,Male,60+,Premium,Yes,Delhi
18700,Male,46-60,Premium,No,Mumbai
18701,Female,26-35,Regular,No,Surat
18702,Female,36-45,Regular,Yes,Mumbai
18703,Male,18-25,Budget,No,Jaipur
18704,Male,36-45,Budget,No,Mumbai
18705,Female,18-25,Regular,Yes,Jaipur
18706,Female,26-35,Budget,No,Bhubaneswar
18707,Male,18-25,Regular,Yes,Nagpur
18708,Female,18-25,Budget,Yes,Chandigarh
18709,Male,26-35,Budget,Yes,Jaipur
18710,Female,18-25,Budget,Yes,Jaipur
18711,Female,26-35,Regular,No,Bengaluru
18712,Male,36-45,Regular,Yes,Chandigarh
18713,Male,46-60,Budget,Yes,Lucknow
18714,Male,46-60,Regular,No,Hyderabad
18715,Female,36-45,Budget,No,Kochi
18716,Male,18-25,Regular,No,Indore
18717,Female,26-35,Budget,No,Chennai
18718,Male,18-25,Regular,No,Bhubaneswar
18719,Male,36-45,Budget,No,Kochi
18720,Male,26-35,Business,No,Jaipur
18721,Female,26-35,Regular,Yes,Bengaluru
18722,Male,46-60,Budget,No,Lucknow
18723,Male,26-35,Premium,No,Chandigarh
18724,Male,26-35,Business,No,Kochi
18725,Male,18-25,Budget,No,Lucknow
18726,Female,18-25,Budget,Yes,Surat
18727,Male,26-35,Budget,No,Kochi
18728,Male,26-35,Premium,Yes,Lucknow
18729,Male,26-35,Budget,No,Nagpur
18730,Female,46-60,Budget,Yes,Ahmedabad
18731,Male,36-45,Budget,Yes,Chandigarh
18732,Female,36-45,Regular,No,Bhubaneswar
18733,Male,46-60,Regular,Yes,Ahmedabad
18734,Male,46-60,Budget,No,Delhi
18735,Female,26-35,Budget,Yes,Jaipur
18736,Female,18-25,Regular,No,Mumbai
18737,Male,36-45,Regular,No,Jaipur
18738,Male,36-45,Premium,No,Mumbai
18739,Female,18-25,Regular,No,Mumbai
18740,Female,36-45,Budget,Yes,Surat
18741,Male,36-45,Regular,Yes,Delhi
18742,Female,18-25,Budget,No,Indore
18743,Female,46-60,Premium,No,Pune
18744,Male,36-45,Budget,No,Ahmedabad
18745,Male,36-45,Regular,Yes,Ahmedabad
18746,Male,26-35,Regular,No,Kochi
18747,Female,60+,Budget,No,Chennai
18748,Female,46-60,Budget,No,Bengaluru
18749,Male,26-35,Business,No,Ahmedabad
18750,Female,36-45,Regular,Yes,Pune
18751,Female,18-25,Business,Yes,Delhi
18752,Male,36-45,Budget,Yes,Pune
18753,Female,36-45,Premium,Yes,Bengaluru
18754,Female,18-25,Regular,No,Lucknow
18755,Male,26-35,Regular,Yes,Pune
18756,Male,46-60,Premium,Yes,Indore
18757,Female,18-25,Budget,No,Nagpur
18758,Male,36-45,Premium,Yes,Delhi
18759,Female,26-35,Business,Yes,Surat
18760,Male,18-25,Budget,No,Chennai
18761,Female,46-60,Budget,Yes,Bengaluru
18762,Female,36-45,Regular,No,Bengaluru
18763,Female,18-25,Regular,No,Mumbai
18764,Female,46-60,Business,No,Nagpur
18765,Male,26-35,Premium,No,Kochi
18766,Male,36-45,Regular,No,Chandigarh
18767,Male,18-25,Regular,No,Nagpur
18768,Female,46-60,Premium,No,Chandigarh
18769,Female,18-25,Premium,No,Surat
18770,Male,46-60,Budget,No,Nagpur
18771,Female,36-45,Regular,Yes,Pune
18772,Female,26-35,Budget,Yes,Chandigarh
18773,Female,26-35,Budget,No,Nagpur
18774,Female,18-25,Budget,No,Ahmedabad
18775,Female,18-25,Regular,No,Bengaluru
18776,Female,46-60,Premium,No,Ahmedabad
18777,Male,46-60,Regular,Yes,Pune
18778,Male,18-25,Budget,No,Mumbai
18779,Male,26-35,Regular,Yes,Nagpur
18780,Male,26-35,Regular,Yes,Chennai
18781,Male,26-35,Budget,No,Ahmedabad
18782,Male,26-35,Premium,No,Nagpur
18783,Male,26-35,Premium,Yes,Chennai
18784,Female,26-35,Budget,Yes,Hyderabad
18785,Female,18-25,Budget,Yes,Chandigarh
18786,Male,36-45,Budget,No,Ahmedabad
18787,Male,36-45,Regular,No,Indore
18788,Male,26-35,Regular,Yes,Kochi
18789,Male,60+,Budget,Yes,Hyderabad
18790,Female,36-45,Business,Yes,Bhubaneswar
18791,Male,26-35,Regular,Yes,Hyderabad
18792,Male,36-45,Regular,No,Hyderabad
18793,Male,36-45,Budget,Yes,Jaipur
18794,Male,26-35,Budget,Yes,Lucknow
18795,Female,18-25,Budget,Yes,Hyderabad
18796,Male,46-60,Premium,No,Indore
18797,Female,60+,Regular,No,Bengaluru
18798,Male,46-60,Budget,No,Pune
18799,Male,26-35,Business,Yes,Hyderabad
18800,Female,18-25,Regular,Yes,Lucknow
18801,Male,36-45,Budget,No,Bengaluru
18802,Male,26-35,Premium,No,Nagpur
18803,Male,46-60,Budget,Yes,Hyderabad
18804,Male,60+,Premium,Yes,Indore
18805,Female,26-35,Regular,No,Bhubaneswar
18806,Female,26-35,Budget,Yes,Bhubaneswar
18807,Female,46-60,Budget,No,Nagpur
18808,Male,18-25,Business,Yes,Bengaluru
18809,Male,46-60,Budget,No,Bhubaneswar
18810,Female,60+,Premium,Yes,Chandigarh
18811,Male,26-35,Budget,Yes,Lucknow
18812,Female,26-35,Budget,Yes,Mumbai
18813,Male,46-60,Regular,No,Mumbai
18814,Female,46-60,Budget,Yes,Pune
18815,Male,36-45,Budget,Yes,Chandigarh
18816,Female,26-35,Budget,No,Kochi
18817,Male,26-35,Budget,Yes,Ahmedabad
18818,Female,18-25,Premium,No,Hyderabad
18819,Male,18-25,Premium,Yes,Jaipur
18820,Female,26-35,Business,No,Jaipur
18821,Female,26-35,Budget,Yes,Jaipur
18822,Female,36-45,Budget,Yes,Bengaluru
18823,Female,60+,Budget,Yes,Kochi
18824,Female,26-35,Business,Yes,Lucknow
18825,Male,46-60,Budget,Yes,Mumbai
18826,Female,36-45,Budget,Yes,Delhi
18827,Female,36-45,Budget,Yes,Mumbai
18828,Male,18-25,Budget,No,Bhubaneswar
18829,Male,26-35,Regular,No,Nagpur
18830,Female,26-35,Regular,No,Delhi
18831,Male,36-45,Regular,Yes,Chandigarh
18832,Female,36-45,Regular,No,Mumbai
18833,Female,46-60,Budget,No,Pune
18834,Female,46-60,Regular,No,Jaipur
18835,Male,36-45,Business,No,Mumbai
18836,Male,26-35,Business,Yes,Mumbai
18837,Male,26-35,Budget,No,Ahmedabad
18838,Male,18-25,Regular,No,Nagpur
18839,Female,36-45,Regular,No,Delhi
18840,Female,36-45,Regular,Yes,Bhubaneswar
18841,Female,46-60,Regular,No,Chennai
18842,Female,26-35,Business,Yes,Chandigarh
18843,Male,46-60,Budget,Yes,Chennai
18844,Female,26-35,Budget,No,Ahmedabad
18845,Male,46-60,Budget,No,Indore
18846,Male,36-45,Regular,Yes,Kochi
18847,Female,18-25,Business,No,Surat
18848,Male,18-25,Regular,No,Pune
18849,Female,26-35,Regular,Yes,Kochi
18850,Female,18-25,Budget,Yes,Chandigarh
18851,Male,26-35,Budget,Yes,Pune
18852,Male,18-25,Business,No,Lucknow
18853,Male,46-60,Budget,Yes,Pune
18854,Male,36-45,Budget,Yes,Jaipur
18855,Female,36-45,Business,No,Bhubaneswar
18856,Male,18-25,Budget,No,Nagpur
18857,Female,18-25,Business,Yes,Mumbai
18858,Female,18-25,Business,No,Kochi
18859,Male,26-35,Premium,Yes,Jaipur
18860,Female,46-60,Regular,No,Chandigarh
18861,Female,26-35,Budget,Yes,Delhi
18862,Male,26-35,Regular,Yes,Mumbai
18863,Male,36-45,Budget,Yes,Jaipur
18864,Female,46-60,Regular,No,Surat
18865,Female,46-60,Premium,No,Jaipur
18866,Male,26-35,Budget,No,Jaipur
18867,Female,36-45,Regular,No,Kochi
18868,Female,36-45,Budget,Yes,Ahmedabad
18869,Male,26-35,Business,No,Chandigarh
18870,Female,18-25,Budget,No,Chandigarh
18871,Female,36-45,Regular,No,Hyderabad
18872,Male,36-45,Budget,Yes,Jaipur
18873,Female,18-25,Regular,No,Lucknow
18874,Female,46-60,Budget,No,Chandigarh
18875,Female,26-35,Business,No,Ahmedabad
18876,Male,18-25,Budget,Yes,Chennai
18877,Female,26-35,Regular,No,Pune
18878,Male,26-35,Regular,No,Lucknow
18879,Female,26-35,Budget,Yes,Ahmedabad
18880,Male,18-25,Regular,No,Bengaluru
18881,Male,46-60,Budget,No,Hyderabad
18882,Male,36-45,Budget,No,Surat
18883,Female,60+,Budget,No,Mumbai
18884,Female,18-25,Budget,Yes,Hyderabad
18885,Female,18-25,Budget,Yes,Chandigarh
18886,Male,18-25,Budget,No,Delhi
18887,Male,26-35,Business,No,Chandigarh
18888,Male,36-45,Budget,Yes,Surat
18889,Male,26-35,Budget,No,Lucknow
18890,Female,26-35,Budget,Yes,Mumbai
18891,Female,18-25,Budget,No,Mumbai
18892,Male,18-25,Regular,No,Bengaluru
18893,Male,36-45,Budget,No,Pune
18894,Female,26-35,Regular,No,Surat
18895,Female,18-25,Regular,Yes,Jaipur
18896,Male,18-25,Regular,No,Mumbai
18897,Female,46-60,Regular,No,Jaipur
18898,Female,26-35,Budget,No,Kochi
18899,Female,26-35,Premium,Yes,Surat
18900,Male,36-45,Regular,No,Ahmedabad
18901,Female,26-35,Regular,Yes,Nagpur
18902,Male,26-35,Budget,Yes,Indore
18903,Female,26-35,Regular,Yes,Delhi
18904,Male,18-25,Premium,Yes,Delhi
18905,Male,36-45,Premium,No,Lucknow
18906,Male,36-45,Budget,No,Bengaluru
18907,Male,36-45,Regular,Yes,Jaipur
18908,Male,26-35,Budget,No,Kochi
18909,Male,26-35,Regular,Yes,Surat
18910,Female,36-45,Business,Yes,Mumbai
18911,Male,36-45,Budget,No,Nagpur
18912,Female,26-35,Regular,No,Nagpur
18913,Female,46-60,Budget,No,Delhi
18914,Female,26-35,Premium,Yes,Jaipur
18915,Male,26-35,Regular,Yes,Surat
18916,Female,36-45,Budget,Yes,Bhubaneswar
18917,Male,26-35,Budget,No,Chennai
18918,Female,18-25,Regular,No,Mumbai
18919,Female,26-35,Regular,No,Pune
18920,Female,18-25,Budget,No,Mumbai
18921,Female,36-45,Budget,No,Indore
18922,Male,36-45,Regular,No,Mumbai
18923,Female,18-25,Business,No,Surat
18924,Male,60+,Regular,Yes,Chennai
18925,Male,26-35,Budget,No,Pune
18926,Female,60+,Regular,No,Chennai
18927,Female,18-25,Regular,Yes,Chandigarh
18928,Female,46-60,Business,No,Pune
18929,Female,18-25,Budget,Yes,Hyderabad
18930,Female,46-60,Regular,Yes,Bhubaneswar
18931,Female,36-45,Business,No,Mumbai
18932,Female,36-45,Budget,Yes,Chennai
18933,Male,18-25,Budget,No,Hyderabad
18934,Female,26-35,Regular,Yes,Chennai
18935,Male,36-45,Regular,No,Hyderabad
18936,Male,18-25,Business,No,Lucknow
18937,Female,18-25,Budget,No,Chandigarh
18938,Female,18-25,Regular,Yes,Kochi
18939,Female,46-60,Business,Yes,Jaipur
18940,Male,60+,Regular,No,Indore
18941,Female,36-45,Budget,No,Bhubaneswar
18942,Female,18-25,Budget,No,Pune
18943,Male,26-35,Regular,Yes,Pune
18944,Female,46-60,Business,No,Chandigarh
18945,Female,46-60,Budget,Yes,Ahmedabad
18946,Male,26-35,Regular,No,Mumbai
18947,Female,26-35,Budget,No,Pune
18948,Female,26-35,Regular,Yes,Kochi
18949,Female,36-45,Budget,No,Kochi
18950,Male,18-25,Regular,No,Jaipur
18951,Female,36-45,Premium,No,Chandigarh
18952,Male,26-35,Regular,Yes,Jaipur
18953,Male,36-45,Budget,No,Bengaluru
18954,Female,26-35,Business,No,Kochi
18955,Female,18-25,Business,Yes,Chandigarh
18956,Male,26-35,Budget,No,Hyderabad
18957,Female,36-45,Premium,No,Bengaluru
18958,Female,36-45,Regular,Yes,Jaipur
18959,Male,26-35,Budget,Yes,Ahmedabad
18960,Male,36-45,Budget,Yes,Bengaluru
18961,Male,18-25,Regular,No,Kochi
18962,Female,26-35,Regular,Yes,Kochi
18963,Female,18-25,Business,Yes,Delhi
18964,Male,26-35,Regular,Yes,Lucknow
18965,Male,26-35,Regular,Yes,Ahmedabad
18966,Female,36-45,Regular,No,Delhi
18967,Male,36-45,Business,No,Lucknow
18968,Male,26-35,Premium,No,Jaipur
18969,Female,26-35,Regular,Yes,Pune
18970,Male,26-35,Regular,Yes,Indore
18971,Female,60+,Budget,Yes,Delhi
18972,Male,26-35,Regular,Yes,Bengaluru
18973,Female,60+,Regular,No,Surat
18974,Male,46-60,Premium,Yes,Delhi
18975,Female,26-35,Regular,No,Delhi
18976,Female,26-35,Regular,Yes,Kochi
18977,Female,60+,Premium,Yes,Jaipur
18978,Female,18-25,Regular,No,Nagpur
18979,Female,26-35,Regular,No,Kochi
18980,Female,36-45,Budget,No,Bengaluru
18981,Male,18-25,Regular,Yes,Surat
18982,Female,26-35,Premium,Yes,Surat
18983,Male,26-35,Budget,No,Chennai
18984,Male,26-35,Budget,Yes,Chandigarh
18985,Male,18-25,Budget,Yes,Ahmedabad
18986,Male,26-35,Regular,No,Bengaluru
18987,Female,26-35,Budget,No,Chennai
18988,Female,46-60,Regular,Yes,Surat
18989,Male,36-45,Budget,Yes,Surat
18990,Female,36-45,Regular,No,Ahmedabad
18991,Male,18-25,Budget,Yes,Bengaluru
18992,Male,26-35,Regular,Yes,Nagpur
18993,Male,18-25,Budget,Yes,Bhubaneswar
18994,Male,46-60,Budget,Yes,Delhi
18995,Female,26-35,Regular,Yes,Jaipur
18996,Female,18-25,Regular,Yes,Kochi
18997,Female,46-60,Budget,No,Lucknow
18998,Female,46-60,Premium,No,Bhubaneswar
18999,Female,26-35,Business,Yes,Mumbai
19000,Male,18-25,Regular,Yes,Bengaluru
19001,Female,46-60,Budget,No,Kochi
19002,Male,26-35,Regular,No,Mumbai
19003,Male,36-45,Regular,Yes,Bengaluru
19004,Female,26-35,Budget,No,Indore
19005,Male,36-45,Regular,Yes,Chandigarh
19006,Female,18-25,Premium,Yes,Chandigarh
19007,Female,26-35,Budget,No,Kochi
19008,Male,18-25,Budget,No,Hyderabad
19009,Female,46-60,Budget,No,Delhi
19010,Female,18-25,Regular,No,Chandigarh
19011,Female,18-25,Regular,No,Nagpur
19012,Female,26-35,Budget,No,Mumbai
19013,Female,26-35,Budget,No,Ahmedabad
19014,Female,46-60,Regular,No,Lucknow
19015,Female,18-25,Regular,No,Mumbai
19016,Male,36-45,Regular,Yes,Hyderabad
19017,Male,60+,Premium,No,Nagpur
19018,Female,26-35,Regular,Yes,Bengaluru
19019,Male,46-60,Regular,No,Bengaluru
19020,Male,18-25,Budget,No,Bengaluru
19021,Female,46-60,Budget,No,Kochi
19022,Female,26-35,Regular,No,Delhi
19023,Male,26-35,Budget,Yes,Bhubaneswar
19024,Male,46-60,Budget,Yes,Surat
19025,Male,18-25,Regular,Yes,Ahmedabad
19026,Male,18-25,Regular,Yes,Indore
19027,Female,36-45,Budget,Yes,Ahmedabad
19028,Male,46-60,Budget,Yes,Nagpur
19029,Male,26-35,Regular,No,Kochi
19030,Female,26-35,Business,Yes,Bhubaneswar
19031,Male,26-35,Regular,No,Lucknow
19032,Male,26-35,Regular,Yes,Kochi
19033,Female,36-45,Regular,Yes,Indore
19034,Female,26-35,Premium,Yes,Chennai
19035,Male,60+,Regular,No,Indore
19036,Male,46-60,Regular,No,Ahmedabad
19037,Female,26-35,Regular,No,Delhi
19038,Male,26-35,Budget,Yes,Kochi
19039,Male,26-35,Regular,No,Pune
19040,Male,46-60,Budget,Yes,Chandigarh
19041,Male,46-60,Premium,Yes,Hyderabad
19042,Male,18-25,Premium,Yes,Chandigarh
19043,Male,26-35,Regular,No,Bhubaneswar
19044,Female,26-35,Budget,No,Pune
19045,Female,36-45,Budget,No,Jaipur
19046,Female,18-25,Budget,Yes,Bengaluru
19047,Female,36-45,Regular,No,Ahmedabad
19048,Female,46-60,Budget,Yes,Hyderabad
19049,Male,46-60,Premium,Yes,Jaipur
19050,Female,26-35,Budget,No,Jaipur
19051,Female,36-45,Budget,No,Jaipur
19052,Male,36-45,Budget,No,Surat
19053,Male,36-45,Regular,Yes,Bengaluru
19054,Male,26-35,Budget,Yes,Surat
19055,Male,26-35,Business,No,Chennai
19056,Male,26-35,Budget,No,Nagpur
19057,Female,46-60,Regular,Yes,Indore
19058,Male,46-60,Budget,Yes,Pune
19059,Male,46-60,Premium,No,Lucknow
19060,Male,46-60,Premium,No,Lucknow
19061,Male,46-60,Premium,No,Jaipur
19062,Male,46-60,Budget,No,Kochi
19063,Male,26-35,Budget,No,Bengaluru
19064,Female,26-35,Regular,Yes,Surat
19065,Female,46-60,Budget,Yes,Kochi
19066,Female,26-35,Budget,No,Indore
19067,Female,36-45,Business,No,Chennai
19068,Male,26-35,Regular,No,Kochi
19069,Male,18-25,Regular,Yes,Surat
19070,Female,18-25,Budget,Yes,Chennai
19071,Male,46-60,Budget,Yes,Jaipur
19072,Male,26-35,Budget,Yes,Indore
19073,Female,26-35,Regular,Yes,Hyderabad
19074,Female,36-45,Budget,Yes,Pune
19075,Female,26-35,Budget,No,Indore
19076,Male,36-45,Business,Yes,Indore
19077,Female,18-25,Regular,Yes,Kochi
19078,Female,26-35,Budget,No,Indore
19079,Male,46-60,Budget,No,Hyderabad
19080,Male,26-35,Budget,No,Chandigarh
19081,Female,18-25,Budget,Yes,Delhi
19082,Male,36-45,Regular,Yes,Surat
19083,Male,26-35,Regular,Yes,Bhubaneswar
19084,Female,46-60,Regular,No,Kochi
19085,Female,18-25,Budget,Yes,Chennai
19086,Female,46-60,Budget,Yes,Chennai
19087,Male,26-35,Regular,No,Surat
19088,Male,46-60,Regular,Yes,Indore
19089,Female,26-35,Budget,No,Pune
19090,Male,60+,Regular,Yes,Delhi
19091,Female,18-25,Regular,No,Lucknow
19092,Female,26-35,Budget,No,Hyderabad
19093,Female,46-60,Regular,No,Nagpur
19094,Female,26-35,Premium,No,Chandigarh
19095,Male,36-45,Budget,Yes,Nagpur
19096,Female,26-35,Business,Yes,Surat
19097,Male,36-45,Premium,No,Mumbai
19098,Male,36-45,Regular,Yes,Bhubaneswar
19099,Male,26-35,Budget,No,Chennai
19100,Female,26-35,Regular,Yes,Ahmedabad
19101,Female,36-45,Regular,No,Indore
19102,Female,36-45,Budget,No,Indore
19103,Male,46-60,Regular,No,Hyderabad
19104,Female,18-25,Business,Yes,Nagpur
19105,Male,26-35,Budget,No,Nagpur
19106,Male,46-60,Premium,No,Ahmedabad
19107,Male,26-35,Budget,No,Lucknow
19108,Female,18-25,Budget,No,Bhubaneswar
19109,Male,18-25,Budget,No,Chandigarh
19110,Female,18-25,Regular,No,Chennai
19111,Male,36-45,Budget,No,Hyderabad
19112,Male,36-45,Regular,Yes,Lucknow
19113,Female,26-35,Budget,No,Bengaluru
19114,Male,46-60,Regular,No,Bengaluru
19115,Female,36-45,Budget,Yes,Mumbai
19116,Male,46-60,Budget,No,Lucknow
19117,Female,36-45,Budget,Yes,Delhi
19118,Male,26-35,Regular,No,Pune
19119,Female,36-45,Business,No,Chennai
19120,Male,26-35,Budget,No,Delhi
19121,Female,46-60,Budget,Yes,Delhi
19122,Male,26-35,Budget,Yes,Ahmedabad
19123,Male,26-35,Budget,No,Indore
19124,Female,36-45,Regular,No,Kochi
19125,Female,46-60,Budget,No,Ahmedabad
19126,Female,60+,Budget,No,Pune
19127,Female,36-45,Regular,No,Bhubaneswar
19128,Male,60+,Regular,No,Jaipur
19129,Female,18-25,Budget,No,Indore
19130,Male,46-60,Regular,Yes,Lucknow
19131,Male,46-60,Budget,No,Surat
19132,Female,18-25,Regular,No,Lucknow
19133,Female,46-60,Premium,Yes,Mumbai
19134,Male,26-35,Budget,No,Chandigarh
19135,Male,26-35,Business,No,Jaipur
19136,Female,18-25,Regular,No,Delhi
19137,Female,36-45,Regular,Yes,Delhi
19138,Male,18-25,Budget,No,Hyderabad
19139,Female,18-25,Business,No,Surat
19140,Female,26-35,Premium,No,Pune
19141,Male,26-35,Regular,Yes,Pune
19142,Male,36-45,Premium,No,Mumbai
19143,Female,46-60,Budget,Yes,Nagpur
19144,Male,18-25,Budget,No,Mumbai
19145,Female,36-45,Regular,No,Ahmedabad
19146,Female,36-45,Regular,No,Mumbai
19147,Female,36-45,Business,Yes,Mumbai
19148,Male,18-25,Budget,No,Nagpur
19149,Male,36-45,Budget,Yes,Bengaluru
19150,Female,18-25,Regular,No,Kochi
19151,Female,46-60,Regular,Yes,Surat
19152,Female,26-35,Business,No,Bhubaneswar
19153,Female,46-60,Regular,No,Chandigarh
19154,Female,36-45,Regular,Yes,Mumbai
19155,Male,46-60,Regular,No,Mumbai
19156,Female,36-45,Business,No,Nagpur
19157,Female,26-35,Premium,Yes,Hyderabad
19158,Male,18-25,Regular,No,Kochi
19159,Female,18-25,Budget,No,Nagpur
19160,Female,60+,Regular,Yes,Surat
19161,Male,36-45,Budget,No,Delhi
19162,Female,46-60,Business,No,Surat
19163,Female,26-35,Budget,Yes,Bhubaneswar
19164,Female,26-35,Business,Yes,Pune
19165,Male,18-25,Budget,No,Hyderabad
19166,Male,46-60,Budget,No,Pune
19167,Female,60+,Regular,No,Jaipur
19168,Female,36-45,Regular,No,Kochi
19169,Female,18-25,Business,Yes,Chennai
19170,Male,26-35,Regular,No,Pune
19171,Male,18-25,Business,No,Nagpur
19172,Female,36-45,Regular,Yes,Jaipur
19173,Female,18-25,Budget,Yes,Ahmedabad
19174,Male,46-60,Budget,Yes,Chandigarh
19175,Female,26-35,Regular,No,Indore
19176,Female,26-35,Regular,No,Ahmedabad
19177,Female,36-45,Premium,Yes,Ahmedabad
19178,Female,26-35,Budget,No,Nagpur
19179,Male,36-45,Regular,Yes,Surat
19180,Female,46-60,Regular,No,Mumbai
19181,Male,36-45,Regular,No,Chandigarh
19182,Female,60+,Regular,Yes,Indore
19183,Female,18-25,Business,No,Delhi
19184,Male,46-60,Budget,No,Lucknow
19185,Male,26-35,Regular,No,Jaipur
19186,Male,26-35,Premium,No,Mumbai
19187,Male,18-25,Regular,No,Chandigarh
19188,Male,60+,Budget,Yes,Bhubaneswar
19189,Male,36-45,Budget,No,Hyderabad
19190,Male,26-35,Regular,No,Jaipur
19191,Male,26-35,Regular,Yes,Chandigarh
19192,Male,36-45,Regular,Yes,Jaipur
19193,Male,26-35,Business,Yes,Hyderabad
19194,Female,46-60,Regular,Yes,Surat
19195,Male,18-25,Regular,Yes,Delhi
19196,Female,46-60,Business,No,Hyderabad
19197,Female,18-25,Budget,No,Bhubaneswar
19198,Male,36-45,Regular,No,Hyderabad
19199,Female,26-35,Premium,No,Pune
19200,Male,36-45,Budget,Yes,Jaipur
19201,Female,36-45,Budget,No,Bhubaneswar
19202,Female,26-35,Budget,No,Chandigarh
19203,Female,46-60,Premium,No,Bengaluru
19204,Female,18-25,Business,No,Ahmedabad
19205,Female,26-35,Budget,No,Bhubaneswar
19206,Male,36-45,Budget,No,Mumbai
19207,Male,26-35,Business,No,Jaipur
19208,Male,36-45,Budget,No,Surat
19209,Female,18-25,Budget,Yes,Nagpur
19210,Male,26-35,Regular,No,Lucknow
19211,Female,18-25,Regular,No,Indore
19212,Male,26-35,Regular,No,Ahmedabad
19213,Female,36-45,Regular,No,Lucknow
19214,Male,26-35,Premium,Yes,Kochi
19215,Male,36-45,Premium,No,Pune
19216,Male,18-25,Premium,No,Surat
19217,Male,26-35,Regular,Yes,Jaipur
19218,Male,26-35,Regular,Yes,Kochi
19219,Male,46-60,Premium,Yes,Hyderabad
19220,Male,18-25,Regular,No,Bhubaneswar
19221,Female,60+,Regular,No,Nagpur
19222,Female,46-60,Regular,No,Indore
19223,Male,26-35,Budget,No,Mumbai
19224,Female,26-35,Regular,Yes,Ahmedabad
19225,Male,26-35,Business,No,Indore
19226,Male,18-25,Regular,No,Surat
19227,Male,18-25,Regular,No,Lucknow
19228,Female,36-45,Budget,No,Surat
19229,Female,18-25,Budget,Yes,Chandigarh
19230,Male,26-35,Premium,Yes,Mumbai
19231,Female,60+,Regular,No,Lucknow
19232,Female,36-45,Budget,No,Delhi
19233,Female,46-60,Budget,No,Bengaluru
19234,Male,26-35,Budget,Yes,Bengaluru
19235,Male,36-45,Regular,Yes,Bhubaneswar
19236,Male,26-35,Budget,Yes,Hyderabad
19237,Male,26-35,Budget,Yes,Bhubaneswar
19238,Female,46-60,Premium,Yes,Jaipur
19239,Female,26-35,Budget,Yes,Nagpur
19240,Female,26-35,Regular,Yes,Chennai
19241,Female,18-25,Budget,Yes,Bhubaneswar
19242,Female,26-35,Business,Yes,Chandigarh
19243,Male,18-25,Premium,No,Nagpur
19244,Male,18-25,Regular,Yes,Ahmedabad
19245,Female,26-35,Budget,No,Ahmedabad
19246,Female,36-45,Budget,No,Hyderabad
19247,Female,18-25,Regular,Yes,Chandigarh
19248,Male,18-25,Premium,No,Bhubaneswar
19249,Male,26-35,Regular,No,Surat
19250,Female,46-60,Budget,No,Nagpur
19251,Female,36-45,Business,No,Mumbai
19252,Female,46-60,Budget,Yes,Kochi
19253,Female,46-60,Budget,Yes,Mumbai
19254,Male,60+,Budget,Yes,Hyderabad
19255,Female,36-45,Premium,No,Chandigarh
19256,Male,26-35,Budget,Yes,Mumbai
19257,Male,26-35,Budget,No,Nagpur
19258,Female,26-35,Regular,No,Nagpur
19259,Male,36-45,Regular,Yes,Nagpur
19260,Female,46-60,Regular,Yes,Bengaluru
19261,Male,26-35,Regular,Yes,Kochi
19262,Female,36-45,Budget,No,Jaipur
19263,Female,36-45,Regular,No,Ahmedabad
19264,Female,26-35,Business,Yes,Ahmedabad
19265,Female,26-35,Budget,Yes,Kochi
19266,Male,18-25,Regular,Yes,Nagpur
19267,Male,18-25,Premium,Yes,Jaipur
19268,Male,46-60,Regular,No,Mumbai
19269,Male,36-45,Regular,No,Hyderabad
19270,Female,26-35,Regular,Yes,Lucknow
19271,Male,36-45,Budget,No,Delhi
19272,Male,26-35,Business,Yes,Lucknow
19273,Female,18-25,Budget,Yes,Surat
19274,Female,26-35,Regular,Yes,Mumbai
19275,Male,36-45,Premium,Yes,Pune
19276,Female,46-60,Budget,No,Bhubaneswar
19277,Male,46-60,Budget,Yes,Jaipur
19278,Female,46-60,Regular,No,Kochi
19279,Male,46-60,Regular,No,Bengaluru
19280,Male,18-25,Premium,No,Delhi
19281,Female,26-35,Budget,No,Kochi
19282,Female,60+,Budget,No,Pune
19283,Male,36-45,Budget,No,Ahmedabad
19284,Female,26-35,Regular,No,Kochi
19285,Female,18-25,Regular,No,Nagpur
19286,Female,18-25,Regular,Yes,Indore
19287,Male,36-45,Budget,No,Chandigarh
19288,Female,46-60,Budget,Yes,Chandigarh
19289,Male,26-35,Regular,Yes,Nagpur
19290,Male,26-35,Regular,No,Bhubaneswar
19291,Female,26-35,Regular,Yes,Mumbai
19292,Female,18-25,Premium,No,Mumbai
19293,Female,36-45,Budget,No,Bengaluru
19294,Female,26-35,Budget,Yes,Jaipur
19295,Female,26-35,Budget,No,Delhi
19296,Female,18-25,Premium,Yes,Pune
19297,Female,60+,Regular,Yes,Kochi
19298,Male,36-45,Regular,Yes,Chennai
19299,Female,36-45,Premium,No,Jaipur
19300,Male,18-25,Regular,Yes,Kochi
19301,Male,36-45,Premium,No,Nagpur
19302,Female,46-60,Budget,No,Bengaluru
19303,Female,36-45,Budget,No,Lucknow
19304,Male,46-60,Budget,Yes,Nagpur
19305,Female,26-35,Budget,Yes,Surat
19306,Female,26-35,Business,Yes,Lucknow
19307,Female,36-45,Regular,Yes,Hyderabad
19308,Female,18-25,Regular,No,Hyderabad
19309,Female,46-60,Budget,No,Lucknow
19310,Female,36-45,Regular,Yes,Nagpur
19311,Female,18-25,Regular,No,Hyderabad
19312,Female,36-45,Regular,No,Hyderabad
19313,Female,26-35,Regular,No,Delhi
19314,Female,26-35,Business,No,Nagpur
19315,Female,26-35,Budget,No,Indore
19316,Male,26-35,Budget,Yes,Bengaluru
19317,Female,26-35,Regular,Yes,Mumbai
19318,Female,18-25,Budget,No,Surat
19319,Male,26-35,Budget,Yes,Lucknow
19320,Female,36-45,Premium,No,Ahmedabad
19321,Female,36-45,Budget,Yes,Kochi
19322,Female,18-25,Budget,Yes,Mumbai
19323,Male,18-25,Premium,No,Delhi
19324,Male,18-25,Budget,No,Bhubaneswar
19325,Female,26-35,Budget,No,Jaipur
19326,Female,36-45,Regular,No,Bengaluru
19327,Male,18-25,Budget,Yes,Lucknow
19328,Male,26-35,Premium,No,Nagpur
19329,Female,18-25,Regular,No,Pune
19330,Female,36-45,Regular,Yes,Delhi
19331,Female,18-25,Regular,Yes,Indore
19332,Male,46-60,Budget,Yes,Chandigarh
19333,Male,26-35,Budget,No,Jaipur
19334,Female,36-45,Budget,No,Indore
19335,Male,46-60,Regular,No,Surat
19336,Female,26-35,Business,No,Chandigarh
19337,Male,46-60,Business,No,Surat
19338,Male,26-35,Budget,No,Jaipur
19339,Female,26-35,Budget,Yes,Ahmedabad
19340,Male,26-35,Premium,No,Chandigarh
19341,Male,26-35,Budget,No,Ahmedabad
19342,Female,26-35,Budget,No,Jaipur
19343,Male,46-60,Business,No,Pune
19344,Female,26-35,Premium,Yes,Surat
19345,Male,46-60,Business,Yes,Mumbai
19346,Female,26-35,Premium,No,Jaipur
19347,Female,26-35,Budget,No,Indore
19348,Female,26-35,Regular,No,Mumbai
19349,Male,26-35,Regular,Yes,Indore
19350,Male,60+,Regular,No,Jaipur
19351,Female,36-45,Budget,Yes,Lucknow
19352,Female,46-60,Regular,Yes,Jaipur
19353,Female,36-45,Regular,Yes,Bhubaneswar
19354,Male,36-45,Regular,No,Indore
19355,Female,46-60,Regular,Yes,Chennai
19356,Male,60+,Budget,Yes,Chennai
19357,Male,26-35,Budget,Yes,Lucknow
19358,Female,18-25,Business,Yes,Mumbai
19359,Female,18-25,Business,No,Hyderabad
19360,Female,46-60,Regular,No,Hyderabad
19361,Female,60+,Premium,Yes,Surat
19362,Female,26-35,Premium,Yes,Chennai
19363,Male,60+,Budget,Yes,Jaipur
19364,Female,18-25,Budget,Yes,Chennai
19365,Male,26-35,Regular,No,Hyderabad
19366,Female,26-35,Regular,Yes,Surat
19367,Male,36-45,Business,No,Mumbai
19368,Male,18-25,Budget,Yes,Mumbai
19369,Female,60+,Budget,Yes,Chennai
19370,Male,36-45,Budget,Yes,Kochi
19371,Female,36-45,Business,No,Chandigarh
19372,Male,26-35,Premium,No,Jaipur
19373,Female,46-60,Regular,No,Delhi
19374,Female,26-35,Regular,No,Nagpur
19375,Female,18-25,Regular,No,Mumbai
19376,Female,36-45,Regular,No,Pune
19377,Male,26-35,Budget,No,Ahmedabad
19378,Male,26-35,Premium,No,Kochi
19379,Female,46-60,Budget,No,Kochi
19380,Male,18-25,Regular,No,Nagpur
19381,Female,18-25,Regular,Yes,Chandigarh
19382,Male,26-35,Regular,No,Jaipur
19383,Female,46-60,Budget,Yes,Pune
19384,Male,60+,Regular,Yes,Hyderabad
19385,Male,36-45,Premium,No,Pune
19386,Male,46-60,Regular,Yes,Bengaluru
19387,Male,18-25,Premium,Yes,Chennai
19388,Female,36-45,Budget,Yes,Bengaluru
19389,Female,36-45,Regular,Yes,Chandigarh
19390,Male,46-60,Regular,No,Chandigarh
19391,Female,18-25,Business,No,Kochi
19392,Female,26-35,Premium,Yes,Lucknow
19393,Female,46-60,Business,No,Indore
19394,Female,36-45,Regular,Yes,Surat
19395,Male,36-45,Regular,Yes,Surat
19396,Female,18-25,Premium,Yes,Bengaluru
19397,Female,26-35,Regular,No,Chennai
19398,Female,18-25,Premium,Yes,Jaipur
19399,Female,26-35,Regular,No,Delhi
19400,Female,26-35,Budget,No,Nagpur
19401,Female,46-60,Budget,No,Chennai
19402,Female,26-35,Business,No,Chennai
19403,Male,26-35,Regular,No,Mumbai
19404,Male,18-25,Business,No,Nagpur
19405,Female,18-25,Regular,No,Chennai
19406,Female,18-25,Regular,Yes,Mumbai
19407,Female,26-35,Business,Yes,Surat
19408,Male,18-25,Regular,No,Delhi
19409,Female,26-35,Premium,No,Chandigarh
19410,Male,26-35,Budget,No,Mumbai
19411,Female,46-60,Budget,Yes,Chennai
19412,Male,26-35,Budget,No,Mumbai
19413,Male,18-25,Regular,No,Jaipur
19414,Female,60+,Premium,No,Lucknow
19415,Female,46-60,Premium,No,Jaipur
19416,Female,26-35,Regular,Yes,Mumbai
19417,Male,46-60,Regular,Yes,Ahmedabad
19418,Male,18-25,Budget,Yes,Chandigarh
19419,Male,18-25,Regular,Yes,Lucknow
19420,Male,36-45,Regular,No,Bengaluru
19421,Female,26-35,Regular,No,Nagpur
19422,Female,36-45,Budget,Yes,Indore
19423,Male,46-60,Regular,Yes,Bhubaneswar
19424,Female,36-45,Budget,Yes,Surat
19425,Male,18-25,Budget,No,Surat
19426,Female,18-25,Budget,No,Surat
19427,Male,60+,Budget,Yes,Hyderabad
19428,Female,46-60,Budget,No,Bhubaneswar
19429,Female,18-25,Budget,No,Jaipur
19430,Male,46-60,Regular,Yes,Chennai
19431,Male,36-45,Budget,Yes,Bhubaneswar
19432,Male,26-35,Regular,Yes,Mumbai
19433,Male,26-35,Business,No,Delhi
19434,Female,26-35,Regular,No,Bhubaneswar
19435,Male,18-25,Budget,No,Nagpur
19436,Male,26-35,Regular,No,Kochi
19437,Female,46-60,Business,No,Jaipur
19438,Female,18-25,Regular,No,Hyderabad
19439,Female,46-60,Regular,Yes,Indore
19440,Female,36-45,Regular,Yes,Delhi
19441,Male,26-35,Business,No,Delhi
19442,Male,26-35,Budget,Yes,Kochi
19443,Female,18-25,Business,No,Hyderabad
19444,Female,36-45,Premium,No,Hyderabad
19445,Male,26-35,Budget,No,Nagpur
19446,Male,26-35,Budget,Yes,Surat
19447,Male,36-45,Regular,No,Jaipur
19448,Female,26-35,Regular,No,Nagpur
19449,Male,46-60,Regular,No,Indore
19450,Male,36-45,Regular,No,Nagpur
19451,Female,26-35,Business,No,Chandigarh
19452,Female,36-45,Budget,Yes,Kochi
19453,Male,46-60,Premium,No,Chennai
19454,Male,18-25,Regular,No,Surat
19455,Male,46-60,Premium,Yes,Indore
19456,Female,26-35,Regular,No,Jaipur
19457,Male,18-25,Regular,No,Delhi
19458,Female,36-45,Business,No,Bengaluru
19459,Male,36-45,Budget,Yes,Pune
19460,Male,26-35,Regular,No,Surat
19461,Male,18-25,Budget,Yes,Hyderabad
19462,Male,36-45,Premium,No,Kochi
19463,Female,60+,Regular,No,Jaipur
19464,Female,36-45,Premium,Yes,Nagpur
19465,Female,46-60,Regular,Yes,Lucknow
19466,Male,26-35,Premium,No,Delhi
19467,Male,26-35,Business,Yes,Indore
19468,Female,18-25,Regular,Yes,Bengaluru
19469,Female,36-45,Regular,No,Mumbai
19470,Male,26-35,Premium,Yes,Pune
19471,Male,36-45,Premium,Yes,Surat
19472,Male,46-60,Budget,Yes,Chandigarh
19473,Male,46-60,Business,Yes,Chandigarh
19474,Male,46-60,Budget,No,Kochi
19475,Male,36-45,Business,No,Lucknow
19476,Male,26-35,Budget,No,Nagpur
19477,Male,36-45,Regular,Yes,Pune
19478,Male,18-25,Regular,Yes,Lucknow
19479,Female,26-35,Business,Yes,Chennai
19480,Female,36-45,Business,No,Indore
19481,Female,18-25,Regular,Yes,Kochi
19482,Male,60+,Budget,No,Chennai
19483,Female,26-35,Budget,Yes,Mumbai
19484,Female,26-35,Budget,No,Ahmedabad
19485,Male,46-60,Budget,Yes,Jaipur
19486,Female,26-35,Business,No,Delhi
19487,Female,18-25,Regular,Yes,Indore
19488,Male,36-45,Budget,No,Mumbai
19489,Female,36-45,Budget,Yes,Bengaluru
19490,Male,26-35,Regular,Yes,Hyderabad
19491,Female,36-45,Budget,Yes,Delhi
19492,Female,26-35,Business,No,Pune
19493,Female,36-45,Regular,Yes,Indore
19494,Female,46-60,Regular,No,Pune
19495,Female,46-60,Budget,No,Jaipur
19496,Male,46-60,Regular,No,Bhubaneswar
19497,Female,36-45,Regular,Yes,Kochi
19498,Female,18-25,Budget,No,Pune
19499,Male,26-35,Budget,Yes,Lucknow
19500,Male,26-35,Regular,No,Bengaluru
19501,Female,18-25,Regular,No,Lucknow
19502,Male,46-60,Regular,No,Chandigarh
19503,Male,46-60,Premium,No,Bengaluru
19504,Male,46-60,Regular,No,Jaipur
19505,Female,26-35,Regular,No,Delhi
19506,Male,36-45,Regular,Yes,Lucknow
19507,Male,26-35,Premium,No,Pune
19508,Male,36-45,Premium,Yes,Surat
19509,Male,26-35,Budget,No,Jaipur
19510,Male,36-45,Budget,Yes,Delhi
19511,Male,26-35,Premium,No,Ahmedabad
19512,Female,46-60,Business,No,Lucknow
19513,Male,26-35,Budget,Yes,Chandigarh
19514,Male,60+,Budget,Yes,Lucknow
19515,Male,36-45,Budget,No,Bengaluru
19516,Male,46-60,Business,Yes,Chandigarh
19517,Female,18-25,Business,No,Bengaluru
19518,Male,26-35,Regular,Yes,Kochi
19519,Female,36-45,Budget,No,Surat
19520,Female,60+,Regular,No,Jaipur
19521,Male,46-60,Budget,No,Bengaluru
19522,Female,18-25,Budget,Yes,Delhi
19523,Male,18-25,Regular,No,Chandigarh
19524,Male,60+,Premium,Yes,Ahmedabad
19525,Male,18-25,Regular,No,Indore
19526,Male,60+,Premium,Yes,Kochi
19527,Male,46-60,Premium,No,Chennai
19528,Female,46-60,Premium,No,Chandigarh
19529,Male,26-35,Budget,No,Delhi
19530,Male,26-35,Premium,No,Lucknow
19531,Male,26-35,Budget,No,Jaipur
19532,Male,46-60,Budget,Yes,Mumbai
19533,Male,26-35,Premium,Yes,Kochi
19534,Male,26-35,Budget,No,Delhi
19535,Female,18-25,Regular,No,Mumbai
19536,Female,18-25,Budget,No,Indore
19537,Male,26-35,Budget,Yes,Bengaluru
19538,Female,36-45,Regular,Yes,Pune
19539,Male,46-60,Business,No,Hyderabad
19540,Female,36-45,Budget,Yes,Kochi
19541,Male,26-35,Budget,No,Ahmedabad
19542,Female,18-25,Budget,No,Pune
19543,Male,18-25,Regular,No,Jaipur
19544,Female,26-35,Business,No,Pune
19545,Male,46-60,Premium,Yes,Delhi
19546,Female,18-25,Budget,Yes,Lucknow
19547,Female,46-60,Regular,Yes,Indore
19548,Female,26-35,Regular,No,Delhi
19549,Female,26-35,Business,No,Kochi
19550,Male,60+,Budget,No,Pune
19551,Male,36-45,Budget,Yes,Jaipur
19552,Female,26-35,Budget,Yes,Indore
19553,Female,26-35,Budget,Yes,Mumbai
19554,Female,36-45,Regular,No,Delhi
19555,Male,36-45,Business,Yes,Chandigarh
19556,Male,26-35,Regular,Yes,Hyderabad
19557,Female,36-45,Budget,No,Pune
19558,Male,60+,Premium,No,Chandigarh
19559,Female,26-35,Budget,Yes,Pune
19560,Male,26-35,Regular,No,Ahmedabad
19561,Female,18-25,Regular,Yes,Mumbai
19562,Male,46-60,Regular,No,Ahmedabad
19563,Female,26-35,Regular,No,Lucknow
19564,Male,36-45,Business,No,Indore
19565,Male,46-60,Budget,No,Bengaluru
19566,Female,26-35,Budget,No,Bhubaneswar
19567,Female,36-45,Business,Yes,Jaipur
19568,Male,46-60,Regular,Yes,Surat
19569,Male,26-35,Regular,No,Surat
19570,Male,36-45,Regular,No,Chandigarh
19571,Female,26-35,Premium,Yes,Pune
19572,Male,18-25,Regular,Yes,Kochi
19573,Male,36-45,Budget,Yes,Indore
19574,Female,18-25,Regular,Yes,Delhi
19575,Female,46-60,Budget,Yes,Delhi
19576,Male,26-35,Regular,No,Chandigarh
19577,Male,18-25,Regular,No,Mumbai
19578,Male,26-35,Premium,Yes,Jaipur
19579,Female,26-35,Regular,Yes,Ahmedabad
19580,Female,26-35,Budget,No,Indore
19581,Female,18-25,Premium,No,Delhi
19582,Female,26-35,Budget,Yes,Ahmedabad
19583,Male,46-60,Budget,No,Surat
19584,Male,46-60,Regular,No,Ahmedabad
19585,Female,26-35,Budget,No,Pune
19586,Female,26-35,Premium,No,Jaipur
19587,Female,26-35,Business,Yes,Mumbai
19588,Male,36-45,Budget,No,Bengaluru
19589,Female,46-60,Business,No,Delhi
19590,Male,46-60,Premium,Yes,Indore
19591,Male,46-60,Budget,Yes,Kochi
19592,Female,18-25,Regular,No,Jaipur
19593,Male,18-25,Budget,No,Bhubaneswar
19594,Male,26-35,Budget,Yes,Ahmedabad
19595,Male,60+,Premium,No,Kochi
19596,Female,26-35,Regular,Yes,Surat
19597,Female,36-45,Regular,Yes,Delhi
19598,Male,26-35,Budget,Yes,Jaipur
19599,Female,18-25,Regular,No,Hyderabad
19600,Male,36-45,Budget,No,Bengaluru
19601,Female,18-25,Premium,No,Ahmedabad
19602,Female,60+,Regular,No,Bengaluru
19603,Female,26-35,Premium,Yes,Hyderabad
19604,Male,26-35,Regular,Yes,Surat
19605,Female,26-35,Budget,Yes,Nagpur
19606,Female,60+,Regular,No,Indore
19607,Female,26-35,Budget,No,Hyderabad
19608,Male,26-35,Premium,Yes,Chandigarh
19609,Female,36-45,Budget,Yes,Lucknow
19610,Female,46-60,Budget,Yes,Indore
19611,Male,46-60,Regular,Yes,Chandigarh
19612,Female,18-25,Budget,Yes,Indore
19613,Female,26-35,Regular,Yes,Jaipur
19614,Male,36-45,Regular,No,Surat
19615,Female,36-45,Regular,No,Pune
19616,Female,18-25,Regular,No,Nagpur
19617,Male,26-35,Regular,Yes,Bhubaneswar
19618,Female,18-25,Premium,Yes,Ahmedabad
19619,Male,26-35,Budget,Yes,Chandigarh
19620,Male,26-35,Premium,No,Lucknow
19621,Female,36-45,Budget,Yes,Delhi
19622,Female,26-35,Regular,No,Hyderabad
19623,Male,46-60,Budget,No,Pune
19624,Male,26-35,Premium,No,Pune
19625,Male,26-35,Regular,Yes,Surat
19626,Female,26-35,Business,No,Pune
19627,Male,46-60,Premium,No,Mumbai
19628,Female,36-45,Regular,Yes,Nagpur
19629,Female,26-35,Regular,No,Bengaluru
19630,Male,46-60,Business,Yes,Hyderabad
19631,Female,18-25,Premium,Yes,Hyderabad
19632,Male,60+,Budget,Yes,Chennai
19633,Female,26-35,Regular,No,Indore
19634,Female,36-45,Regular,No,Nagpur
19635,Female,36-45,Premium,No,Delhi
19636,Male,36-45,Regular,Yes,Delhi
19637,Male,46-60,Premium,No,Nagpur
19638,Female,26-35,Premium,No,Bhubaneswar
19639,Male,36-45,Regular,Yes,Kochi
19640,Female,36-45,Budget,Yes,Pune
19641,Female,26-35,Premium,No,Nagpur
19642,Female,36-45,Budget,No,Delhi
19643,Female,36-45,Business,Yes,Delhi
19644,Female,60+,Budget,Yes,Pune
19645,Male,26-35,Budget,No,Ahmedabad
19646,Male,26-35,Premium,Yes,Hyderabad
19647,Female,46-60,Business,No,Hyderabad
19648,Male,36-45,Regular,No,Ahmedabad
19649,Female,36-45,Regular,No,Mumbai
19650,Male,18-25,Budget,No,Delhi
19651,Male,18-25,Regular,No,Hyderabad
19652,Female,18-25,Budget,Yes,Pune
19653,Female,46-60,Regular,No,Lucknow
19654,Male,36-45,Budget,No,Bengaluru
19655,Male,18-25,Budget,No,Hyderabad
19656,Female,36-45,Regular,Yes,Chandigarh
19657,Male,18-25,Regular,No,Bengaluru
19658,Male,36-45,Regular,No,Kochi
19659,Male,26-35,Regular,No,Lucknow
19660,Female,26-35,Regular,Yes,Jaipur
19661,Male,26-35,Regular,Yes,Ahmedabad
19662,Female,26-35,Budget,Yes,Mumbai
19663,Female,46-60,Premium,No,Lucknow
19664,Male,18-25,Regular,Yes,Kochi
19665,Male,26-35,Budget,Yes,Chennai
19666,Male,26-35,Premium,Yes,Lucknow
19667,Female,26-35,Premium,Yes,Jaipur
19668,Male,26-35,Regular,No,Nagpur
19669,Male,46-60,Budget,No,Indore
19670,Male,18-25,Budget,No,Mumbai
19671,Female,26-35,Premium,Yes,Kochi
19672,Female,46-60,Budget,No,Nagpur
19673,Female,26-35,Regular,Yes,Bhubaneswar
19674,Female,26-35,Regular,Yes,Lucknow
19675,Female,26-35,Budget,No,Kochi
19676,Female,26-35,Premium,No,Chandigarh
19677,Female,36-45,Budget,Yes,Kochi
19678,Male,18-25,Regular,No,Bengaluru
19679,Female,18-25,Business,No,Pune
19680,Female,36-45,Regular,Yes,Lucknow
19681,Male,18-25,Business,Yes,Mumbai
19682,Male,26-35,Regular,Yes,Kochi
19683,Female,46-60,Regular,No,Surat
19684,Female,26-35,Regular,No,Bhubaneswar
19685,Male,18-25,Regular,No,Hyderabad
19686,Female,46-60,Premium,Yes,Hyderabad
19687,Female,46-60,Premium,No,Mumbai
19688,Male,60+,Business,No,Jaipur
19689,Female,18-25,Regular,Yes,Bhubaneswar
19690,Male,36-45,Premium,Yes,Surat
19691,Female,26-35,Regular,No,Bhubaneswar
19692,Female,26-35,Budget,No,Bhubaneswar
19693,Male,36-45,Budget,No,Bhubaneswar
19694,Male,26-35,Regular,No,Jaipur
19695,Male,18-25,Budget,Yes,Lucknow
19696,Male,46-60,Business,No,Bengaluru
19697,Male,36-45,Premium,No,Delhi
19698,Female,36-45,Regular,No,Hyderabad
19699,Female,26-35,Budget,No,Chandigarh
19700,Male,18-25,Budget,No,Hyderabad
19701,Male,46-60,Regular,Yes,Ahmedabad
19702,Male,18-25,Regular,Yes,Indore
19703,Female,36-45,Premium,No,Bhubaneswar
19704,Female,18-25,Business,No,Pune
19705,Female,36-45,Business,Yes,Chennai
19706,Male,18-25,Regular,No,Chandigarh
19707,Male,36-45,Premium,No,Bengaluru
19708,Female,26-35,Budget,No,Jaipur
19709,Female,36-45,Budget,Yes,Pune
19710,Male,46-60,Business,No,Bhubaneswar
19711,Female,26-35,Premium,Yes,Delhi
19712,Male,36-45,Budget,No,Pune
19713,Male,36-45,Business,Yes,Surat
19714,Male,26-35,Regular,Yes,Bengaluru
19715,Male,36-45,Regular,No,Chandigarh
19716,Male,26-35,Business,Yes,Ahmedabad
19717,Male,46-60,Regular,No,Chandigarh
19718,Male,26-35,Regular,Yes,Chandigarh
19719,Male,36-45,Regular,No,Bhubaneswar
19720,Female,18-25,Budget,No,Lucknow
19721,Female,46-60,Budget,No,Delhi
19722,Male,26-35,Budget,Yes,Indore
19723,Male,46-60,Premium,No,Nagpur
19724,Female,46-60,Budget,No,Kochi
19725,Female,18-25,Premium,No,Pune
19726,Female,26-35,Regular,No,Kochi
19727,Male,36-45,Regular,No,Indore
19728,Male,46-60,Budget,No,Mumbai
19729,Female,46-60,Budget,Yes,Pune
19730,Male,26-35,Premium,No,Lucknow
19731,Male,26-35,Budget,No,Jaipur
19732,Female,26-35,Premium,No,Bengaluru
19733,Female,26-35,Business,No,Ahmedabad
19734,Female,26-35,Budget,Yes,Indore
19735,Male,46-60,Premium,No,Indore
19736,Female,26-35,Budget,Yes,Ahmedabad
19737,Female,36-45,Regular,Yes,Delhi
19738,Male,36-45,Regular,No,Surat
19739,Male,18-25,Budget,No,Mumbai
19740,Male,18-25,Budget,No,Hyderabad
19741,Female,26-35,Business,No,Mumbai
19742,Male,18-25,Budget,No,Delhi
19743,Female,36-45,Premium,No,Surat
19744,Female,18-25,Budget,No,Chennai
19745,Male,26-35,Regular,No,Chennai
19746,Male,26-35,Premium,No,Chandigarh
19747,Female,46-60,Budget,Yes,Bhubaneswar
19748,Female,26-35,Premium,No,Indore
19749,Female,36-45,Regular,No,Chennai
19750,Male,36-45,Regular,No,Jaipur
19751,Male,18-25,Budget,Yes,Hyderabad
19752,Female,26-35,Regular,No,Chennai
19753,Male,26-35,Business,No,Surat
19754,Male,26-35,Premium,No,Indore
19755,Male,26-35,Budget,No,Pune
19756,Male,46-60,Regular,Yes,Nagpur
19757,Male,36-45,Budget,Yes,Chennai
19758,Female,26-35,Premium,Yes,Chandigarh
19759,Male,46-60,Regular,No,Surat
19760,Female,18-25,Regular,No,Bengaluru
19761,Male,26-35,Premium,No,Hyderabad
19762,Female,36-45,Budget,No,Bengaluru
19763,Male,18-25,Premium,Yes,Jaipur
19764,Female,18-25,Premium,No,Bhubaneswar
19765,Male,36-45,Regular,Yes,Chennai
19766,Female,36-45,Premium,No,Lucknow
19767,Female,18-25,Premium,Yes,Nagpur
19768,Male,26-35,Regular,Yes,Bengaluru
19769,Female,36-45,Budget,No,Delhi
19770,Male,18-25,Budget,No,Kochi
19771,Male,46-60,Regular,Yes,Mumbai
19772,Female,18-25,Regular,No,Surat
19773,Female,36-45,Regular,No,Chandigarh
19774,Male,46-60,Budget,No,Chandigarh
19775,Male,36-45,Regular,Yes,Bhubaneswar
19776,Female,18-25,Budget,No,Lucknow
19777,Male,18-25,Budget,Yes,Bengaluru
19778,Female,26-35,Regular,No,Indore
19779,Female,26-35,Budget,No,Lucknow
19780,Female,26-35,Premium,Yes,Nagpur
19781,Male,46-60,Premium,No,Kochi
19782,Female,18-25,Budget,Yes,Surat
19783,Male,26-35,Budget,Yes,Kochi
19784,Female,26-35,Regular,Yes,Kochi
19785,Female,46-60,Business,No,Kochi
19786,Male,26-35,Premium,Yes,Pune
19787,Male,46-60,Regular,Yes,Mumbai
19788,Female,26-35,Regular,Yes,Delhi
19789,Female,36-45,Premium,No,Bengaluru
19790,Male,26-35,Premium,No,Ahmedabad
19791,Male,26-35,Regular,No,Indore
19792,Female,18-25,Regular,Yes,Jaipur
19793,Male,36-45,Budget,No,Jaipur
19794,Female,18-25,Budget,Yes,Hyderabad
19795,Male,18-25,Regular,Yes,Ahmedabad
19796,Male,18-25,Regular,Yes,Chandigarh
19797,Male,46-60,Regular,No,Chandigarh
19798,Female,36-45,Regular,Yes,Delhi
19799,Male,26-35,Regular,No,Lucknow
19800,Female,46-60,Regular,No,Delhi
19801,Male,18-25,Budget,No,Chandigarh
19802,Male,26-35,Budget,Yes,Delhi
19803,Male,36-45,Regular,No,Chennai
19804,Female,36-45,Premium,Yes,Mumbai
19805,Female,18-25,Regular,No,Kochi
19806,Male,18-25,Budget,No,Kochi
19807,Male,18-25,Budget,No,Mumbai
19808,Male,26-35,Budget,Yes,Bhubaneswar
19809,Male,18-25,Regular,No,Ahmedabad
19810,Female,18-25,Budget,No,Delhi
19811,Female,36-45,Regular,No,Pune
19812,Male,36-45,Budget,Yes,Delhi
19813,Male,46-60,Budget,Yes,Indore
19814,Male,26-35,Regular,Yes,Surat
19815,Female,36-45,Premium,No,Chennai
19816,Female,60+,Budget,Yes,Mumbai
19817,Male,18-25,Regular,No,Kochi
19818,Female,18-25,Regular,No,Hyderabad
19819,Male,46-60,Premium,Yes,Ahmedabad
19820,Male,36-45,Regular,No,Bhubaneswar
19821,Female,36-45,Budget,No,Indore
19822,Male,36-45,Budget,Yes,Pune
19823,Female,18-25,Budget,No,Surat
19824,Male,26-35,Budget,No,Indore
19825,Female,18-25,Premium,No,Ahmedabad
19826,Male,26-35,Regular,Yes,Bengaluru
19827,Male,26-35,Regular,No,Ahmedabad
19828,Female,46-60,Premium,No,Jaipur
19829,Male,46-60,Budget,No,Lucknow
19830,Male,18-25,Regular,No,Delhi
19831,Male,36-45,Regular,No,Nagpur
19832,Female,36-45,Budget,Yes,Delhi
19833,Male,26-35,Premium,No,Mumbai
19834,Male,36-45,Regular,Yes,Bengaluru
19835,Male,36-45,Budget,No,Ahmedabad
19836,Male,60+,Regular,No,Hyderabad
19837,Female,36-45,Budget,No,Nagpur
19838,Female,36-45,Regular,No,Delhi
19839,Female,36-45,Budget,No,Ahmedabad
19840,Male,26-35,Regular,No,Pune
19841,Male,26-35,Premium,No,Indore
19842,Female,26-35,Regular,No,Nagpur
19843,Female,26-35,Regular,Yes,Chandigarh
19844,Male,18-25,Regular,Yes,Bengaluru
19845,Female,26-35,Business,No,Bengaluru
19846,Female,26-35,Premium,Yes,Bengaluru
19847,Female,18-25,Budget,No,Kochi
19848,Male,18-25,Budget,Yes,Surat
19849,Male,26-35,Business,No,Bengaluru
19850,Female,18-25,Business,No,Bhubaneswar
19851,Male,26-35,Regular,No,Jaipur
19852,Female,36-45,Budget,Yes,Lucknow
19853,Male,36-45,Budget,Yes,Bengaluru
19854,Male,18-25,Budget,No,Chandigarh
19855,Male,36-45,Budget,Yes,Chennai
19856,Female,26-35,Regular,Yes,Bhubaneswar
19857,Female,26-35,Business,No,Kochi
19858,Female,26-35,Regular,Yes,Bengaluru
19859,Male,36-45,Budget,Yes,Jaipur
19860,Male,36-45,Premium,No,Chennai
19861,Female,18-25,Budget,No,Lucknow
19862,Male,26-35,Budget,Yes,Jaipur
19863,Male,46-60,Premium,Yes,Mumbai
19864,Male,26-35,Budget,No,Indore
19865,Male,18-25,Regular,No,Jaipur
19866,Male,26-35,Budget,Yes,Nagpur
19867,Female,46-60,Budget,No,Jaipur
19868,Male,26-35,Regular,Yes,Chandigarh
19869,Female,18-25,Regular,Yes,Bhubaneswar
19870,Male,26-35,Budget,No,Bengaluru
19871,Male,36-45,Budget,Yes,Hyderabad
19872,Female,18-25,Regular,Yes,Chandigarh
19873,Male,26-35,Budget,Yes,Pune
19874,Male,36-45,Budget,No,Bengaluru
19875,Male,36-45,Premium,Yes,Hyderabad
19876,Male,36-45,Premium,Yes,Chandigarh
19877,Female,26-35,Regular,No,Nagpur
19878,Female,36-45,Budget,Yes,Nagpur
19879,Male,60+,Regular,Yes,Chandigarh
19880,Male,46-60,Premium,No,Jaipur
19881,Male,26-35,Budget,Yes,Chennai
19882,Female,26-35,Regular,No,Delhi
19883,Female,18-25,Regular,No,Chennai
19884,Female,46-60,Regular,No,Chennai
19885,Male,26-35,Regular,No,Bengaluru
19886,Female,26-35,Business,No,Jaipur
19887,Male,18-25,Regular,Yes,Mumbai
19888,Female,36-45,Regular,No,Bhubaneswar
19889,Female,26-35,Budget,No,Chandigarh
19890,Female,36-45,Regular,No,Ahmedabad
19891,Female,26-35,Regular,No,Mumbai
19892,Male,36-45,Business,No,Bhubaneswar
19893,Male,26-35,Regular,No,Indore
19894,Male,18-25,Budget,Yes,Chandigarh
19895,Female,46-60,Premium,No,Pune
19896,Male,18-25,Regular,No,Bengaluru
19897,Female,18-25,Premium,Yes,Indore
19898,Male,26-35,Regular,Yes,Jaipur
19899,Male,18-25,Regular,Yes,Hyderabad
19900,Female,36-45,Regular,Yes,Bengaluru
19901,Male,60+,Budget,No,Hyderabad
19902,Male,60+,Business,Yes,Jaipur
19903,Female,26-35,Premium,Yes,Jaipur
19904,Male,18-25,Regular,Yes,Delhi
19905,Female,18-25,Budget,Yes,Lucknow
19906,Male,18-25,Business,No,Jaipur
19907,Female,18-25,Budget,Yes,Kochi
19908,Female,26-35,Premium,No,Chandigarh
19909,Female,26-35,Regular,No,Bengaluru
19910,Male,26-35,Premium,Yes,Kochi
19911,Male,46-60,Regular,Yes,Kochi
19912,Female,18-25,Regular,No,Bhubaneswar
19913,Male,36-45,Budget,Yes,Jaipur
19914,Male,36-45,Premium,Yes,Mumbai
19915,Female,26-35,Budget,No,Surat
19916,Male,18-25,Budget,Yes,Jaipur
19917,Male,36-45,Budget,No,Bengaluru
19918,Male,60+,Budget,Yes,Bhubaneswar
19919,Female,26-35,Budget,Yes,Kochi
19920,Male,26-35,Budget,Yes,Lucknow
19921,Female,46-60,Budget,No,Delhi
19922,Male,26-35,Regular,No,Hyderabad
19923,Male,26-35,Budget,Yes,Pune
19924,Female,36-45,Budget,Yes,Pune
19925,Female,36-45,Business,No,Surat
19926,Male,60+,Budget,No,Jaipur
19927,Male,18-25,Regular,Yes,Hyderabad
19928,Female,18-25,Premium,No,Bhubaneswar
19929,Female,36-45,Budget,No,Pune
19930,Male,18-25,Regular,Yes,Ahmedabad
19931,Female,46-60,Budget,No,Chennai
19932,Female,18-25,Regular,No,Jaipur
19933,Female,26-35,Regular,Yes,Pune
19934,Female,36-45,Regular,Yes,Bengaluru
19935,Female,46-60,Regular,No,Mumbai
19936,Male,36-45,Budget,Yes,Lucknow
19937,Female,18-25,Budget,No,Nagpur
19938,Male,36-45,Regular,Yes,Delhi
19939,Female,26-35,Budget,No,Surat
19940,Female,26-35,Budget,Yes,Kochi
19941,Female,26-35,Regular,Yes,Bengaluru
19942,Male,18-25,Budget,No,Bhubaneswar
19943,Female,26-35,Regular,Yes,Ahmedabad
19944,Male,36-45,Regular,No,Surat
19945,Female,26-35,Regular,No,Delhi
19946,Male,36-45,Budget,No,Bengaluru
19947,Male,18-25,Budget,Yes,Indore
19948,Female,36-45,Business,No,Mumbai
19949,Female,46-60,Regular,Yes,Chandigarh
19950,Male,36-45,Regular,No,Kochi
19951,Male,36-45,Regular,Yes,Mumbai
19952,Male,26-35,Regular,No,Mumbai
19953,Female,26-35,Regular,No,Indore
19954,Female,18-25,Regular,Yes,Indore
19955,Male,60+,Regular,No,Kochi
19956,Female,36-45,Regular,No,Ahmedabad
19957,Female,46-60,Budget,No,Ahmedabad
19958,Male,26-35,Premium,No,Chandigarh
19959,Male,36-45,Premium,No,Jaipur
19960,Female,36-45,Business,Yes,Kochi
19961,Male,46-60,Regular,Yes,Chennai
19962,Male,36-45,Premium,No,Hyderabad
19963,Male,36-45,Business,Yes,Indore
19964,Female,26-35,Regular,No,Indore
19965,Male,46-60,Budget,No,Surat
19966,Female,46-60,Business,Yes,Lucknow
19967,Male,26-35,Premium,No,Delhi
19968,Female,26-35,Business,No,Bhubaneswar
19969,Male,26-35,Regular,Yes,Bhubaneswar
19970,Female,18-25,Budget,Yes,Lucknow
19971,Male,26-35,Regular,Yes,Bhubaneswar
19972,Male,26-35,Business,Yes,Nagpur
19973,Male,18-25,Budget,No,Jaipur
19974,Female,26-35,Budget,No,Bhubaneswar
19975,Female,26-35,Budget,Yes,Kochi
19976,Female,46-60,Business,No,Chennai
19977,Female,26-35,Regular,No,Chandigarh
19978,Male,26-35,Regular,No,Kochi
19979,Male,36-45,Budget,No,Delhi
19980,Female,26-35,Budget,Yes,Bhubaneswar
19981,Male,46-60,Budget,No,Kochi
19982,Female,46-60,Premium,Yes,Chandigarh
19983,Male,18-25,Business,No,Surat
19984,Female,18-25,Premium,Yes,Delhi
19985,Female,26-35,Budget,Yes,Bhubaneswar
19986,Female,26-35,Regular,Yes,Indore
19987,Male,60+,Budget,Yes,Bengaluru
19988,Female,36-45,Regular,No,Hyderabad
19989,Female,46-60,Budget,Yes,Nagpur
19990,Female,18-25,Premium,Yes,Ahmedabad
19991,Male,36-45,Budget,No,Chennai
19992,Female,18-25,Premium,No,Hyderabad
19993,Female,26-35,Premium,No,Bhubaneswar
19994,Male,60+,Regular,Yes,Hyderabad
19995,Male,36-45,Regular,Yes,Bhubaneswar
19996,Female,36-45,Premium,No,Delhi
19997,Male,60+,Budget,No,Surat
19998,Male,26-35,Regular,No,Mumbai
19999,Male,26-35,Regular,No,Hyderabad
20000,Female,36-45,Budget,No,Chennai
